,Season,Year,RSCI,First Name,Last Name,Conference,G,GS,MP,PER,TS%,eFG%,3PAr,FTr,PProd,ORB%,DRB%,TRB%,AST%,STL%,BLK%,TOV%,USG%,AST/TO%,OWS,DWS,WS,WS/40,WS/40 * BPM,OBPM,DBPM,BPM,FT%,3PT%,3PT Confidence,FG% on 2PT Jumpers,% 2PT Jumpers Assisted,Shooting%,FG% at Rim,% at Rim Assisted,Finishing%,Offensive Self Creation,NBA MPG,NBA WSP48,NBA BPM,NBA VORP,NBA PLUSMINUS
0,2019-20,1,1,James,Wiseman,AAC,3,3,69,52.7,0.76,0.769,0.038,1.038,48,21.8,26.5,24.4,4.4,0.8,13.6,7.2,29.1,0.33,0.5,0.2,0.7,0.434,7.0308,10.6,5.6,16.2,70.4,0.0,0.0,44.4,99.0,0.31,89.5,70.6,12.75,0.96,,,,,
1,2019-20,1,4,Vernon,Carey,ACC,31,30,772,34.1,0.615,0.588,0.061,0.632,499,12.0,26.1,19.2,8.2,1.6,5.8,12.3,31.0,0.48,3.6,2.0,5.6,0.28800000000000003,2.8224,5.6,4.1,9.8,67.0,38.0,2.318,39.7,67.7,9.75,65.0,60.6,12.41,10.03,,,,,
2,2019-20,1,19,Onyeka,Okongwu,Pac-12,28,28,858,31.1,0.645,0.618,0.013999999999999999,0.504,418,12.4,18.4,15.5,8.4,2.3,9.8,13.7,23.6,0.54,3.2,2.1,5.4,0.251,3.4136,5.6,8.0,13.6,72.0,25.0,0.35,41.5,46.2,16.25,72.6,54.1,16.14,20.75,,,,,
3,2019-20,1,12,Precious,Achiuwa,AAC,31,31,943,23.3,0.534,0.511,0.10800000000000001,0.507,460,11.4,24.6,18.6,7.5,2.0,6.4,16.0,27.7,0.34,1.5,2.9,4.4,0.187,1.0472,-0.3,5.9,5.6,59.9,32.5,3.51,21.4,19.0,12.14,61.4,59.5,12.05,11.65,,,,,
4,2019-20,1,6,Isaiah,Stewart,Pac-12,32,32,1031,26.9,0.629,0.5770000000000001,0.059000000000000004,0.591,510,10.7,19.5,15.5,6.3,0.9,7.0,14.1,24.5,0.38,3.7,2.0,5.7,0.222,1.7982,4.0,4.0,8.1,77.4,25.0,1.475,42.7,58.5,14.45,69.4,59.7,13.55,15.44,,,,,
5,2019-20,1,34,Zeke,Nnaji,Pac-12,32,32,981,25.7,0.63,0.578,0.054000000000000006,0.637,482,11.5,20.3,15.9,5.8,1.3,3.3,14.6,24.1,0.39,3.5,2.1,5.6,0.22899999999999998,1.8778,4.5,3.8,8.2,76.0,29.4,1.5876,45.4,77.6,8.52,66.1,60.0,12.81,8.97,,,,,
6,2019-20,2,19,Jalen,Smith,Big Ten,31,31,970,29.3,0.626,0.59,0.27899999999999997,0.474,444,11.5,25.6,18.6,6.0,1.3,8.2,12.2,22.8,0.47,3.6,2.4,6.0,0.249,3.0627,5.8,6.5,12.3,75.0,36.8,10.2672,32.8,45.5,18.54,72.2,59.6,14.13,20.59,,,,,
7,2019-20,2,52,Daniel,Oturu,Big Ten,31,31,1050,30.7,0.612,0.585,0.12300000000000001,0.428,562,12.0,23.3,17.8,7.9,1.0,7.1,14.7,28.8,0.39,3.7,2.2,5.9,0.226,2.3052,5.2,5.0,10.2,70.7,36.5,4.4895,34.0,38.9,16.93,71.8,47.2,18.37,24.11,,,,,
8,2019-20,3,17,Nick,Richards,SEC,31,30,919,25.8,0.674,0.642,0.0,0.5710000000000001,394,11.3,18.6,15.3,1.7,0.2,8.0,13.2,20.7,0.14,3.4,1.6,5.1,0.222,1.665,4.1,3.5,7.5,75.2,0.0,0.0,42.0,68.0,10.11,83.7,72.6,11.11,8.7,,,,,
9,2019-20,4,29,Udoka,Azubuike,Big 12,31,30,859,31.3,0.685,0.748,0.0,0.599,397,15.3,26.9,21.5,7.1,1.0,10.9,19.6,22.9,0.38,2.9,2.6,5.5,0.254,3.6322,5.6,8.7,14.3,44.1,0.0,0.0,50.7,43.2,12.7,85.2,70.8,12.05,12.24,,,,,
10,2018-19,2,14,PJ,Washington,SEC,35,33,1024,26.0,0.5920000000000001,0.5670000000000001,0.214,0.489,508,10.0,19.9,15.3,13.1,1.7,4.8,13.3,25.8,0.91,3.5,2.2,5.7,0.223,2.5645,6.1,5.4,11.5,66.3,42.3,9.0522,44.8,40.6,22.17,66.7,54.5,14.7,26.26,30.3,0.054000000000000006,-1.6,0.2,0.6
11,2018-19,4,354,Brandon,Clarke,WCC,37,36,1040,37.2,0.6990000000000001,0.693,0.04,0.42,603,13.9,19.6,17.1,12.3,2.3,11.3,11.3,23.9,1.23,5.5,3.2,8.8,0.337,6.3693,8.9,10.0,18.9,69.4,26.7,1.068,52.8,44.6,20.83,79.7,54.8,17.45,29.72,21.7,0.192,3.5,1.5,2.7
12,2018-19,1,5,Zion,Williamson,ACC,33,33,990,40.8,0.7020000000000001,0.708,0.163,0.467,663,12.7,18.0,15.5,14.9,3.9,5.8,12.8,28.6,0.87,5.5,2.8,8.3,0.335,6.7,12.8,7.2,20.0,64.0,33.8,5.5094,47.1,33.3,22.86,79.2,44.4,21.33,38.31,29.7,0.149,2.4,0.6,13.6
13,2018-19,1,126,Jaxson,Hayes,Big 12,32,21,747,27.0,0.7390000000000001,0.728,0.0,0.5920000000000001,280,8.7,16.3,12.5,2.6,1.5,10.6,11.8,17.2,0.31,2.8,1.5,4.3,0.23,2.783,4.8,7.3,12.1,74.0,0.0,0.0,38.8,36.8,18.15,86.7,80.8,8.06,11.59,17.0,0.17600000000000002,0.1,0.5,-2.4
14,2018-19,3,207,Grant,Williams,SEC,37,37,1181,30.6,0.6459999999999999,0.5820000000000001,0.111,0.627,686,8.5,17.4,13.3,18.5,2.0,5.4,13.4,26.4,1.41,5.6,2.3,7.9,0.267,3.6045,8.4,5.1,13.5,81.9,32.6,3.6186,52.3,51.5,22.58,72.3,59.8,14.08,26.66,15.6,0.075,-2.6,-0.1,2.9
15,2017-18,1,1,Marvin,Bagley,ACC,33,32,1114,30.6,0.643,0.64,0.132,0.475,630,13.8,21.5,17.9,8.8,1.4,2.6,12.2,26.3,0.67,4.8,2.1,6.9,0.249,2.6643,7.7,3.0,10.7,62.7,39.7,5.2404,41.2,46.3,16.49,76.9,56.0,16.39,21.61,25.3,0.1,-1.4,0.3,-5.3
16,2017-18,1,4,Mohamed,Bamba,Big 12,30,29,906,28.2,0.593,0.5670000000000001,0.18899999999999997,0.441,377,12.2,28.2,20.2,3.6,1.5,12.9,12.3,21.3,0.33,2.4,2.4,4.8,0.212,2.3744,2.4,8.8,11.2,68.1,27.5,5.1975,32.2,17.9,20.6,78.8,54.8,17.26,27.33,15.3,0.124,-0.4,0.7,-5.9
17,2017-18,1,3,DeAndre,Ayton,Pac-12,35,35,1172,32.6,0.65,0.625,0.078,0.424,666,13.5,28.2,21.4,10.2,1.0,6.1,11.3,26.6,0.83,5.5,2.1,7.6,0.259,2.8231,6.8,4.1,10.9,73.3,34.3,2.6754,42.9,62.4,13.16,82.1,57.5,16.9,18.34,31.5,0.125,0.3,1.9,1.9
18,2017-18,1,36,Daniel,Gafford,SEC,35,26,790,26.8,0.594,0.605,0.0,0.594,390,11.2,20.0,15.7,6.0,1.3,11.5,9.6,23.9,0.65,2.5,1.3,3.7,0.18899999999999997,1.6632,3.1,5.7,8.8,52.4,0.0,0.0,26.4,31.2,9.52,88.0,65.2,14.84,11.9,14.2,0.146,-1.3,0.1,1.3
19,2017-18,1,9,Jaren,Jackson Jr.,Big Ten,35,34,764,26.9,0.647,0.595,0.414,0.573,347,8.8,19.7,15.0,9.3,1.6,14.3,17.4,23.5,0.63,2.3,2.2,4.6,0.239,3.6806,5.1,10.3,15.4,79.5,44.3,18.3402,40.6,61.5,21.6,65.4,47.1,16.76,28.41,27.0,0.102,0.0,1.5,-3.1
20,2017-18,1,25,Jontay,Porter,SEC,33,7,808,21.7,0.5670000000000001,0.521,0.462,0.4370000000000001,341,7.7,23.2,16.0,19.6,2.1,7.3,18.0,22.5,1.17,1.8,1.9,3.6,0.179,1.9869,3.6,7.5,11.1,75.0,36.4,16.8168,45.5,22.5,34.86,60.0,45.8,15.75,43.52,0.0,0.0,0.0,0.0,0.0
21,2017-18,1,5,Wendell,Carter Jr.,ACC,37,37,993,28.2,0.628,0.591,0.14400000000000002,0.527,501,12.8,23.2,18.4,13.0,1.7,7.6,15.8,22.8,0.99,3.6,2.3,6.0,0.24,3.24,6.0,7.5,13.5,73.8,41.3,5.9472,36.8,42.9,18.48,70.2,62.4,12.79,19.71,27.2,0.105,-2.0,0.0,-1.2
22,2017-18,1,15,Jarred,Vanderbilt,SEC,14,0,238,21.6,0.47600000000000003,0.426,0.015,0.5589999999999999,103,23.1,27.9,25.7,10.7,1.4,5.3,14.8,20.8,0.93,0.5,0.5,1.0,0.172,1.3416,2.6,5.2,7.8,63.2,0.0,0.0,22.6,28.6,10.2,61.1,40.9,17.49,15.24,4.1,0.014,-4.9,-0.1,-9.9
23,2017-18,3,354,Ajdin,Penava,CUSA,34,34,1001,27.5,0.643,0.61,0.285,0.45299999999999996,509,7.5,22.0,15.2,12.6,1.7,11.4,14.0,22.8,0.99,3.1,2.1,5.2,0.209,1.881,2.6,6.5,9.0,75.3,34.0,9.69,42.6,55.2,19.22,73.7,65.1,12.46,19.94,0.0,0.0,0.0,0.0,0.0
24,2017-18,2,64,Robert,Williams,SEC,30,23,769,25.4,0.614,0.632,0.055,0.318,296,10.2,26.8,18.9,10.8,1.8,10.0,17.0,19.0,0.83,1.5,2.0,3.5,0.183,2.1411,2.5,9.2,11.7,47.1,0.0,0.0,40.0,31.2,12.96,83.6,69.2,12.47,13.78,11.0,0.203,2.9,0.7,-8.4
25,2017-18,3,113,Moritz,Wagner,Big Ten,39,39,1078,24.7,0.619,0.605,0.391,0.264,499,6.5,24.8,15.7,6.7,2.1,2.0,10.8,25.9,0.59,3.1,2.6,5.7,0.213,1.7253,4.5,3.6,8.1,69.4,39.4,15.4054,37.7,37.5,24.06,79.0,62.8,14.24,26.88,14.4,0.08199999999999999,-2.6,-0.2,-2.8
26,2017-18,4,159,Ethan,Happ,Big Ten,33,33,1017,29.3,0.5379999999999999,0.529,0.024,0.41700000000000004,604,9.7,24.7,16.9,33.3,3.0,3.8,14.5,34.9,1.31,2.7,1.9,4.6,0.18,2.106,5.3,6.4,11.7,55.0,9.1,0.2184,39.7,34.5,14.41,60.8,37.7,18.35,22.45,0.0,0.0,0.0,0.0,0.0
27,2017-18,1,13,Brandon,McCoy,MWC,33,33,949,25.2,0.59,0.5479999999999999,0.024,0.505,514,12.8,25.2,19.5,3.5,0.9,5.7,15.5,27.5,0.2,2.4,1.6,4.0,0.171,0.1197,-0.1,0.8,0.7,72.5,33.3,0.7992,36.6,73.2,7.51,67.7,67.1,10.79,6.48,0.0,0.0,0.0,0.0,0.0
28,2017-18,2,20,Omari,Spellman,Big East,40,39,1125,20.6,0.588,0.573,0.446,0.20800000000000002,425,9.9,23.1,16.8,4.3,1.3,5.5,9.8,18.3,0.75,2.9,2.2,5.2,0.184,1.564,3.9,4.6,8.5,70.0,43.3,19.3118,42.2,44.7,25.99,59.4,45.6,15.65,32.01,17.8,0.068,-1.5,0.2,-4.0
29,2016-17,2,134,John,Collins,ACC,33,33,878,35.9,0.6579999999999999,0.622,0.003,0.585,579,16.4,25.6,21.1,4.5,1.3,6.6,11.1,29.9,0.28,4.6,1.0,5.6,0.256,2.0224,6.6,1.3,7.9,74.5,0.0,0.0,44.8,60.9,13.05,74.7,68.5,11.4,11.72,28.3,0.158,1.1,3.9,2.8
30,2016-17,1,36,Zach,Collins,WCC,39,0,673,30.9,0.703,0.6759999999999999,0.10099999999999999,0.715,360,12.0,23.2,18.3,4.4,1.5,9.8,17.8,24.8,0.27,2.6,2.4,5.0,0.298,3.427,4.0,7.5,11.5,74.3,47.6,4.8076,55.6,48.0,23.89,70.9,66.0,11.68,21.47,17.0,0.071,-2.5,-0.3,-3.3
31,2016-17,1,18,Jarrett,Allen,Big 12,33,33,1061,20.2,0.5710000000000001,0.5660000000000001,0.022000000000000002,0.47200000000000003,427,10.9,18.9,15.0,5.5,1.0,5.0,17.8,22.6,0.32,1.5,1.7,3.3,0.12300000000000001,0.6765,0.8,4.6,5.5,56.4,0.0,0.0,47.7,42.2,15.55,71.1,57.3,14.71,17.8,24.0,0.17600000000000002,1.1,4.0,-1.2
32,2016-17,2,74,Justin,Patton,Big East,35,34,885,25.3,0.6709999999999999,0.6890000000000001,0.051,0.294,406,8.0,19.0,13.8,8.5,1.9,5.9,15.1,22.0,0.68,2.5,1.8,4.3,0.195,2.0669999999999997,4.4,6.2,10.6,51.7,53.3,2.7183,32.9,37.5,11.99,80.8,72.0,10.96,11.22,5.4,0.014,-5.6,0.0,-19.5
33,2016-17,1,8,Bam,Adebayo,SEC,38,38,1145,22.0,0.624,0.599,0.0,0.831,489,11.2,17.2,14.2,4.7,1.2,4.9,13.9,18.5,0.5,3.3,2.3,5.6,0.196,1.8619999999999999,4.2,5.3,9.5,65.3,0.0,0.0,31.1,65.6,6.99,76.2,71.0,10.71,6.61,25.5,0.16699999999999998,2.0,5.6,2.0
34,2016-17,3,119,Jordan,Bell,Pac-12,39,38,1124,26.3,0.6579999999999999,0.6409999999999999,0.052000000000000005,0.435,446,12.3,22.3,17.6,11.4,2.5,8.4,18.8,18.0,0.93,3.2,3.0,6.2,0.222,3.0192,4.6,9.0,13.6,70.1,21.4,1.1128,49.2,25.8,26.15,71.4,52.6,16.4,34.02,12.0,0.126,0.5,1.2,-2.5
35,2016-17,1,72,Lauri,Markkanen,Pac-12,37,37,1140,25.0,0.635,0.584,0.434,0.436,534,10.0,17.5,14.0,5.6,0.8,1.8,8.1,22.4,0.8,4.9,1.8,6.7,0.235,2.1855,7.8,1.5,9.3,83.5,42.3,18.3582,42.4,26.0,35.38,69.5,50.0,16.84,46.28,30.6,0.08,-0.3,2.2,0.4
36,2016-17,1,17,TJ,Leaf,Pac-12,35,35,1048,26.6,0.66,0.652,0.152,0.278,536,9.0,19.7,14.9,13.2,1.1,3.5,10.8,22.0,1.63,4.2,1.6,5.8,0.22,2.134,6.7,3.0,9.7,67.9,46.6,7.0832,44.5,40.4,21.55,77.4,66.2,12.67,23.74,8.6,0.112,-1.6,0.1,-5.4
37,2015-16,2,97,Domantas,Sabonis,WCC,36,31,1149,29.3,0.654,0.618,0.036000000000000004,0.499,617,11.7,28.2,20.7,11.3,1.1,2.7,16.0,25.6,0.7,4.6,2.8,7.5,0.26,2.34,5.0,4.0,9.0,76.9,35.7,1.2852,47.7,47.9,19.75,71.9,50.9,17.1,26.73,25.6,0.133,0.5,4.6,1.6
38,2015-16,2,354,Jakob,Poeltl,Pac-12,36,36,1093,31.1,0.665,0.6459999999999999,0.0,0.674,597,11.9,22.1,17.4,13.9,1.1,5.0,13.7,25.7,0.95,4.9,1.9,6.8,0.251,2.8112,6.8,4.4,11.2,68.9,0.0,0.0,37.7,45.0,14.29,69.3,56.7,14.54,17.48,16.2,0.171,1.0,3.3,2.3
39,2015-16,2,28,Deyonta,Davis,Big Ten,35,16,650,23.9,0.601,0.598,0.0,0.191,242,13.5,19.0,16.5,7.5,0.8,10.2,12.1,19.2,0.87,1.7,1.6,3.3,0.204,2.2032,3.2,7.5,10.8,60.5,0.0,0.0,41.6,62.5,9.44,71.3,65.5,11.92,10.18,12.1,0.131,-2.1,0.0,-3.1
40,2015-16,2,354,Pascal,Siakam,WAC,34,34,1176,31.5,0.569,0.542,0.028999999999999998,0.396,649,13.4,23.6,18.8,12.0,1.7,6.5,10.0,29.1,0.87,4.4,3.4,7.8,0.265,2.12,3.4,4.6,8.0,67.8,20.0,0.58,43.8,51.9,14.57,73.3,48.2,18.39,21.84,25.9,0.14300000000000002,1.5,6.1,6.8
41,2015-16,1,56,Marquese,Chriss,Pac-12,34,34,848,21.7,0.585,0.561,0.17800000000000002,0.382,428,9.8,11.6,10.7,6.3,1.9,5.8,14.7,24.1,0.38,1.9,1.2,3.1,0.14800000000000002,0.8732,2.8,3.1,5.9,68.2,35.0,6.23,43.9,56.9,16.02,68.5,53.0,15.6,19.5,19.4,0.055,-2.3,-0.3,-4.6
42,2015-16,1,10,Henry,Ellenson,Big East,33,33,1107,20.9,0.534,0.48,0.239,0.439,536,7.8,24.2,16.5,11.0,1.4,4.4,12.9,26.7,0.76,2.0,2.0,4.0,0.14300000000000002,0.5148,0.9,2.7,3.6,74.9,28.8,6.8832,42.7,73.1,12.04,62.8,49.3,15.43,15.45,9.2,0.018000000000000002,-3.8,-0.3,1.4
43,2015-16,1,2,Skal,Labissiere,SEC,36,18,567,18.5,0.54,0.516,0.011000000000000001,0.326,214,7.3,14.6,11.1,3.6,0.9,10.3,13.1,22.1,0.33,0.9,1.1,2.0,0.142,0.7384,-0.4,5.6,5.2,66.1,0.0,0.0,45.9,75.4,7.46,67.3,59.5,13.2,8.05,17.5,0.08199999999999999,-2.3,-0.2,2.2
44,2015-16,1,5,Cheick,Diallo,Big 12,27,1,202,20.5,0.5720000000000001,0.569,0.0,0.466,74,10.5,27.0,19.4,0.9,2.0,11.9,19.4,21.7,0.06,0.2,0.6,0.8,0.159,0.6678,-2.7,6.9,4.2,55.6,0.0,0.0,45.7,56.2,11.13,73.9,76.5,8.41,7.14,12.1,0.139,-1.4,0.3,-6.9
45,2015-16,2,63,Chinanu,Onuaku,ACC,31,29,762,26.4,0.62,0.62,0.005,0.253,314,13.7,25.8,19.8,12.9,1.9,9.6,20.8,20.5,0.8,1.8,2.3,4.2,0.218,3.0302,3.6,10.2,13.9,58.9,0.0,0.0,51.8,35.6,19.65,73.6,66.7,11.87,19.09,12.3,0.043,-5.4,-0.1,-39.8
46,2014-15,1,2,Jahlil,Okafor,ACC,38,38,1143,30.7,0.6409999999999999,0.664,0.0,0.462,609,14.8,18.2,16.6,9.4,1.5,4.5,15.6,27.6,0.52,4.5,2.2,6.7,0.235,2.5615,6.8,4.1,10.9,51.0,0.0,0.0,50.0,38.8,15.61,76.5,53.8,17.12,21.08,20.4,0.069,-2.0,0.0,-10.8
47,2014-15,1,7,Karl,Towns,SEC,39,39,822,31.4,0.627,0.57,0.031,0.523,391,14.2,22.3,18.5,11.6,1.4,11.5,14.2,23.7,0.83,3.5,2.9,6.4,0.311,5.3803,6.5,10.8,17.3,81.3,25.0,0.775,43.1,37.3,22.36,75.7,46.4,19.66,34.63,34.4,0.197,4.8,21.2,5.6
48,2014-15,2,14,Bobby,Portis,SEC,36,36,1076,29.5,0.5820000000000001,0.552,0.064,0.335,578,13.6,20.2,16.8,8.8,2.1,4.8,9.4,26.7,0.75,4.2,1.9,6.1,0.22699999999999998,2.043,5.8,3.1,9.0,73.7,46.7,2.9888,37.6,62.0,12.02,75.4,48.6,18.78,18.43,20.4,0.081,-1.3,1.1,-0.4
49,2014-15,3,28,Willie,Cauley-Stein,SEC,39,38,1012,23.8,0.588,0.5720000000000001,0.0,0.542,344,11.1,17.3,14.5,7.4,2.9,7.1,13.9,17.8,0.79,2.6,3.4,6.0,0.239,3.5133,4.7,10.0,14.7,61.7,0.0,0.0,33.3,35.5,13.25,72.7,69.2,10.85,12.36,23.5,0.119,0.1,4.3,-0.4
50,2014-15,1,13,Trey,Lyles,SEC,36,21,828,19.8,0.5429999999999999,0.496,0.121,0.425,308,9.9,16.1,13.3,9.2,1.4,2.1,12.4,20.8,0.93,2.1,2.3,4.4,0.213,1.8957,3.9,5.1,8.9,73.5,13.8,1.6698,39.2,57.1,13.2,74.4,60.9,14.09,15.81,18.0,0.078,-1.2,1.3,-3.4
51,2014-15,1,5,Myles,Turner,Big 12,34,7,755,25.5,0.556,0.488,0.24100000000000002,0.436,310,7.2,24.9,16.7,6.2,0.8,12.3,13.2,25.1,0.43,1.9,2.1,4.0,0.213,1.8531,1.5,7.3,8.7,83.9,27.4,6.6034,42.7,64.3,16.09,71.7,65.1,12.12,15.49,28.3,0.131,0.6,6.2,1.2
52,2014-15,4,354,Larry,Nance,MWC,31,30,1082,25.3,0.581,0.5329999999999999,0.11699999999999999,0.40299999999999997,472,6.0,21.1,14.1,20.0,2.3,4.3,14.0,28.5,1.09,2.8,2.6,5.4,0.19899999999999998,1.3333,2.4,4.3,6.7,78.6,33.3,3.8961,36.5,63.9,12.3,81.8,63.6,14.43,15.49,23.5,0.132,1.3,6.1,3.7
53,2014-15,4,242,Frank,Kaminsky,Big Ten,39,39,1311,34.4,0.628,0.59,0.207,0.41,691,6.0,25.7,16.1,18.4,1.7,4.5,9.8,28.6,1.63,6.9,2.9,9.8,0.299,4.5747,9.5,5.8,15.3,78.0,41.6,8.6112,45.5,21.2,32.27,70.0,48.6,17.43,45.44,22.2,0.085,-0.6,2.5,-2.2
54,2019-20,1,3,Cole,Anthony,ACC,22,20,768,17.5,0.501,0.451,0.409,0.371,383,1.4,16.4,8.7,24.1,2.1,0.9,15.9,30.0,1.14,1.2,0.9,2.1,0.10800000000000001,0.5292,3.6,1.3,4.9,75.0,34.8,14.2332,33.3,4.4,30.99,53.6,8.1,23.86,57.74,,,,,
55,2019-20,1,10,Tyrese,Maxey,SEC,31,28,1069,16.3,0.531,0.474,0.322,0.342,424,1.4,12.1,7.3,18.7,1.5,1.3,14.1,22.7,1.48,2.1,1.5,3.6,0.134,0.7236,3.1,2.4,5.4,83.3,29.2,9.4024,35.7,10.9,31.2,65.1,16.9,26.21,64.29,,,,,
56,2019-20,1,9,Nico,Mannion,Pac-12,32,32,1032,17.2,0.52,0.465,0.441,0.36200000000000004,472,0.9,7.9,4.4,31.5,2.1,0.0,16.0,24.5,2.06,2.2,1.7,3.9,0.152,0.8512,4.2,1.4,5.6,79.7,32.7,14.4207,39.4,11.5,35.0,54.1,22.5,20.31,57.43,,,,,
57,2019-20,2,196,Tyrese ,Haliburton,Big 12,22,22,807,25.9,0.631,0.611,0.508,0.184,365,4.6,13.7,9.2,35.3,3.8,2.0,18.7,20.1,2.33,2.7,1.0,3.8,0.187,2.2627,9.1,3.1,12.1,82.2,41.9,21.2852,43.3,0.0,46.24,75.0,33.3,24.24,88.72,,,,,
58,2019-20,2,11,Tre,Jones,ACC,29,29,1028,21.2,0.524,0.474,0.282,0.366,513,2.1,10.8,6.5,31.4,2.8,0.9,14.8,24.0,2.37,3.0,2.0,4.9,0.192,1.6512,5.3,3.3,8.6,77.1,36.1,10.1802,38.3,4.8,33.2,54.0,18.0,21.45,58.15,,,,,
59,2019-20,2,23,Devon,Dotson,Big 12,30,30,1047,24.9,0.578,0.517,0.316,0.44,534,2.0,10.7,6.6,22.5,3.5,0.3,13.4,26.4,1.64,3.8,2.4,6.2,0.23800000000000002,2.6894,7.5,3.9,11.3,83.0,30.9,9.7644,24.3,5.9,23.86,64.8,18.1,25.71,49.29,,,,,
60,2019-20,2,45,Kira,Lewis Jr.,SEC,31,31,1167,19.8,0.56,0.521,0.341,0.292,593,2.3,10.6,6.5,27.7,2.5,1.5,17.7,24.3,1.47,2.9,1.2,4.1,0.142,0.852,4.1,1.9,6.0,80.2,36.6,12.4806,34.8,16.1,29.66,57.9,19.3,22.64,53.3,,,,,
61,2019-20,4,354,Malachi,Flynn,MWC,32,32,1070,27.7,0.583,0.532,0.489,0.336,580,2.3,13.3,8.0,30.7,3.2,0.4,10.5,26.8,2.84,4.9,2.5,7.4,0.278,3.3916,8.5,3.7,12.2,85.7,37.3,18.2397,38.4,8.3,39.3,68.2,15.0,28.08,88.45,,,,,
62,2019-20,4,32,Cassius,Winston,Big Ten,30,30,980,23.0,0.585,0.536,0.409,0.327,553,0.7,7.1,4.2,36.5,2.1,0.1,16.8,29.1,1.83,3.5,1.5,5.0,0.204,1.7136,7.5,0.9,8.4,85.2,43.2,17.6688,41.2,26.3,34.7,51.9,16.4,21.02,58.36,,,,,
63,2019-20,4,51,Payton,Pritchard,Pac-12,31,31,1135,27.1,0.601,0.563,0.45899999999999996,0.303,640,2.3,11.5,7.1,31.5,2.5,0.1,13.9,28.2,2.02,5.3,1.4,6.7,0.235,2.5380000000000003,10.0,0.7,10.8,82.1,41.5,19.0485,37.1,13.9,35.75,60.1,13.0,25.33,71.96,,,,,
64,2019-20,4,87,Markus,Howard,Big East,29,29,963,29.2,0.593,0.53,0.524,0.444,730,1.9,9.1,5.7,26.2,1.6,0.1,12.6,39.3,0.97,4.8,1.0,5.8,0.24,2.376,11.4,-1.4,9.9,84.7,41.2,21.5888,41.4,12.7,41.41,46.1,7.5,20.66,66.1,,,,,
65,2019-20,4,96,Myles,Powell,Big East,28,28,883,22.3,0.524,0.479,0.527,0.308,544,3.3,11.2,7.4,21.3,2.2,0.6,12.2,35.6,1.04,2.3,1.3,3.6,0.163,1.0921,6.3,0.5,6.7,79.5,30.6,16.1262,28.4,14.3,27.41,60.1,24.2,22.07,47.45,,,,,
66,2018-19,2,354,Ja,Morant,OVC,33,33,1207,31.6,0.612,0.5529999999999999,0.29600000000000004,0.512,913,3.9,12.7,8.6,51.8,2.7,2.3,20.5,33.3,1.95,5.8,2.4,8.2,0.273,2.7027,7.9,2.0,9.9,81.3,36.3,10.7448,39.1,8.3,34.52,61.0,27.3,21.48,59.51,30.0,0.093,0.4,1.1,2.1
67,2018-19,1,21,Coby,White,ACC,35,35,999,19.2,0.556,0.516,0.523,0.293,538,1.3,11.3,6.4,24.4,2.0,1.3,15.5,26.8,1.54,2.4,1.7,4.1,0.165,1.3365,5.8,2.3,8.1,80.0,35.3,18.4619,34.8,15.4,32.78,67.0,17.9,26.65,68.6,25.8,0.026,-2.8,-0.3,-2.6
68,2018-19,3,106,Carsen,Edwards,Big Ten,36,36,1275,23.2,0.541,0.49,0.541,0.314,787,1.3,10.6,6.0,18.3,2.3,1.0,12.3,37.3,0.92,4.0,1.6,5.6,0.17600000000000002,1.0912,6.5,-0.2,6.2,83.7,35.5,19.2055,36.4,14.6,35.62,49.2,17.0,19.78,54.68,9.0,0.012,-4.9,-0.2,-14.9
69,2018-19,2,34,Nickeil,Alexander-Walker,ACC,34,34,1167,21.9,0.586,0.546,0.387,0.359,543,1.8,13.0,7.6,24.6,3.4,2.3,17.1,26.5,1.39,3.1,2.5,5.5,0.18899999999999997,1.7009999999999998,4.7,4.3,9.0,77.8,37.4,14.4738,40.7,10.8,35.48,61.3,17.9,24.38,67.66,12.2,-0.034,-4.9,-0.4,-5.4
70,2018-19,4,354,Justin,Wright-Foreman,CAA,35,35,1321,28.9,0.637,0.596,0.401,0.319,844,1.2,11.5,6.6,17.4,1.3,0.6,10.9,33.0,1.12,6.3,1.0,7.4,0.223,0.7136,7.0,-3.7,3.2,86.4,42.5,17.0425,48.9,10.5,46.33,68.8,29.2,23.6,84.24,2.0,0.01,-7.0,0.0,97.0
71,2017-18,1,33,Shai,Gilgeous-Alexander,SEC,37,24,1248,21.3,0.579,0.516,0.151,0.462,571,3.2,10.0,6.8,28.8,2.8,1.7,17.7,21.9,1.91,3.3,1.9,5.2,0.168,1.5456,5.6,3.6,9.2,82.2,40.4,6.1004,37.9,3.4,33.14,61.1,13.7,25.55,67.32,30.3,0.097,0.6,2.9,-1.7
72,2017-18,1,7,Collin,Sexton,SEC,33,32,987,23.5,0.5670000000000001,0.498,0.299,0.575,622,4.1,9.8,7.0,27.8,1.6,0.3,14.2,32.9,1.29,3.2,1.2,4.4,0.177,1.1505,6.5,0.0,6.5,77.8,33.6,10.0464,36.4,5.5,31.78,62.2,24.7,22.69,56.66,32.3,0.02,-3.4,-1.7,-5.8
73,2017-18,3,19,Jalen,Brunson,Big East,40,40,1272,26.1,0.635,0.604,0.40700000000000003,0.313,745,1.2,9.7,5.7,26.6,1.7,0.1,10.7,26.4,2.59,6.0,1.7,7.7,0.24100000000000002,2.3377,8.7,0.9,9.7,80.2,40.8,16.6056,51.5,3.4,48.2,70.3,21.6,26.7,101.7,20.1,0.08900000000000001,-1.3,0.5,0.1
74,2017-18,1,21,Trae,Young,Big 12,32,32,1133,28.3,0.586,0.519,0.53,0.444,934,1.3,10.0,5.8,48.5,2.5,0.7,18.3,37.1,1.66,4.7,1.0,5.7,0.201,2.3517,11.2,0.5,11.7,86.1,36.1,19.133,39.8,2.9,42.84,53.5,11.1,23.04,77.35,32.8,0.095,1.5,4.0,2.0
75,2017-18,3,354,Khyri,Thomas,Big East,33,33,1046,21.8,0.65,0.629,0.442,0.249,474,4.0,11.0,7.7,15.1,2.9,0.8,13.4,21.0,1.56,3.1,1.7,4.8,0.183,1.7568,6.5,3.1,9.6,78.8,41.1,18.1662,44.0,24.3,35.33,79.4,36.5,24.43,67.85,7.5,-0.005,-5.7,-0.2,-12.0
76,2017-18,3,171,Landry,Shamet,AAC,32,32,1015,21.4,0.655,0.622,0.603,0.327,476,1.6,9.7,5.8,28.8,1.3,0.7,15.5,20.7,2.48,3.8,1.1,4.9,0.195,1.599,8.3,0.0,8.2,82.5,44.2,26.6526,37.5,9.5,41.32,71.0,55.1,15.44,52.81,24.6,0.097,-1.6,0.3,-1.1
77,2017-18,2,45,Shamorie,Ponds,Big East,30,30,1110,23.7,0.523,0.46399999999999997,0.34700000000000003,0.326,656,3.6,11.6,7.6,28.9,3.5,0.3,11.7,31.7,1.73,2.5,1.7,4.3,0.154,1.1088,5.7,1.5,7.2,85.7,25.3,8.7791,40.4,9.5,35.72,59.3,18.3,23.47,66.34,0.0,0.0,0.0,0.0,0.0
78,2017-18,4,65,Devonte,Graham,Big 12,39,39,1474,21.2,0.568,0.51,0.544,0.406,770,2.0,9.6,6.0,31.4,2.4,0.1,15.5,23.9,2.59,4.9,1.8,6.7,0.182,1.5288,7.0,1.4,8.4,82.7,40.6,22.0864,34.2,5.3,37.83,44.0,3.9,20.49,63.32,26.5,0.064,-0.6,1.0,4.5
79,2017-18,4,299,Jevon,Carter,Big 12,37,37,1281,24.9,0.5489999999999999,0.498,0.385,0.305,686,2.4,13.1,7.5,36.2,4.9,1.3,14.4,25.1,2.61,4.3,2.7,7.0,0.21899999999999997,2.7594,8.1,4.5,12.6,85.8,39.3,15.1305,39.6,15.3,36.34,50.4,21.2,19.24,57.66,15.0,0.037000000000000005,-2.1,0.0,-4.1
80,2017-18,3,53,Aaron,Holiday,Pac-12,33,33,1244,21.1,0.609,0.557,0.446,0.41700000000000004,686,1.6,8.7,5.3,29.9,1.9,0.7,18.5,26.7,1.54,3.7,1.2,4.9,0.157,0.9734,6.3,-0.1,6.2,82.8,42.9,19.1334,38.2,6.4,39.17,58.3,10.4,25.31,77.43,18.6,0.062,-1.6,0.2,2.9
81,2017-18,1,6,Trevon,Duval,ACC,37,34,1100,13.7,0.489,0.473,0.309,0.257,449,2.1,4.9,3.6,30.3,2.8,0.5,20.8,21.3,2.03,1.5,1.5,3.0,0.10800000000000001,0.3456,1.7,1.5,3.2,59.6,29.0,8.961,36.5,6.5,24.82,55.8,22.1,21.06,43.26,2.0,0.537,24.4,0.0,10.4
82,2017-18,3,302,Tookie,Brown,Sun Belt,32,29,1035,28.3,0.648,0.603,0.292,0.66,599,2.0,11.5,6.6,28.6,3.1,1.1,14.6,25.6,1.71,4.5,1.9,6.4,0.247,1.9513,7.3,0.7,7.9,75.3,47.1,13.7532,39.3,1.0,36.17,64.1,9.3,28.17,79.84,0.0,0.0,0.0,0.0,0.0
83,2017-18,2,196,D'Marcus,Simonds,Sun Belt,35,35,1223,23.9,0.53,0.496,0.24,0.34600000000000003,759,4.5,13.8,9.4,28.7,2.9,2.6,15.4,35.2,1.2,2.6,2.3,5.0,0.163,0.4727,1.6,1.3,2.9,70.2,29.2,7.007999999999999,31.3,7.8,23.76,62.6,15.8,25.54,47.91,0.0,0.0,0.0,0.0,0.0
84,2016-17,1,223,De'Anthony,Melton,Pac-12,36,25,972,19.2,0.53,0.483,0.32,0.47200000000000003,351,6.0,13.6,9.9,22.5,4.0,3.9,18.5,17.7,1.95,1.7,1.5,3.2,0.133,1.1039,3.0,5.3,8.3,70.6,28.4,9.088,34.0,25.0,22.55,58.2,42.4,16.24,31.37,19.6,0.044,-1.2,0.4,5.8
85,2016-17,1,4,Markelle,Fultz,Pac-12,25,25,892,27.9,0.5579999999999999,0.535,0.287,0.38299999999999995,582,4.0,13.9,8.9,35.5,2.4,3.1,13.4,31.4,1.85,3.3,0.5,3.8,0.172,1.5652,7.7,1.4,9.1,64.9,41.3,11.8531,43.8,12.5,30.8,61.6,17.4,24.65,60.64,25.7,0.062,-2.0,0.0,-1.0
86,2016-17,1,5,Lonzo,Ball,Pac-12,36,36,1263,24.7,0.6729999999999999,0.6679999999999999,0.5660000000000001,0.28600000000000003,609,3.2,14.3,9.3,31.4,2.8,2.1,18.6,18.1,3.08,4.8,2.0,6.8,0.214,2.6108,8.7,3.5,12.2,67.3,41.2,23.3192,46.2,8.3,40.17,78.9,51.5,18.54,62.02,32.4,0.058,0.6,3.3,2.0
87,2016-17,1,6,De'Aaron,Fox,SEC,36,34,1064,22.6,0.5489999999999999,0.498,0.154,0.474,608,2.0,12.2,7.2,28.6,2.7,0.7,13.7,27.6,1.9,3.0,2.1,5.1,0.192,1.6704,5.1,3.7,8.7,73.6,24.6,3.7884,36.2,16.9,24.03,64.2,19.6,25.01,48.87,30.1,0.068,-0.3,2.5,-0.3
88,2016-17,1,7,Dennis,Smith Jr.,ACC,32,32,1114,23.1,0.563,0.52,0.364,0.47600000000000003,621,2.7,11.5,7.3,34.2,3.1,1.2,17.3,27.2,1.82,3.1,0.9,4.0,0.142,1.0366,6.3,1.0,7.3,71.5,35.9,13.0676,,,,,,,,26.2,-0.018000000000000002,-2.7,-0.7,-6.1
89,2016-17,1,11,Malik,Monk,SEC,38,37,1218,21.5,0.586,0.5429999999999999,0.47,0.32299999999999995,661,1.1,7.2,4.2,13.3,1.6,1.5,10.4,27.2,1.16,3.9,1.9,5.8,0.18899999999999997,1.5119999999999998,6.7,1.3,8.0,82.2,39.7,18.659000000000002,37.9,20.3,34.16,68.4,47.4,17.43,46.98,17.2,0.015,-2.9,-0.7,-6.9
90,2016-17,5,354,Derrick,White,Pac-12,34,32,1116,27.3,0.627,0.578,0.35600000000000004,0.45,602,3.5,10.5,7.0,28.6,2.2,4.9,14.2,25.3,1.83,4.5,1.4,5.9,0.21100000000000002,2.4898,8.6,3.2,11.8,81.3,39.6,14.0976,43.7,28.8,32.34,68.1,16.7,27.48,70.31,23.0,0.108,0.9,2.5,4.7
91,2016-17,2,26,Jawun,Evans,Big 12,32,32,936,27.3,0.535,0.475,0.19699999999999998,0.396,659,2.8,10.9,6.8,43.6,3.3,0.5,13.6,32.7,2.28,4.0,0.8,4.8,0.20600000000000002,1.8746,7.7,1.4,9.1,81.2,37.9,7.4663,37.4,8.6,31.49,50.4,5.1,23.17,59.28,15.1,-0.022,-5.4,-0.7,-1.4
92,2016-17,4,96,Monte,Morris,Big 12,35,35,1237,24.7,0.555,0.523,0.308,0.239,645,3.7,11.3,7.6,32.0,2.4,0.8,7.5,22.8,5.17,4.8,1.7,6.5,0.21,2.247,7.8,2.9,10.7,80.2,37.8,11.6424,40.3,15.2,33.23,65.9,27.7,23.08,67.86,22.6,0.138,1.0,2.6,-0.8
93,2015-16,4,20,Kris,Dunn,Big East,33,32,1088,23.2,0.541,0.499,0.275,0.462,576,3.5,14.7,9.0,41.8,4.3,1.9,18.8,28.0,1.78,2.2,2.3,4.5,0.166,1.8758,5.6,5.7,11.3,69.5,37.2,10.23,29.6,20.0,21.57,62.6,36.3,19.32,34.81,24.3,0.034,-1.8,0.2,0.0
94,2015-16,1,45,Jamal,Murray,SEC,36,36,1267,22.7,0.59,0.5589999999999999,0.515,0.28300000000000003,649,4.9,11.2,8.2,12.1,1.6,0.9,12.1,27.1,0.94,4.4,1.8,6.1,0.19399999999999998,1.7654,8.1,1.1,9.1,78.3,40.8,21.011999999999997,39.1,13.6,36.96,65.5,27.8,22.91,65.39,29.3,0.09,-0.1,4.2,4.7
95,2015-16,2,120,Wade,Baldwin,SEC,33,30,1002,20.7,0.5710000000000001,0.4920000000000001,0.32,0.614,505,1.5,11.6,7.0,33.7,2.3,1.0,18.2,25.3,1.89,2.7,1.8,4.5,0.179,1.4678,5.1,3.0,8.2,79.9,40.6,12.992,35.9,3.0,34.32,50.4,16.7,20.34,56.14,10.3,-0.028,-5.3,-0.5,-19.2
96,2015-16,4,174,Caris,Levert,Big Ten,15,14,464,28.8,0.636,0.596,0.401,0.42,253,2.4,18.8,10.6,33.3,2.0,0.7,11.4,25.6,2.96,2.2,0.7,2.8,0.243,2.8917,9.4,2.5,11.9,79.4,44.6,17.8846,27.3,0.0,30.62,77.4,29.3,26.51,66.8,25.6,0.063,-0.6,1.8,-0.2
97,2015-16,1,43,Dejounte,Murray,Pac-12,34,34,1139,16.8,0.485,0.451,0.243,0.342,565,4.1,13.7,8.8,25.6,2.8,0.8,16.3,25.9,1.37,1.2,1.6,2.8,0.098,0.4214,1.8,2.5,4.3,66.3,28.8,6.9984,34.0,15.2,22.61,58.6,32.4,19.19,35.28,19.8,0.079,0.3,2.0,-0.6
98,2015-16,2,18,Tyler,Ulis,SEC,35,35,1288,23.9,0.5670000000000001,0.4970000000000001,0.36200000000000004,0.441,666,1.7,7.1,4.6,34.3,2.3,0.3,11.4,23.2,3.57,5.4,1.7,7.1,0.221,2.1216,8.5,1.0,9.6,85.6,34.4,12.4528,44.7,5.6,42.35,57.8,4.2,26.83,92.36,20.9,0.008,-3.6,-1.1,-0.2
99,2015-16,4,87,Malcolm,Brogdon,ACC,37,37,1263,25.1,0.585,0.532,0.382,0.31,627,2.1,13.3,7.9,19.5,1.8,0.9,8.3,28.4,2.21,4.9,2.1,7.0,0.222,2.4642,8.5,2.6,11.1,89.7,39.1,14.9362,,,,,,,,28.6,0.12,0.6,4.4,2.8
100,2014-15,1,16,D'Angelo,Russell,Big Ten,35,34,1188,26.6,0.573,0.541,0.449,0.303,671,3.6,15.4,9.8,30.1,2.8,1.1,14.8,30.2,1.72,4.4,2.4,6.8,0.22899999999999998,2.6793,8.7,3.0,11.7,75.6,41.1,18.4539,38.7,24.6,31.29,62.2,34.8,19.65,49.55,29.0,0.044,0.4,5.5,-3.1
101,2014-15,2,18,Terry,Rozier,ACC,36,35,1260,22.1,0.509,0.457,0.301,0.33799999999999997,591,3.8,13.9,8.8,19.7,3.5,0.5,11.6,27.8,1.37,3.0,3.0,6.0,0.191,1.6044,4.7,3.7,8.4,79.0,30.6,9.2106,39.7,6.7,33.87,55.0,20.8,21.1,56.34,22.7,0.08199999999999999,-0.1,3.7,-6.8
102,2014-15,4,111,Jerian,Grant,ACC,38,38,1408,25.5,0.5920000000000001,0.536,0.37,0.511,706,1.3,8.3,5.1,33.6,2.8,1.4,13.4,24.2,3.09,6.1,1.6,7.7,0.218,1.9402,8.0,0.9,8.9,78.0,31.6,11.692,40.3,17.3,31.84,73.1,24.2,26.84,70.27,18.0,0.081,-1.5,0.6,-2.9
103,2014-15,2,261,Delon,Wright,Pac-12,35,35,1165,29.2,0.619,0.5489999999999999,0.225,0.565,558,4.0,13.7,9.3,33.0,4.0,3.2,14.2,22.8,2.62,5.3,3.1,8.4,0.289,4.6818,8.8,7.4,16.2,83.6,35.6,8.01,40.4,2.6,36.9,64.3,13.9,26.82,79.46,19.8,0.13699999999999998,2.2,5.6,-2.2
104,2014-15,1,6,Tyus,Jones,ACC,39,39,1322,20.4,0.575,0.489,0.38299999999999995,0.5,532,1.8,9.9,6.1,27.5,2.7,0.2,15.9,18.7,2.86,4.4,2.1,6.5,0.196,1.8424,6.6,2.8,9.4,88.9,37.9,14.5157,36.1,7.0,37.1,55.6,24.4,20.36,62.37,18.0,0.097,0.0,2.8,1.3
105,2014-15,5,104,Joseph,Young,Pac-12,36,35,1322,23.2,0.568,0.524,0.431,0.226,701,1.7,11.6,6.9,21.3,1.8,0.1,11.7,28.7,1.55,4.4,1.2,5.6,0.17,1.037,6.7,-0.7,6.1,92.5,35.7,15.3867,43.9,23.3,38.84,62.4,34.1,19.92,61.13,8.5,0.016,-4.1,-0.6,-10.5
106,2014-15,5,254,TJ,McConnell,Pac-12,38,38,1158,22.9,0.57,0.5379999999999999,0.249,0.22399999999999998,476,2.8,12.5,7.8,39.0,4.3,0.3,18.4,18.9,3.05,3.5,3.0,6.5,0.22399999999999998,2.8448,7.0,5.7,12.7,82.9,32.1,7.9929,48.6,11.3,39.73,67.4,18.3,26.68,85.6,21.5,0.091,-0.6,2.8,-2.7
107,2014-15,4,29,Quinn,Cook,ACC,39,39,1396,19.7,0.609,0.569,0.588,0.251,544,1.4,9.2,5.5,13.2,1.7,0.1,8.7,20.0,2.19,4.9,1.9,6.8,0.19399999999999998,1.8624,8.2,1.5,9.6,89.1,39.5,23.226,39.8,11.4,43.03,66.7,43.5,18.26,63.31,15.1,0.078,-2.2,-0.1,-10.7
108,2019-20,1,13,Josh,Green,SEC,30,30,926,17.9,0.528,0.47600000000000003,0.28800000000000003,0.37799999999999995,360,4.8,11.9,8.4,16.0,2.8,1.6,12.6,20.7,1.59,2.0,1.9,3.8,0.166,1.4276,3.7,4.9,8.6,78.0,36.1,10.3968,27.8,50.0,16.04,66.1,60.0,12.81,18.59,,,,,
109,2019-20,1,23,Jaden,McDaniels,SEC,31,21,963,14.6,0.515,0.469,0.37799999999999995,0.33899999999999997,394,4.4,15.8,10.6,14.6,1.4,4.9,20.4,25.6,0.65,0.6,1.7,2.3,0.096,0.384,0.1,4.0,4.0,76.3,33.9,12.8142,39.0,20.0,30.21,69.4,59.7,13.55,32.0,,,,,
110,2019-20,1,36,Isaac,Okoro,SEC,28,28,881,19.1,0.585,0.5529999999999999,0.287,0.541,351,6.4,8.8,7.6,13.1,1.7,3.1,15.2,19.6,1.04,2.3,1.1,3.4,0.156,1.2012,4.3,3.4,7.7,67.4,28.6,8.2082,16.0,0.0,14.89,67.8,30.7,22.76,27.5,,,,,
111,2019-20,1,29,Cassius,Stanley,ACC,29,29,796,18.5,0.569,0.531,0.319,0.389,339,7.6,11.7,9.7,6.6,1.4,2.4,14.4,21.9,0.56,1.9,1.4,3.3,0.166,1.079,3.9,2.6,6.5,73.3,36.0,11.484000000000002,37.3,0.0,33.08,58.6,43.6,16.01,40.84,,,,,
112,2019-20,2,18,Immanuel,Quickley,SEC,30,20,989,20.4,0.595,0.511,0.43799999999999994,0.47100000000000003,439,2.1,11.9,7.4,11.4,1.6,0.5,10.6,23.4,1.17,3.4,1.4,4.8,0.192,1.4016,6.2,1.1,7.3,92.3,42.8,18.7464,38.2,25.0,35.82,48.0,12.5,20.35,57.01,,,,,
113,2019-20,2,54,Aaron,Nesmith,SEC,14,14,500,29.0,0.685,0.659,0.561,0.307,260,2.5,13.9,8.0,6.9,2.3,2.6,9.3,26.3,0.54,2.2,0.4,2.6,0.207,1.7181,8.7,-0.4,8.3,82.5,52.2,29.2842,42.1,6.2,47.22,55.8,27.6,19.57,70.39,,,,,
114,2019-20,2,184,Devin,Vassell,ACC,30,30,863,23.8,0.585,0.565,0.361,0.221,352,5.3,15.4,10.4,11.2,2.8,4.1,6.6,20.0,2.13,3.0,1.7,4.7,0.218,2.3544,6.1,4.6,10.8,73.8,41.5,14.9815,43.1,22.0,32.3,69.4,64.0,12.1,33.57,,,,,
115,2019-20,2,125,Saddiq,Bey,Big East,31,31,1051,21.6,0.608,0.584,0.47700000000000004,0.248,464,4.5,11.4,8.0,14.9,1.4,1.1,10.1,22.8,1.61,3.6,1.4,4.9,0.188,1.6544,6.8,1.9,8.8,76.9,45.1,21.5127,34.5,13.3,33.76,62.9,25.8,22.61,60.47,,,,,
116,2019-20,2,300,Obi,Toppin,A10,31,31,981,32.5,0.684,0.674,0.212,0.364,540,5.2,22.0,14.5,14.5,1.8,4.1,13.0,28.1,0.99,4.5,2.3,6.8,0.27899999999999997,3.2922,7.4,4.3,11.8,70.2,39.0,8.267999999999999,44.1,51.1,19.27,82.8,66.7,13.36,21.29,,,,,
117,2019-20,3,124,Tyler,Bey,Pac-12,31,30,898,26.7,0.611,0.555,0.11699999999999999,0.693,412,8.4,27.9,18.4,11.5,3.1,4.2,17.6,24.4,0.61,2.6,2.5,5.1,0.228,2.3712,3.4,7.0,10.4,74.3,41.9,4.9023,41.3,48.9,18.13,66.1,56.1,14.06,20.34,,,,,
118,2019-20,3,74,Jordan,Nwora,ACC,31,30,1026,22.6,0.568,0.528,0.44,0.298,500,6.0,19.8,13.3,8.4,1.3,0.9,11.7,27.8,0.62,3.2,2.0,5.2,0.201,1.5276,5.6,2.0,7.6,81.3,40.2,17.688,37.4,26.9,31.07,59.8,45.9,15.67,37.76,,,,,
119,2019-20,1,2,Anthony,Edwards,SEC,32,32,1057,20.8,0.52,0.473,0.485,0.33899999999999997,573,2.5,14.8,8.7,17.9,2.3,1.7,12.9,30.4,1.05,2.5,1.1,3.6,0.136,0.6936,4.2,0.8,5.1,77.2,29.4,14.259,30.2,15.8,26.76,69.4,36.6,21.32,44.89,,,,,
120,2018-19,1,6,Romeo,Langford,Big Ten,32,32,1090,19.9,0.542,0.491,0.316,0.491,508,4.8,12.8,8.9,14.2,1.3,2.7,12.2,26.1,1.1,2.4,1.6,4.0,0.14800000000000002,0.8732,3.7,2.2,5.9,72.2,27.2,8.5952,40.0,22.0,26.82,64.1,23.7,23.69,49.85,11.0,0.039,-4.6,-0.2,4.5
121,2018-19,1,1,RJ,Barrett,ACC,38,38,1341,23.3,0.532,0.506,0.33799999999999997,0.319,834,4.8,17.2,11.2,23.5,1.4,1.2,13.2,32.2,1.33,3.8,2.7,6.5,0.19399999999999998,1.4938,5.3,2.4,7.7,65.5,30.8,10.4104,36.9,25.0,23.33,64.4,36.2,19.91,37.5,30.4,-0.015,-4.3,-1.0,-6.1
122,2018-19,1,2,Cam,Reddish,ACC,36,35,1069,13.6,0.499,0.45899999999999996,0.618,0.264,447,2.0,10.7,6.5,10.7,2.9,1.9,16.5,25.3,0.73,0.8,2.2,3.0,0.113,0.5311,2.0,2.7,4.7,77.2,33.3,20.5794,27.7,30.4,25.17,51.2,26.2,18.31,36.02,26.7,-0.011,-4.2,-0.9,2.0
123,2018-19,2,300,Jarrett,Culver,Big 12,38,38,1234,25.1,0.542,0.505,0.292,0.377,711,5.6,17.3,11.8,26.1,2.7,2.2,13.7,32.2,1.38,3.3,3.5,6.8,0.222,2.4864,5.5,5.8,11.2,70.7,30.4,8.8768,33.9,22.4,23.04,67.1,23.8,24.77,45.56,23.9,-0.004,-4.0,-0.8,2.3
124,2018-19,3,80,DeAndre,Hunter,ACC,38,38,1234,24.3,0.618,0.579,0.266,0.39799999999999996,541,5.6,13.4,9.8,13.0,1.2,2.4,10.0,24.1,1.44,4.8,2.6,7.3,0.237,2.58,7.3,3.6,10.9,78.3,43.8,11.6508,42.8,32.3,28.51,68.6,33.0,22.27,50.5,32.0,0.001,-4.7,-1.4,4.7
125,2018-19,1,32,Kevin,Porter Jr.,Pac-12,21,4,464,16.2,0.5589999999999999,0.561,0.433,0.293,185,4.8,15.0,10.0,12.0,2.1,2.6,17.9,23.3,0.77,0.5,0.7,1.2,0.1,0.29,1.3,1.6,2.9,52.2,41.2,17.8396,28.6,10.0,22.36,68.6,50.0,16.62,29.41,23.2,0.011,-3.7,-0.5,-5.6
126,2018-19,1,67,Talen,Horton-Tucker,Big 12,35,34,952,17.2,0.488,0.47,0.41600000000000004,0.23,403,2.9,16.7,10.2,16.2,2.8,2.7,12.4,26.2,1.37,1.0,1.7,2.7,0.114,0.5244,1.5,3.1,4.6,62.5,30.8,12.8128,21.9,17.4,17.71,70.3,20.5,27.08,38.71,0.0,0.0,0.0,0.0,0.0
127,2018-19,1,40,Tyler,Herro,SEC,37,37,1207,19.4,0.58,0.536,0.419,0.231,479,1.6,13.9,8.2,15.0,2.0,1.1,11.8,21.4,1.52,3.3,2.1,5.4,0.18100000000000002,1.6109,5.6,3.3,8.9,93.5,35.5,14.8745,46.9,21.7,41.77,65.5,42.1,18.37,60.59,27.2,0.033,-2.3,-0.1,-8.5
128,2018-19,1,12,Keldon,Johnson,SEC,37,36,1137,18.5,0.5579999999999999,0.521,0.316,0.41600000000000004,466,5.5,16.5,11.3,10.4,1.5,0.6,11.8,22.7,1.0,2.9,2.0,4.9,0.171,1.1628,4.3,2.5,6.8,70.3,38.1,12.0396,41.8,42.4,22.95,59.6,38.2,17.84,32.71,10.2,0.119,-0.9,0.0,12.8
129,2018-19,2,46,Chuma,Okeke,SEC,38,38,1105,24.5,0.597,0.5770000000000001,0.419,0.265,470,10.7,16.8,13.7,12.5,3.6,5.5,14.7,20.0,1.11,3.3,2.3,5.5,0.2,2.68,6.7,6.7,13.4,72.2,38.7,16.2153,29.7,31.6,22.77,70.7,53.2,16.03,29.6,0.0,0.0,0.0,0.0,0.0
130,2017-18,2,159,Jalen,McDaniels,MWC,33,21,815,23.5,0.642,0.595,0.08800000000000001,0.526,334,10.5,23.8,17.3,6.7,1.9,2.7,11.8,18.3,0.81,2.6,1.8,4.5,0.21899999999999997,1.5987,3.4,3.9,7.3,78.8,21.1,1.8568,44.0,52.1,17.54,76.0,53.4,17.16,24.19,18.3,0.078,-3.3,-0.1,3.2
131,2017-18,4,57,Caleb,Martin,MWC,36,26,1199,23.1,0.59,0.555,0.506,0.365,622,3.3,14.6,9.1,14.9,2.1,1.9,9.6,26.7,1.51,3.8,1.7,5.5,0.183,1.2627,6.3,0.7,6.9,74.9,40.3,20.3918,34.7,36.6,26.67,65.6,40.2,19.01,41.04,17.6,0.081,-1.0,0.1,7.7
132,2017-18,4,74,Cody,Martin,MWC,36,34,1284,22.1,0.569,0.537,0.136,0.392,568,5.9,13.6,9.9,24.0,2.6,4.5,14.1,20.3,2.32,3.5,2.1,5.6,0.175,1.54,4.1,4.7,8.8,70.1,29.4,3.9984,38.1,21.7,22.91,76.8,35.8,23.89,45.69,18.8,0.052000000000000005,-2.1,0.0,6.1
133,2017-18,1,10,Kevin,Knox,SEC,37,37,1198,17.1,0.557,0.511,0.379,0.3720000000000001,519,3.3,14.5,9.3,8.7,1.5,1.0,14.1,24.7,0.62,2.3,1.7,4.0,0.133,0.6517,3.4,1.4,4.9,77.4,34.1,12.9239,42.1,44.0,24.71,67.4,53.1,15.31,29.61,23.7,-0.017,-5.2,-2.7,-8.3
134,2017-18,3,186,Melvin,Frazier,AAC,30,30,1032,22.3,0.631,0.61,0.28300000000000003,0.366,442,3.9,14.6,9.3,17.9,3.5,2.2,16.9,22.2,1.12,2.4,1.5,3.9,0.152,1.0336,4.2,2.6,6.8,71.2,38.5,10.8955,32.0,18.8,23.95,70.7,46.1,18.46,35.4,3.8,-0.06,-9.1,-0.2,-4.9
135,2017-18,3,125,Jacob,Evans,AAC,36,36,1107,20.5,0.5429999999999999,0.507,0.43,0.302,461,5.2,12.0,8.7,20.0,2.6,3.7,12.7,22.5,1.79,2.8,3.1,5.9,0.213,2.2578,4.5,6.1,10.6,75.4,37.0,15.91,35.3,25.0,27.92,67.1,43.4,18.4,42.11,10.5,-0.047,-7.4,-0.8,-7.2
136,2017-18,4,15,Theo,Pinson,ACC,37,37,1100,18.9,0.563,0.495,0.193,0.48,447,5.4,17.6,11.6,27.2,2.0,2.0,20.9,18.1,2.1,2.5,1.7,4.2,0.152,1.3376,4.1,4.7,8.8,81.8,22.6,4.3618,31.0,29.6,20.03,67.4,45.1,17.93,31.14,11.3,-0.045,-5.6,-0.5,-2.9
137,2017-18,1,12,Troy,Brown,Pac-12,35,35,1093,16.6,0.532,0.494,0.342,0.326,424,5.9,18.0,12.0,18.7,2.9,0.8,18.8,21.0,1.29,1.5,1.6,3.1,0.114,0.4902,1.3,3.0,4.3,74.3,29.1,9.9522,34.6,28.6,23.33,63.4,26.5,22.58,42.09,19.9,0.059,-1.7,0.1,-0.6
138,2017-18,4,292,Keenan,Evans,Big 12,36,35,1063,25.2,0.602,0.53,0.365,0.586,596,1.3,10.3,5.9,22.7,2.3,1.2,11.9,28.4,1.58,4.2,2.0,6.2,0.23399999999999999,2.2464,7.3,2.3,9.6,81.7,32.0,11.68,39.3,10.9,34.45,69.0,23.0,25.74,69.67,0.0,0.0,0.0,0.0,0.0
139,2017-18,1,223,Zhaire,Smith,Big 12,37,21,1050,22.9,0.618,0.588,0.14400000000000002,0.45799999999999996,419,9.6,11.1,10.4,12.4,2.3,4.5,10.8,18.3,1.59,3.4,2.2,5.6,0.213,2.556,5.8,6.2,12.0,71.7,45.0,6.48,39.7,48.0,18.04,64.9,58.7,12.99,20.76,11.0,0.011,-6.1,-0.1,0.1
140,2017-18,4,355,Milik,Yarbrough,MVC,32,28,895,23.9,0.562,0.493,0.282,0.511,564,5.7,20.0,12.9,41.4,1.9,2.7,21.1,33.9,1.21,2.0,1.4,3.4,0.151,1.0419,4.5,2.4,6.9,80.4,29.0,8.177999999999999,37.9,43.8,21.21,60.5,17.9,24.06,40.69,0.0,0.0,0.0,0.0,0.0
141,2017-18,2,300,Alize,Johnson,MVC,33,33,1028,24.1,0.528,0.48100000000000004,0.365,0.363,517,11.4,30.4,21.0,19.3,0.9,1.5,13.6,27.1,1.27,2.7,2.0,4.7,0.183,0.9882,4.0,1.4,5.4,75.9,28.1,10.2565,45.5,47.3,23.33,62.5,26.7,22.19,41.37,4.4,0.047,-6.4,-0.1,2.4
142,2017-18,4,96,Mikal,Bridges,Big East,40,40,1286,26.8,0.655,0.623,0.503,0.282,644,5.2,13.8,9.7,10.6,2.7,3.5,9.1,23.2,1.43,5.4,2.4,7.7,0.24100000000000002,3.1571,8.7,4.4,13.1,85.1,43.5,21.8805,41.6,25.0,37.49,67.9,46.3,17.66,52.52,28.5,0.08,-0.6,1.5,5.7
143,2017-18,2,12,Miles,Bridges,Big Ten,34,33,1067,22.6,0.5720000000000001,0.535,0.4270000000000001,0.239,531,5.2,18.2,12.5,16.9,1.2,2.5,11.6,27.1,1.37,3.3,2.2,5.5,0.20800000000000002,1.9136,5.7,3.5,9.2,85.3,36.4,15.5428,40.9,58.9,22.11,65.6,52.4,15.13,27.83,25.5,0.059,-1.7,0.3,-5.9
144,2017-18,4,24,Grayson,Allen,ACC,37,37,1316,18.8,0.58,0.536,0.637,0.293,574,1.8,8.0,5.1,21.2,2.8,0.2,13.8,20.7,2.18,4.0,2.0,5.9,0.18,1.692,7.1,2.3,9.4,85.0,37.0,23.56900000000001,43.8,26.2,39.26,60.7,37.8,18.29,58.21,13.4,0.039,-4.3,-0.5,-12.2
145,2017-18,3,308,Jerome,Robinson,ACC,35,35,1260,21.3,0.607,0.564,0.384,0.342,670,1.6,9.6,5.6,19.5,1.4,0.4,13.8,27.4,1.21,3.9,1.0,4.9,0.157,0.7065,5.8,-1.3,4.5,83.0,40.9,15.7056,43.4,38.9,29.86,64.0,36.5,19.69,46.52,12.1,0.006,-4.6,-0.7,-0.4
146,2017-18,1,18,Gary,Trent,ACC,37,37,1249,16.7,0.5670000000000001,0.528,0.564,0.22699999999999998,468,2.9,10.3,6.8,6.8,1.9,0.4,7.4,19.5,1.37,3.3,1.8,5.1,0.163,1.1736,5.4,1.8,7.2,87.6,40.2,22.6728,33.6,29.5,32.09,65.5,47.2,16.75,43.05,19.5,0.113,-1.0,2.4,-5.5
147,2017-18,4,25,Keita,Bates-Diop,Big Ten,34,34,1120,27.6,0.5770000000000001,0.544,0.35700000000000004,0.27399999999999997,604,5.8,24.6,15.6,10.6,1.6,5.8,9.5,29.5,0.92,3.6,2.5,6.1,0.217,2.0398,5.1,4.3,9.4,79.4,35.9,12.8163,44.2,27.2,31.96,72.4,47.2,18.52,46.23,16.9,0.06,-1.9,0.0,-8.6
148,2017-18,2,19,Rawle,Alkins,Pac-12,23,21,723,17.7,0.5479999999999999,0.504,0.402,0.428,311,8.0,10.7,9.4,14.0,2.3,2.5,17.6,23.6,0.98,1.4,0.9,2.3,0.126,0.7938,3.7,2.6,6.3,72.4,35.9,14.4318,25.9,13.3,23.47,64.6,23.5,23.94,44.1,12.0,-0.042,-7.3,-0.2,1.5
149,2017-18,2,222,Josh,Okogie,ACC,24,24,873,22.3,0.55,0.475,0.313,0.506,421,7.3,13.1,10.2,15.6,2.9,2.8,13.3,27.3,0.97,2.1,1.3,3.4,0.156,1.0608,4.8,2.0,6.8,82.1,38.0,11.894,29.3,17.2,25.86,54.5,43.9,14.81,30.66,24.3,0.049,-2.7,-0.6,0.6
150,2017-18,3,84,Shake,Milton,AAC,22,22,800,24.2,0.606,0.551,0.47100000000000003,0.405,381,2.1,13.5,7.7,25.9,2.4,2.3,13.3,25.0,1.92,2.8,1.3,4.2,0.20800000000000002,1.6432,6.4,1.5,7.9,84.7,43.4,20.4414,44.7,31.6,36.12,48.3,27.6,16.94,49.73,16.9,0.111,-1.2,0.2,-2.0
151,2017-18,4,94,Devon,Hall,ACC,34,34,1091,20.3,0.599,0.552,0.45399999999999996,0.292,392,1.4,14.9,8.3,19.6,1.8,0.6,9.6,19.5,3.06,3.3,2.6,5.9,0.215,2.279,6.1,4.5,10.6,89.4,43.2,19.6128,36.5,14.8,37.61,56.5,14.6,23.38,72.07,4.0,-0.064,-9.7,0.0,50.5
152,2017-18,3,341,Admiral,Schofield,SEC,35,34,982,19.8,0.5539999999999999,0.528,0.409,0.22699999999999998,434,6.6,19.4,13.1,11.8,2.1,1.8,12.6,26.0,0.83,2.0,2.0,4.0,0.16399999999999998,1.2464,4.2,3.4,7.6,75.6,39.5,16.1555,39.1,39.0,26.11,65.1,59.3,12.84,26.8,10.9,0.02,-5.3,-0.2,-2.2
153,2017-18,4,253,Kevin,Hervey,Sun Belt,33,25,1064,23.7,0.5529999999999999,0.517,0.41700000000000004,0.257,624,8.0,19.9,14.2,15.2,2.1,2.2,12.8,31.0,0.81,2.6,2.0,4.6,0.174,0.696,3.3,0.7,4.0,80.7,33.9,14.1363,39.4,52.4,22.2,65.2,52.4,15.04,26.66,2.7,-0.471,-19.9,-0.1,-20.6
154,2017-18,3,116,Matisse,Thybulle,Pac-12,34,33,1094,18.1,0.5529999999999999,0.536,0.502,0.177,382,3.2,7.5,5.4,15.5,5.1,4.8,18.1,19.1,1.17,1.3,1.9,3.2,0.11800000000000001,1.0384,2.9,5.8,8.8,71.4,36.5,18.323,35.3,16.7,30.16,65.6,28.8,22.63,53.53,19.5,0.084,0.1,0.6,-0.3
155,2017-18,3,12,Allonzo,Trier,Pac-12,33,33,1124,22.6,0.654,0.593,0.499,0.501,558,1.3,9.1,5.5,17.4,1.1,1.1,13.1,23.9,1.55,4.5,1.0,5.5,0.196,1.5092,7.9,-0.2,7.7,86.5,38.0,18.962,45.9,2.6,48.15,75.8,32.0,24.97,93.27,19.9,0.039,-2.7,-0.3,0.9
156,2017-18,4,141,Vince,Edwards,Big Ten,35,35,1106,21.8,0.5870000000000001,0.544,0.33899999999999997,0.317,531,8.4,18.6,13.9,17.1,1.0,2.0,14.0,23.8,1.42,3.4,2.1,5.4,0.19699999999999998,1.7533,5.6,3.3,8.9,83.3,39.8,13.4922,39.8,15.7,34.69,63.9,38.5,19.04,52.38,8.0,-0.014,-6.4,0.0,-11.3
157,2017-18,4,253,Sviatoslav,Mykhailiuk,Big 12,39,39,1346,16.9,0.5720000000000001,0.556,0.5489999999999999,0.11900000000000001,548,4.0,8.6,6.4,13.4,1.9,0.9,11.5,21.0,1.65,3.1,1.5,4.6,0.13699999999999998,1.0001,5.6,1.7,7.3,80.4,44.4,24.3756,27.9,8.3,32.76,52.0,51.5,12.22,33.32,17.4,0.042,-2.7,-0.3,3.9
158,2017-18,4,106,Chandler,Hutchison,MWC,31,31,961,25.9,0.575,0.528,0.29600000000000004,0.519,603,3.4,25.6,14.6,24.1,2.7,0.9,16.2,33.2,1.03,2.8,2.2,5.0,0.20800000000000002,1.6432,3.6,4.3,7.9,72.8,35.9,10.6264,34.2,11.1,27.45,72.0,27.2,25.39,54.33,19.8,0.041,-3.4,-0.5,-2.1
159,2017-18,4,352,Kenrich,Williams,Big 12,32,32,1153,20.6,0.568,0.546,0.35100000000000003,0.295,464,9.7,21.5,15.7,18.1,2.8,1.4,14.9,18.7,1.91,3.0,1.6,4.6,0.158,1.6748,5.9,4.7,10.6,68.8,39.5,13.8645,35.6,31.2,23.78,64.5,47.4,16.44,33.14,22.9,0.052000000000000005,-2.1,0.0,-2.6
160,2017-18,3,7,Malik,Newman,Big 12,39,33,1234,19.1,0.606,0.568,0.51,0.28600000000000003,505,2.0,15.2,9.0,11.2,1.9,0.5,11.1,20.8,1.44,3.2,1.7,4.9,0.16,1.1840000000000002,5.5,2.0,7.4,83.5,41.5,21.165,38.8,16.1,37.76,59.8,25.7,21.53,63.85,0.0,0.0,0.0,0.0,0.0
161,2017-18,2,63,Kevin,Huerter,Big Ten,32,32,1099,19.5,0.64,0.616,0.5429999999999999,0.307,457,3.8,12.9,8.8,20.3,1.1,2.1,17.8,21.5,1.35,3.0,1.6,4.5,0.166,1.4442,6.5,2.3,8.7,75.8,41.7,22.6431,51.9,23.8,41.3,71.2,51.1,16.87,54.95,29.1,0.038,-2.0,0.0,4.7
162,2017-18,3,136,Josh,Reaves,Big Ten,34,32,1048,20.7,0.5820000000000001,0.56,0.38799999999999996,0.275,385,6.6,12.7,9.7,18.7,4.2,1.8,13.7,17.3,2.18,2.7,2.2,4.9,0.185,2.072,5.9,5.3,11.2,70.7,37.7,14.6276,24.4,20.0,21.11,65.9,45.8,17.3,31.75,0.5,-1.036,-39.5,0.0,-172.7
163,2017-18,1,16,Lonnie,Walker,ACC,32,18,888,16.3,0.527,0.503,0.509,0.204,344,1.7,9.2,5.5,13.0,2.0,1.8,9.6,22.4,1.65,1.6,1.3,2.8,0.127,0.6096,3.1,1.7,4.8,73.8,34.6,17.6114,32.8,20.0,28.17,58.9,41.1,16.81,38.82,12.6,0.027000000000000003,-3.1,-0.3,-1.6
164,2017-18,4,88,Gary,Clark,AAC,36,36,1025,29.6,0.612,0.5710000000000001,0.204,0.52,462,12.1,22.3,17.3,14.8,3.0,5.0,8.7,20.4,2.11,4.3,3.5,7.8,0.303,4.6965,7.1,8.5,15.5,74.1,43.5,8.874,43.0,35.0,25.15,62.4,50.5,14.96,32.44,12.4,0.08199999999999999,-1.3,0.2,-3.1
165,2017-18,3,107,Donte,DiVincenzo,Big East,40,10,1170,20.9,0.608,0.59,0.542,0.27399999999999997,557,4.9,13.9,9.6,20.0,2.0,0.7,15.2,22.4,1.76,3.7,1.8,5.5,0.188,1.8048,6.7,2.9,9.6,71.0,40.1,21.7342,45.7,15.6,38.25,65.1,43.7,17.76,54.47,20.6,0.13699999999999998,1.1,1.4,5.2
166,2017-18,1,11,Hamidou,Diallo,SEC,37,37,918,13.8,0.498,0.47,0.24600000000000002,0.39899999999999997,348,4.2,11.5,8.1,9.5,1.7,1.6,12.0,22.6,0.9,1.1,1.3,2.4,0.10300000000000001,0.3296,1.3,1.9,3.2,61.6,33.8,8.3148,28.0,40.0,14.51,65.8,45.2,17.47,20.81,13.8,0.038,-4.6,-0.8,-5.1
167,2016-17,4,36,Sindarius,Thornwell,SEC,31,31,1051,30.3,0.59,0.51,0.337,0.59,637,8.1,16.1,12.0,19.3,3.6,3.4,11.9,29.5,1.13,4.4,2.8,7.2,0.27399999999999997,4.4388,9.5,6.7,16.2,83.0,39.2,13.2104,35.9,32.7,26.66,59.4,26.8,21.07,44.39,10.7,0.034,-2.9,-0.3,-1.9
168,2016-17,4,97,Josh,Hart,Big East,36,35,1193,28.2,0.619,0.59,0.395,0.3670000000000001,648,5.9,17.5,12.2,18.8,2.8,1.0,11.5,27.8,1.49,5.1,2.6,7.7,0.257,3.1097,8.2,4.0,12.1,74.7,40.4,15.958,39.1,11.1,33.94,70.9,42.7,19.68,53.08,25.3,0.083,-0.7,1.6,0.1
169,2016-17,4,32,Semi,Ojeleye,AAC,35,35,1195,26.4,0.621,0.5720000000000001,0.39899999999999997,0.508,593,8.2,15.0,11.8,9.3,0.8,1.6,8.6,25.8,1.06,5.5,2.2,7.7,0.257,2.0817,7.9,0.2,8.1,78.5,42.4,16.9176,41.2,51.0,24.31,62.9,59.1,12.46,24.84,13.9,0.065,-3.5,-1.0,-7.7
170,2016-17,3,59,Dillon,Brooks,Pac-12,35,27,886,25.6,0.585,0.556,0.336,0.299,526,4.9,9.6,7.4,23.1,2.5,2.2,13.0,31.6,1.32,3.1,1.6,4.7,0.214,1.8404,6.6,2.1,8.6,75.4,40.1,13.4736,40.8,30.2,28.21,64.0,34.4,20.34,45.67,27.5,0.023,-4.3,-2.6,1.6
171,2016-17,3,187,Kyle,Kuzma,Pac-12,29,29,894,25.1,0.565,0.542,0.233,0.35200000000000004,481,11.3,23.3,17.7,15.2,1.1,1.6,12.8,27.0,1.15,2.8,1.8,4.6,0.204,1.3464,4.6,2.0,6.6,66.9,32.1,7.4793,36.0,41.7,17.78,67.2,38.7,19.96,28.92,30.1,0.067,-1.5,0.6,-0.6
172,2016-17,1,10,Jonathan,Isaac,ACC,32,32,839,24.6,0.614,0.568,0.348,0.461,364,7.7,25.0,16.7,7.5,2.4,6.2,13.3,20.3,0.77,2.4,1.9,4.3,0.205,2.2345,4.7,6.2,10.9,78.0,34.8,12.1104,41.0,36.0,26.52,69.8,48.6,17.38,36.11,26.0,0.08900000000000001,0.1,1.9,1.3
173,2016-17,2,21,Luke,Kennard,ACC,37,36,1314,24.4,0.629,0.579,0.414,0.386,673,3.9,12.1,8.2,13.6,1.3,0.9,9.3,24.0,1.54,5.5,1.6,7.2,0.218,2.0709999999999997,8.4,1.2,9.5,85.6,43.8,18.1332,48.2,20.2,41.99,61.8,18.2,24.49,80.21,23.3,0.08800000000000001,-0.8,1.2,2.7
174,2016-17,1,1,Josh,Jackson,Big 12,35,35,1077,24.1,0.5589999999999999,0.552,0.21,0.40299999999999997,572,8.7,17.4,13.3,18.2,3.1,3.5,15.9,27.2,1.07,2.7,2.2,4.9,0.18,1.926,5.1,5.7,10.7,56.6,37.8,7.938,38.1,18.6,21.52,69.0,41.7,19.49,33.6,24.7,-0.021,-4.0,-2.2,-2.4
175,2016-17,2,261,OG,Anunoby,Big Ten,16,10,402,23.8,0.611,0.615,0.369,0.39299999999999996,167,8.5,16.1,12.5,11.0,3.0,5.5,15.2,20.8,0.88,1.1,0.7,1.7,0.172,1.7372,5.4,4.7,10.1,56.3,31.1,11.4759,30.0,33.3,17.0,76.1,45.1,20.24,27.57,23.2,0.103,-0.5,1.8,-2.8
176,2016-17,1,3,Jayson,Tatum,ACC,29,27,966,22.0,0.5660000000000001,0.507,0.321,0.381,467,4.8,19.7,12.6,12.4,2.3,3.2,15.0,26.2,0.82,2.3,1.8,4.1,0.16899999999999998,1.2675,3.5,4.1,7.5,84.9,34.2,10.9782,39.4,12.0,34.93,62.0,29.3,21.24,57.28,31.8,0.127,1.5,6.2,8.1
177,2016-17,4,128,Sterling,Brown,AAC,35,34,1143,21.8,0.583,0.546,0.387,0.313,463,6.0,16.9,11.7,17.9,2.8,2.2,14.6,21.9,1.52,3.3,2.7,6.0,0.21100000000000002,2.0256,5.4,4.3,9.6,79.1,44.9,17.3763,40.8,35.3,29.57,54.4,26.5,19.37,46.0,15.8,0.07400000000000001,-2.1,-0.1,-6.4
178,2016-17,3,9,Justin,Jackson,ACC,40,39,1281,21.3,0.555,0.531,0.47700000000000004,0.22,660,4.8,10.8,7.8,15.8,1.3,0.8,9.5,25.7,1.64,4.3,1.8,6.1,0.19,1.786,7.5,1.9,9.4,74.8,37.0,17.649,39.4,33.8,28.33,66.7,58.0,13.57,32.11,19.6,0.061,-2.6,-0.6,-1.3
179,2015-16,4,96,Denzel,Valentine,Big Ten,31,30,1022,29.7,0.608,0.579,0.527,0.214,622,3.0,21.2,12.8,45.8,1.9,0.7,14.8,28.4,2.84,5.0,2.2,7.3,0.284,4.686,12.2,4.4,16.5,85.4,44.4,23.3988,41.6,33.3,35.4,60.3,45.5,15.92,47.95,20.9,0.048,-1.6,0.4,-0.5
180,2015-16,1,1,Ben,Simmons,SEC,33,32,1151,29.0,0.6,0.561,0.008,0.769,674,9.6,26.8,18.2,27.4,3.1,2.5,17.4,26.4,1.42,3.9,2.1,6.0,0.207,2.4012,6.3,5.3,11.6,67.0,33.3,0.2664,32.9,31.6,15.21,75.2,48.1,18.91,24.41,34.4,0.159,4.0,11.2,1.5
181,2015-16,4,111,Buddy,Hield,Big 12,37,37,1309,28.2,0.665,0.623,0.536,0.33299999999999996,803,4.0,13.0,8.8,12.7,1.8,1.4,14.0,30.2,0.66,5.6,2.0,7.6,0.23199999999999998,2.668,10.3,1.2,11.5,88.0,45.7,24.4952,36.9,6.5,42.61,64.1,26.3,22.89,74.47,27.8,0.07400000000000001,0.8,6.0,1.7
182,2015-16,1,4,Brandon,Ingram,ACC,36,34,1246,22.5,0.552,0.525,0.40299999999999997,0.35100000000000003,591,6.0,15.5,10.8,11.4,1.9,3.6,11.3,25.6,1.0,3.4,1.5,4.9,0.157,1.1775,4.6,2.9,7.5,68.2,41.0,16.523,37.6,17.2,29.49,58.8,15.7,24.01,55.1,32.2,0.057,-1.4,1.1,-0.8
183,2015-16,3,251,DeAndre,Bembry,A-10,36,35,1341,22.3,0.539,0.513,0.258,0.358,641,4.3,17.9,11.3,24.1,2.2,2.5,11.2,24.4,2.21,3.4,2.5,5.8,0.174,1.5834,4.6,4.5,9.1,65.7,26.6,6.8628,33.6,13.5,22.53,69.1,43.5,18.91,36.37,19.4,0.013,-2.8,-0.8,-0.5
184,2015-16,2,222,Patrick,McCaw,MWC,33,32,1113,21.3,0.591,0.56,0.515,0.294,482,3.6,12.4,8.0,22.7,3.9,1.2,14.2,20.3,1.88,2.7,2.2,5.0,0.179,1.5036,5.1,3.3,8.4,77.4,36.6,18.849,40.0,33.3,30.07,66.1,36.8,20.24,49.41,17.2,0.061,-2.8,-0.7,-11.8
185,2015-16,1,36,Malik,Beasley,ACC,34,33,1014,20.8,0.583,0.541,0.361,0.326,483,5.0,15.1,10.1,9.8,1.8,0.6,11.5,24.3,0.86,2.9,1.1,4.0,0.158,0.9006,5.0,0.7,5.7,81.3,38.7,13.9707,35.0,16.3,30.8,68.0,49.5,16.64,40.16,17.4,0.08,-1.2,0.8,-1.0
186,2015-16,1,3,Jaylen,Brown,Pac-12,34,34,939,17.6,0.518,0.47100000000000003,0.27,0.574,477,4.5,16.5,10.8,15.3,1.7,2.2,17.9,31.4,0.65,1.0,1.8,2.7,0.11699999999999999,0.4212,0.3,3.3,3.6,65.4,29.4,7.938,30.1,14.7,20.76,61.6,27.6,21.61,34.95,26.1,0.091,-1.2,1.4,-0.1
187,2015-16,1,29,Malachi,Richardson,ACC,37,37,1272,13.8,0.51,0.465,0.544,0.381,459,1.7,12.1,6.9,12.8,2.0,0.9,14.0,23.1,0.97,1.5,1.8,3.3,0.10400000000000001,0.312,1.5,1.5,3.0,72.0,35.3,19.2032,22.5,21.7,22.29,58.1,28.0,20.27,35.83,8.9,-0.009000000000000001,-6.1,-0.7,-7.4
188,2014-15,3,256,RJ,Hunter,Sun Belt,35,35,1294,25.8,0.552,0.473,0.51,0.447,667,2.8,12.5,7.9,20.3,3.6,3.6,11.0,29.6,1.64,4.4,2.5,6.9,0.215,1.4405,5.4,1.3,6.7,87.8,30.5,15.555,36.6,33.3,29.21,73.3,38.1,21.98,51.43,8.8,0.051,-2.0,0.0,-4.8
189,2014-15,3,13,Sam,Dekker,Big Ten,40,40,1239,25.5,0.605,0.586,0.3720000000000001,0.278,519,8.4,14.8,11.7,8.6,1.1,1.5,7.3,23.2,1.36,5.1,1.9,7.0,0.225,2.25,8.2,1.8,10.0,70.8,33.1,12.3132,37.8,17.9,28.13,75.0,45.9,19.66,44.2,15.5,0.083,-1.4,0.5,0.5
190,2014-15,3,47,Justin,Anderson,ACC,26,22,724,23.8,0.61,0.5720000000000001,0.47100000000000003,0.371,283,3.1,14.4,9.0,14.0,1.6,2.5,10.7,23.3,1.45,2.5,1.8,4.4,0.24100000000000002,2.9402,7.6,4.6,12.2,78.0,45.2,21.2892,25.0,27.3,24.82,63.1,39.0,18.65,37.62,13.1,0.077,-1.2,0.6,-3.6
191,2014-15,4,159,Josh,Richardson,SEC,32,32,1162,22.9,0.56,0.519,0.321,0.311,499,2.9,13.2,7.8,24.4,3.8,2.0,15.7,25.5,1.35,3.2,1.4,4.6,0.159,1.2402,5.8,2.0,7.8,79.8,35.9,11.5239,45.9,21.1,34.66,64.0,20.8,24.56,66.54,30.7,0.09,-0.2,4.2,1.8
192,2014-15,1,4,Stanley,Johnson,Pac-12,38,37,1081,22.5,0.551,0.501,0.297,0.456,509,8.9,19.1,14.1,11.6,3.2,1.6,14.7,26.6,0.77,2.8,2.9,5.7,0.212,2.1624,4.8,5.4,10.2,74.2,37.1,11.0187,44.4,20.8,31.6,52.7,42.4,14.71,36.4,20.5,0.025,-2.9,-1.5,-2.7
193,2014-15,1,14,Justise,Winslow,ACC,39,39,1135,22.3,0.5720000000000001,0.551,0.309,0.43799999999999994,473,5.4,19.8,13.1,13.2,2.8,2.9,14.2,22.9,1.15,3.1,2.5,5.5,0.196,2.0384,5.1,5.3,10.4,64.1,41.8,12.9162,26.9,12.0,21.63,66.7,33.3,21.55,37.26,28.4,0.054000000000000006,-1.8,0.3,3.7
194,2014-15,2,14,Rondae,Hollis-Jefferson,Pac-12,38,25,1090,21.8,0.573,0.513,0.105,0.745,435,9.0,20.1,14.8,10.1,2.4,3.4,13.7,20.5,1.0,3.1,2.9,5.9,0.218,2.4416,4.4,6.8,11.2,70.7,20.7,2.1735,32.8,31.6,16.95,72.3,52.1,16.78,23.33,22.8,0.09,-0.7,2.2,0.9
195,2014-15,1,8,Kelly,Oubre,Big 12,36,27,756,21.1,0.555,0.512,0.38299999999999995,0.444,303,6.4,19.2,13.2,8.1,3.3,1.8,12.5,23.1,0.65,1.7,1.7,3.4,0.18,1.548,4.8,3.7,8.6,71.8,35.8,13.7114,39.2,20.7,29.18,60.3,45.5,15.92,36.14,24.1,0.069,-1.9,0.2,-1.8
196,2014-15,1,11,Rashad,Vaughn,MWC,23,23,742,20.2,0.547,0.521,0.43,0.299,352,2.3,13.7,8.4,11.8,1.5,1.1,11.8,30.8,0.72,1.4,1.1,2.5,0.132,0.1716,3.0,-1.8,1.3,69.4,38.3,16.469,42.6,32.5,28.19,53.8,28.0,18.77,41.12,12.0,-0.017,-4.7,-1.2,-4.0
197,2014-15,4,51,Norman,Powell,Pac-12,36,36,1244,19.6,0.54,0.4970000000000001,0.255,0.36200000000000004,531,1.9,13.3,7.6,12.8,3.2,1.5,12.8,25.3,0.94,2.5,1.9,4.4,0.14,0.812,3.5,2.4,5.8,75.1,31.9,8.1345,37.3,29.5,23.82,57.0,28.2,19.83,37.31,18.6,0.099,-0.3,2.3,-4.0
198,2014-15,1,20,Devin,Booker,SEC,38,0,816,19.4,0.6,0.5710000000000001,0.491,0.223,324,2.6,7.8,5.4,10.9,1.3,0.3,10.4,22.8,1.14,2.7,1.8,4.5,0.21899999999999997,1.9491,6.9,2.0,8.9,82.8,41.1,20.1801,39.1,29.4,32.95,72.9,55.8,15.61,40.86,33.5,0.068,-0.3,4.8,1.9
