RealGM ID,Season,Name,Position 1,Position 2,School,Conference,Wins,Losses,SOS,Class,Birthday,Draft Day Age,Height,Weight,Height w/o Shoes,Height w/ Shoes,Wingspan,Standing Reach,Body Fat %,Hand Length,Hand Width,RSCI,G,GS,MP,PER,TS%,eFG%,3PAr,FTr,PProd,ORB%,DRB%,TRB%,AST%,STL%,BLK%,TOV%,USG%,OWS,DWS,WS,WS/40,OBPM,DBPM,BPM,AST/TOV,OFF RTG,DEF RTG,Hands-On Buckets,Pure Point Rating,FG/40,FGA/40,FG%,2FGM/40,2FGA/40,2FG%,3FGM/40,3FGA/40,3FG%,FT/40,FTA/40,FT%,TRB/40,AST/40,STL/40,BLK/40,TOV/40,PF/40,PTS/40,FGM/100Poss,FGA/100Poss,2FGM/100Poss,2FGA/100Poss,3FGM/100Poss,3FGA/100Poss,FT/100Poss,FTA/100Poss,TRB/100Poss,AST/100Poss,STL/100Poss,BLK/100Poss,TOV/100Poss,PF/100Poss,PTS/100Poss,# Dunks,% Shots @ Rim,FG% @ Rim,%Astd @ Rim,% Shots @ Mid,FG% @ Mid,%Astd @ Mid,% Shots @ 3,%Astd @ 3,AAU Season,AAU Team,AAU League,AAU GP,AAU GS,AAU MIN,AAU PTS,AAU FGM,AAU FGA,AAU FG%,AAU 3PM,AAU 3PA,AAU 3P%,AAU FTM,AAU FTA,AAU FT%,AAU ORB,AAU DRB,AAU TRB,AAU AST,AAU STL,AAU BLK,AAU TOV,AAU PF,Event Year,Event Name,Event GP,Event MIN,Event PTS,Event FGM,Event FGA,Event FG%,Event 3PM,Event 3PA,Event 3P%,Event FTM,Event FTA,Event FT%,Event TRB,Event AST,Event STL,Event BLK,Event TOV,Event PF,Event Placement,Draft Pick,NBA MPG,NBA Draft Pick,Result
151853,2021-22,Jake LaRavia,SF,PF,Wake Forest,ACC,23.0,10.0,4.75,3.0,"Nov 3, 2001",20.65,80,227.2,78.75,80.0,81.5,104.0,9.0,8.5,10.25,250.0,33,33,1128.0,22.9,0.649,0.606,0.246,0.529,516.0,7.5,14.1,11.1,20.0,2.7,3.0,19.3,20.4,3.7,2.1,5.8,0.206,4.7,3.7,8.5,1.37,121.7,95.9,0.312,-0.66,5.9,10.5,0.559,4.9,7.9,0.616,1.0,2.6,0.384,4.3,5.6,0.777,7.7,4.3,2.0,1.1,3.2,3.3,17.1,8.3,14.8,6.9,11.2,1.4,3.6,6.1,7.8,10.8,6.1,2.7,1.6,4.4,4.6,24.0,32.0,50.8,65.6,54.5,24.6,53.4,7.7,24.6,89.3,,,,7.424242424242424,6.303030303030303,17.07272727272727,14.229545454545454,5.133787878787879,10.529242424242426,0.4956212121212121,1.0245454545454546,2.880757575757576,0.3238636363636363,2.895151515151515,4.257424242424243,0.6472575757575757,0.8113636363636363,4.7646969696969705,5.575454545454546,2.249848484848485,0.9378787878787878,0.8487878787878789,1.8921212121212123,2.2253030303030306,2013.455078125,,,,,,,,,,,,,,,,,,,,,,16.356737588652482,19.0,28.0
127888,2021-22,Tari Eason,PF,,LSU,SEC,21.0,12.0,8.3,2.0,"May 10, 2001",21.14,80,217.4,78.75,80.0,86.0,107.5,5.9,9.25,11.0,138.0,33,4,806.0,33.4,0.615,0.559,0.214,0.515,506.0,10.5,19.8,15.2,10.1,4.5,6.2,13.8,31.8,3.4,2.5,5.9,0.294,9.0,5.7,14.7,0.45,119.2,83.2,0.266,-6.19,9.4,18.1,0.521,8.0,14.2,0.564,1.4,3.9,0.359,7.5,9.3,0.803,10.8,1.6,3.2,1.8,3.6,4.5,27.7,13.4,25.7,11.4,20.2,2.0,5.5,10.6,13.3,15.4,2.3,4.5,2.5,5.1,6.4,39.4,47.0,59.2,63.9,44.2,19.5,33.8,45.8,21.4,85.7,,,,7.424242424242424,6.303030303030303,17.07272727272727,14.229545454545454,5.133787878787879,10.529242424242426,0.4956212121212121,1.0245454545454546,2.880757575757576,0.3238636363636363,2.895151515151515,4.257424242424243,0.6472575757575757,0.8113636363636363,4.7646969696969705,5.575454545454546,2.249848484848485,0.9378787878787878,0.8487878787878789,1.8921212121212123,2.2253030303030306,2013.455078125,,,,,,,,,,,,,,,,,,,,,,16.356737588652482,17.0,26.0
147080,2021-22,Bennedict Mathurin,SG,,Arizona,Pac-12,33.0,4.0,6.84,2.0,"Jun 19, 2002",20.03,78,204.6,76.5,78.0,81.0,104.0,5.7,8.5,9.75,129.0,37,37,1201.0,21.1,0.576,0.536,0.465,0.368,600.0,5.1,12.6,9.3,13.8,1.6,0.8,10.4,25.1,4.0,2.2,6.2,0.205,6.1,1.9,8.0,1.42,119.7,96.8,0.279,-0.26,7.3,16.1,0.45,4.5,8.6,0.521,2.8,7.5,0.369,4.5,5.9,0.764,6.9,3.1,1.2,0.3,2.2,2.3,21.8,10.0,22.2,6.2,11.9,3.8,10.3,6.2,8.2,9.5,4.3,1.6,0.5,3.0,3.1,30.0,38.0,36.0,63.2,57.3,17.6,29.4,32.0,46.5,75.9,,,,7.424242424242424,6.303030303030303,17.07272727272727,14.229545454545454,5.133787878787879,10.529242424242426,0.4956212121212121,1.0245454545454546,2.880757575757576,0.3238636363636363,2.895151515151515,4.257424242424243,0.6472575757575757,0.8113636363636363,4.7646969696969705,5.575454545454546,2.249848484848485,0.9378787878787878,0.8487878787878789,1.8921212121212123,2.2253030303030306,2021.0,U19 World Cup,7.0,28:14,16.1,5.6,11.4,0.487,1.4,4.1,0.345,3.6,4.4,0.806,4.0,1.9,0.4,0.3,2.1,2.1,Bronze,,16.356737588652482,6.0,26.0
143286,2021-22,Christian Braun,SG,,Kansas,Big 12,34.0,6.0,11.3,3.0,"Apr 17, 2001",21.2,79,209.2,77.5,79.0,78.5,99.5,6.2,8.0,8.5,130.0,40,39,1374.0,19.6,0.585,0.556,0.316,0.323,551.0,4.9,16.0,10.8,14.5,1.6,2.5,14.4,20.4,3.5,2.5,6.0,0.174,5.6,3.3,9.0,1.37,116.5,96.9,0.278,-0.5,6.0,12.2,0.495,4.5,8.3,0.545,1.5,3.8,0.386,2.9,3.9,0.733,7.6,3.2,1.1,1.0,2.4,2.1,16.4,8.7,17.5,6.5,12.0,2.1,5.5,4.1,5.7,10.9,4.6,1.6,1.4,3.4,3.1,23.6,27.0,51.2,61.2,45.3,16.9,34.8,12.5,31.9,88.2,,,,7.424242424242424,6.303030303030303,17.07272727272727,14.229545454545454,5.133787878787879,10.529242424242426,0.4956212121212121,1.0245454545454546,2.880757575757576,0.3238636363636363,2.895151515151515,4.257424242424243,0.6472575757575757,0.8113636363636363,4.7646969696969705,5.575454545454546,2.249848484848485,0.9378787878787878,0.8487878787878789,1.8921212121212123,2.2253030303030306,2013.455078125,,,,,,,,,,,,,,,,,,,,,,16.356737588652482,21.0,26.0
148740,2021-22,Jaden Ivey,SG,PG,Purdue,Big Ten,28.0,8.0,8.23,2.0,"Feb 13, 2002",20.38,76,195.0,77.44198312236287,78.72862165963433,82.40568820224719,103.24191279887482,7.0326836158192085,8.718283582089553,9.396641791044775,89.0,36,34,1132.0,22.5,0.579,0.533,0.406,0.469,586.0,2.7,15.0,9.3,19.2,1.7,2.0,14.8,28.7,3.7,1.4,5.1,0.181,5.7,1.6,7.2,1.17,114.7,102.5,0.314,-1.87,7.2,15.6,0.46,4.9,9.3,0.531,2.3,6.3,0.358,5.4,7.3,0.744,6.2,3.9,1.2,0.7,3.3,2.2,22.0,10.8,23.4,7.4,13.9,3.4,9.5,8.2,11.0,9.3,5.8,1.7,1.1,5.0,3.3,33.1,28.0,37.4,65.5,24.1,22.0,32.0,3.2,40.6,56.2,,,,7.424242424242424,6.303030303030303,17.07272727272727,14.229545454545454,5.133787878787879,10.529242424242426,0.4956212121212121,1.0245454545454546,2.880757575757576,0.3238636363636363,2.895151515151515,4.257424242424243,0.6472575757575757,0.8113636363636363,4.7646969696969705,5.575454545454546,2.249848484848485,0.9378787878787878,0.8487878787878789,1.8921212121212123,2.2253030303030306,2021.0,U19 World Cup,7.0,16:29,12.3,4.4,9.1,0.484,1.1,4.0,0.286,2.3,3.3,0.696,3.0,2.1,1.6,0.7,1.7,2.0,Gold,,16.356737588652482,5.0,25.998
163374,2021-22,Keegan Murray,PF,,Iowa,Big Ten,26.0,9.0,6.87,2.0,"Aug 19, 2000",21.86,80,225.0,77.44198312236287,78.72862165963433,82.40568820224719,103.24191279887482,7.0326836158192085,8.718283582089553,9.396641791044775,334.0,35,35,1116.0,37.8,0.638,0.614,0.3,0.343,724.0,9.8,20.2,14.9,10.1,2.3,6.4,5.7,29.7,6.6,2.0,8.7,0.311,13.0,2.7,15.7,1.33,134.6,96.8,0.343,-0.38,11.0,19.9,0.554,8.6,13.9,0.621,2.4,5.9,0.398,5.1,6.8,0.747,10.9,1.9,1.6,2.4,1.4,2.3,29.5,15.6,28.2,12.3,19.8,3.4,8.5,7.2,9.7,15.4,2.7,2.3,3.5,2.0,3.3,41.9,63.0,48.6,72.1,42.8,21.5,39.5,34.0,30.0,86.4,,,,7.424242424242424,6.303030303030303,17.07272727272727,14.229545454545454,5.133787878787879,10.529242424242426,0.4956212121212121,1.0245454545454546,2.880757575757576,0.3238636363636363,2.895151515151515,4.257424242424243,0.6472575757575757,0.8113636363636363,4.7646969696969705,5.575454545454546,2.249848484848485,0.9378787878787878,0.8487878787878789,1.8921212121212123,2.2253030303030306,2013.455078125,,,,,,,,,,,,,,,,,,,,,,16.356737588652482,4.0,25.0
117363,2021-22,Johnny Davis,SG,,Wisconsin,Big Ten,24.0,7.0,9.16,2.0,"Feb 27, 2002",20.34,77,196.4,76.25,77.75,80.5,103.5,6.7,8.5,10.25,164.0,31,31,1060.0,24.3,0.523,0.464,0.246,0.398,577.0,4.3,23.8,13.8,14.8,2.0,2.3,10.8,32.5,2.5,2.0,4.5,0.171,5.8,3.0,8.9,0.93,105.8,95.8,0.358,-2.61,7.9,18.6,0.427,6.5,14.0,0.466,1.4,4.6,0.306,5.8,7.4,0.791,9.6,2.5,1.4,0.9,2.7,2.4,23.1,11.8,27.7,9.7,20.9,2.1,6.8,8.7,11.0,14.4,3.7,2.0,1.3,4.0,3.5,34.5,16.0,30.7,61.0,33.7,43.9,34.9,8.2,25.4,64.9,2018-19,Wisconsin Playground Warriors,UAA 16U,8.0,8.0,27.1,17.12,6.0,11.0,0.545,0.25,0.62,0.4,4.88,6.12,0.796,1.0,2.12,3.12,3.25,1.12,1.12,2.25,1.75,2021.0,U19 World Cup,7.0,12:26,4.1,1.3,4.0,0.321,0.7,2.0,0.357,0.9,1.3,0.667,1.7,1.4,0.9,0.1,0.4,2.0,Gold,,16.356737588652482,10.0,25.0
151846,2021-22,Kenneth Lofton,PF,C,Louisiana Tech,CUSA,23.0,10.0,0.11,2.0,"Aug 14, 2002",19.88,79,280.0,77.44198312236287,78.72862165963433,82.40568820224719,103.24191279887482,7.0326836158192085,8.718283582089553,9.396641791044775,137.38663484486872,33,33,890.0,29.9,0.574,0.544,0.052,0.474,570.0,13.9,29.1,21.7,23.4,2.4,3.0,17.6,32.6,2.9,2.2,5.2,0.232,4.9,2.1,7.0,0.9,110.6,89.8,0.339,-4.43,9.3,17.3,0.539,9.2,16.4,0.557,0.2,0.9,0.2,5.5,8.2,0.672,15.6,4.1,1.7,1.1,4.5,4.0,24.4,13.3,24.8,13.1,23.5,0.3,1.3,7.9,11.7,22.3,5.8,2.4,1.5,6.5,5.8,34.8,22.0,66.3,63.3,37.7,28.5,38.2,23.8,5.2,50.0,,,,7.424242424242424,6.303030303030303,17.07272727272727,14.229545454545454,5.133787878787879,10.529242424242426,0.4956212121212121,1.0245454545454546,2.880757575757576,0.3238636363636363,2.895151515151515,4.257424242424243,0.6472575757575757,0.8113636363636363,4.7646969696969705,5.575454545454546,2.249848484848485,0.9378787878787878,0.8487878787878789,1.8921212121212123,2.2253030303030306,2021.0,U19 World Cup,7.0,18:23,13.1,5.3,8.1,0.649,0.0,0.1,0.0,2.6,4.3,0.6,5.3,0.9,0.6,0.3,0.6,2.6,Gold,,16.356737588652482,28.925076452599388,25.0
132642,2021-22,Dalen Terry,SG,,Arizona,Pac-12,33.0,4.0,6.84,2.0,"Jul 12, 2002",19.97,79,195.2,78.0,79.25,84.75,106.0,5.4,8.5,9.0,52.0,37,37,1029.0,16.9,0.584,0.563,0.336,0.231,343.0,5.0,12.8,9.3,22.1,2.5,1.1,16.7,14.1,2.4,2.1,4.5,0.176,3.5,4.5,8.0,2.84,122.8,94.6,0.233,4.2,4.5,8.9,0.502,3.4,5.9,0.572,1.1,3.0,0.364,1.5,2.1,0.736,7.0,5.6,1.8,0.5,2.0,3.3,11.5,6.1,12.2,4.6,8.1,1.5,4.1,2.1,2.8,9.6,7.7,2.5,0.6,2.7,4.5,15.9,22.0,47.6,67.9,50.0,18.8,30.2,15.4,33.6,92.9,,,,7.424242424242424,6.303030303030303,17.07272727272727,14.229545454545454,5.133787878787879,10.529242424242426,0.4956212121212121,1.0245454545454546,2.880757575757576,0.3238636363636363,2.895151515151515,4.257424242424243,0.6472575757575757,0.8113636363636363,4.7646969696969705,5.575454545454546,2.249848484848485,0.9378787878787878,0.8487878787878789,1.8921212121212123,2.2253030303030306,2013.455078125,,,,,,,,,,,,,,,,,,,,,,16.356737588652482,18.0,25.0
151480,2021-22,JD Davison,PG,,Alabama,SEC,19.0,14.0,11.59,1.0,"Oct 3, 2002",19.74,74,191.8,72.5,74.5,78.5,99.5,7.8,8.5,9.5,13.0,33,5,852.0,16.0,0.558,0.521,0.388,0.379,333.0,4.5,15.2,9.8,29.4,2.1,1.4,27.3,18.8,1.2,0.8,2.1,0.097,3.3,1.9,5.2,1.51,104.5,105.4,0.266,0.04,4.6,10.0,0.463,3.5,6.2,0.565,1.2,3.9,0.301,2.8,3.8,0.728,7.4,6.7,1.5,0.6,4.5,1.9,13.2,6.3,13.7,4.7,8.4,1.6,5.3,3.8,5.2,10.1,9.2,2.1,0.8,6.1,2.6,18.1,9.0,45.8,64.3,15.9,15.4,33.3,0.0,38.8,68.0,,,,7.424242424242424,6.303030303030303,17.07272727272727,14.229545454545454,5.133787878787879,10.529242424242426,0.4956212121212121,1.0245454545454546,2.880757575757576,0.3238636363636363,2.895151515151515,4.257424242424243,0.6472575757575757,0.8113636363636363,4.7646969696969705,5.575454545454546,2.249848484848485,0.9378787878787878,0.8487878787878789,1.8921212121212123,2.2253030303030306,2013.455078125,,,,,,,,,,,,,,,,,,,,,,16.356737588652482,53.0,24.999
108165,2021-22,Wendell Moore,SG,,Duke,ACC,32.0,7.0,7.26,3.0,"Sep 18, 2001",20.78,77,217.2,76.25,77.5,84.5,101.0,7.5,8.75,10.25,29.0,39,39,1324.0,21.4,0.605,0.569,0.335,0.314,556.0,4.4,12.5,8.7,21.7,2.4,0.6,15.0,19.5,4.3,1.9,6.2,0.186,5.3,2.6,7.9,2.26,123.4,101.2,0.311,2.94,5.7,11.4,0.5,4.1,7.6,0.544,1.6,3.8,0.413,2.9,3.6,0.805,6.3,5.2,1.7,0.2,2.3,1.9,15.8,8.3,16.7,6.0,11.1,2.3,5.6,4.2,5.2,9.2,7.6,2.4,0.4,3.4,2.7,23.2,14.0,39.1,65.3,31.2,27.4,38.8,22.5,33.5,88.5,2018-19,Team CP3,Nike 17U,10.0,10.0,17.3,18.0,6.7,12.6,0.532,0.3,1.8,0.167,4.2,5.4,0.778,0.0,6.6,6.6,3.7,1.6,0.6,2.2,1.5,2018.0,U17 World Cup,12.0,18:28,7.4,2.8,6.6,0.418,0.2,1.7,0.15,1.7,2.2,0.741,3.0,2.0,2.2,0.1,1.1,1.0,Gold,,16.356737588652482,26.0,24.973
135900,2021-22,Malaki Branham,SG,,Ohio State,Big Ten,20.0,12.0,9.08,1.0,"May 12, 2003",19.13,77,194.8,76.0,77.5,82.0,102.5,6.1,8.5,9.75,38.0,32,31,948.0,20.4,0.596,0.556,0.277,0.299,411.0,3.5,10.5,7.3,14.5,1.5,1.0,12.8,24.1,2.9,0.8,3.6,0.154,4.8,0.9,5.7,1.19,117.3,107.1,0.274,-1.27,6.8,13.5,0.498,5.2,9.8,0.53,1.6,3.8,0.416,3.4,4.1,0.833,4.8,2.7,1.0,0.4,2.3,2.4,18.4,10.4,20.8,8.0,15.0,2.4,5.8,5.2,6.2,7.4,4.1,1.5,0.6,3.5,3.6,28.3,12.0,25.2,71.6,20.7,46.9,43.0,18.5,28.0,89.2,,,,7.424242424242424,6.303030303030303,17.07272727272727,14.229545454545454,5.133787878787879,10.529242424242426,0.4956212121212121,1.0245454545454546,2.880757575757576,0.3238636363636363,2.895151515151515,4.257424242424243,0.6472575757575757,0.8113636363636363,4.7646969696969705,5.575454545454546,2.249848484848485,0.9378787878787878,0.8487878787878789,1.8921212121212123,2.2253030303030306,2013.455078125,,,,,,,,,,,,,,,,,,,,,,16.356737588652482,20.0,24.969
132628,2021-22,Walker Kessler,C,,Auburn,SEC,28.0,6.0,8.17,2.0,"Jul 26, 2001",20.93,85,256.0,84.25,85.0,88.25,113.0,14.7,8.5,8.5,22.0,34,34,871.0,31.4,0.627,0.627,0.187,0.332,360.0,10.9,22.2,16.6,6.9,2.4,19.1,10.7,19.0,2.8,2.7,5.5,0.254,6.2,8.0,14.1,0.81,126.0,83.0,0.205,-1.88,7.5,12.3,0.608,7.0,10.0,0.702,0.5,2.3,0.2,2.4,4.1,0.596,12.6,1.4,1.7,7.1,1.7,4.0,17.9,10.5,17.3,9.9,14.0,0.6,3.2,3.4,5.7,17.6,1.9,2.4,10.0,2.4,5.7,25.1,79.0,69.0,77.8,66.7,12.3,27.3,77.8,18.7,90.0,,,,7.424242424242424,6.303030303030303,17.07272727272727,14.229545454545454,5.133787878787879,10.529242424242426,0.4956212121212121,1.0245454545454546,2.880757575757576,0.3238636363636363,2.895151515151515,4.257424242424243,0.6472575757575757,0.8113636363636363,4.7646969696969705,5.575454545454546,2.249848484848485,0.9378787878787878,0.8487878787878789,1.8921212121212123,2.2253030303030306,2013.455078125,,,,,,,,,,,,,,,,,,,,,,16.356737588652482,22.0,24.76
134150,2021-22,Paolo Banchero,PF,,Duke,ACC,32.0,7.0,7.26,1.0,"Nov 12, 2002",19.63,82,250.0,77.44198312236287,78.72862165963433,82.40568820224719,103.24191279887482,7.0326836158192085,8.718283582089553,9.396641791044775,2.0,39,39,1286.0,24.2,0.557,0.52,0.253,0.366,665.0,6.4,19.1,13.2,17.5,1.9,2.7,13.3,27.5,4.0,2.2,6.1,0.191,5.4,2.3,7.7,1.35,113.8,98.1,0.319,-0.73,7.6,16.0,0.478,6.3,11.9,0.525,1.4,4.0,0.338,4.3,5.8,0.729,9.5,3.9,1.3,1.1,2.9,2.3,20.9,11.2,23.4,9.2,17.5,2.0,5.9,6.2,8.6,13.9,5.7,1.9,1.6,4.2,3.4,30.6,41.0,40.2,64.6,42.9,34.5,38.4,19.1,25.3,86.4,2018-19,Seattle Rotary,Nike 17U,10.0,9.0,19.4,12.9,4.5,10.4,0.433,0.4,2.1,0.19,3.5,5.1,0.686,0.0,7.8,7.8,1.7,0.6,0.8,1.8,2.1,2013.455078125,,,,,,,,,,,,,,,,,,,,,,16.356737588652482,1.0,24.53
138132,2021-22,Matthew Cleveland,SF,,Florida State,ACC,15.0,14.0,7.32,1.0,"Sep 15, 2002",19.79,79,200.0,77.44198312236287,78.72862165963433,82.40568820224719,103.24191279887482,7.0326836158192085,8.718283582089553,9.396641791044775,25.0,29,8,760.0,15.9,0.481,0.463,0.116,0.374,310.0,6.3,13.8,10.0,9.9,1.5,2.3,9.9,25.3,0.9,0.6,1.5,0.079,0.3,-0.4,-0.1,0.92,100.7,107.9,0.229,-1.94,7.0,15.5,0.452,6.7,13.7,0.488,0.3,1.8,0.176,3.2,5.8,0.555,6.9,1.8,1.1,0.7,2.0,3.1,17.5,10.2,22.6,9.7,20.0,0.5,2.6,4.7,8.4,10.1,2.7,1.5,1.1,2.9,4.5,25.6,27.0,46.3,65.4,59.6,42.2,30.6,34.2,11.6,83.3,,,,7.424242424242424,6.303030303030303,17.07272727272727,14.229545454545454,5.133787878787879,10.529242424242426,0.4956212121212121,1.0245454545454546,2.880757575757576,0.3238636363636363,2.895151515151515,4.257424242424243,0.6472575757575757,0.8113636363636363,4.7646969696969705,5.575454545454546,2.249848484848485,0.9378787878787878,0.8487878787878789,1.8921212121212123,2.2253030303030306,2013.455078125,,,,,,,,,,,,,,,,,,,,,,16.356737588652482,28.925076452599388,24.165
145673,2021-22,Jabari Smith,SF,PF,Auburn,SEC,28.0,6.0,8.17,1.0,"May 13, 2003",19.13,82,220.0,77.44198312236287,78.72862165963433,82.40568820224719,103.24191279887482,7.0326836158192085,8.718283582089553,9.396641791044775,7.0,34,34,978.0,25.1,0.57,0.521,0.44,0.384,519.0,3.5,23.5,13.6,14.0,2.1,3.8,11.1,27.6,3.2,2.3,5.6,0.227,7.4,3.8,11.1,1.08,116.5,90.7,0.266,-1.73,7.5,17.5,0.429,4.3,9.8,0.435,3.2,7.7,0.42,5.4,6.7,0.799,10.3,2.8,1.5,1.4,2.6,2.9,23.6,10.5,24.5,6.0,13.7,4.5,10.8,7.5,9.4,14.5,3.9,2.1,2.0,3.6,4.0,33.0,14.0,15.2,61.5,42.5,40.7,36.8,29.7,44.0,72.2,,,,7.424242424242424,6.303030303030303,17.07272727272727,14.229545454545454,5.133787878787879,10.529242424242426,0.4956212121212121,1.0245454545454546,2.880757575757576,0.3238636363636363,2.895151515151515,4.257424242424243,0.6472575757575757,0.8113636363636363,4.7646969696969705,5.575454545454546,2.249848484848485,0.9378787878787878,0.8487878787878789,1.8921212121212123,2.2253030303030306,2019.0,U16 Americas Championship,6.0,17:59,13.8,4.8,8.8,0.547,1.2,3.2,0.368,3.0,3.8,0.783,6.2,1.0,0.5,0.7,0.7,1.2,Gold,,16.356737588652482,3.0,24.118
137162,2021-22,Kendall Brown,SF,,Baylor,Big 12,27.0,7.0,8.76,1.0,"May 11, 2003",19.14,79,201.2,78.25,79.5,83.0,103.0,4.9,9.0,9.0,14.0,34,34,918.0,18.4,0.63,0.615,0.181,0.327,321.0,7.3,13.7,10.5,12.3,2.2,1.5,18.2,17.1,2.2,1.8,4.0,0.174,3.7,3.6,7.4,1.09,118.5,95.2,0.203,-1.74,5.8,9.8,0.584,5.1,8.1,0.638,0.6,1.8,0.341,2.2,3.2,0.689,7.2,2.7,1.5,0.5,2.5,3.4,14.3,8.4,14.4,7.5,11.8,0.9,2.6,3.2,4.7,10.5,4.0,2.2,0.8,3.7,4.9,20.9,43.0,56.2,78.0,60.6,25.7,32.8,36.8,18.1,85.7,,,,7.424242424242424,6.303030303030303,17.07272727272727,14.229545454545454,5.133787878787879,10.529242424242426,0.4956212121212121,1.0245454545454546,2.880757575757576,0.3238636363636363,2.895151515151515,4.257424242424243,0.6472575757575757,0.8113636363636363,4.7646969696969705,5.575454545454546,2.249848484848485,0.9378787878787878,0.8487878787878789,1.8921212121212123,2.2253030303030306,2013.455078125,,,,,,,,,,,,,,,,,,,,,,16.356737588652482,48.0,24.086
137931,2021-22,Jalen Duren,C,,Memphis,AAC,19.0,10.0,7.86,1.0,"Nov 18, 2003",18.61,83,250.0,77.44198312236287,78.72862165963433,82.40568820224719,103.24191279887482,7.0326836158192085,8.718283582089553,9.396641791044775,6.0,29,29,733.0,25.3,0.608,0.597,0.004,0.441,330.0,14.0,21.5,18.0,10.5,1.8,9.9,18.6,22.8,1.8,1.7,3.5,0.19,3.7,3.3,7.1,0.57,112.6,91.9,0.226,-5.32,7.7,12.9,0.597,7.7,12.8,0.6,0.0,0.1,0.0,3.5,5.7,0.625,12.9,2.0,1.3,3.3,3.5,4.3,18.9,10.8,18.1,10.8,18.1,0.0,0.1,5.0,8.0,18.1,2.8,1.8,4.7,5.0,6.1,26.7,70.0,64.0,72.8,65.5,35.6,36.9,61.3,0.4,0.0,,,,7.424242424242424,6.303030303030303,17.07272727272727,14.229545454545454,5.133787878787879,10.529242424242426,0.4956212121212121,1.0245454545454546,2.880757575757576,0.3238636363636363,2.895151515151515,4.257424242424243,0.6472575757575757,0.8113636363636363,4.7646969696969705,5.575454545454546,2.249848484848485,0.9378787878787878,0.8487878787878789,1.8921212121212123,2.2253030303030306,2019.0,U16 Americas Championship,6.0,18:24,10.3,5.0,8.0,0.625,0.0,0.0,0.0,0.3,0.8,0.4,8.2,1.7,0.3,2.0,0.5,1.0,Gold,,16.356737588652482,13.0,24.066
151295,2021-22,Tyrese Hunter,PG,SG,Iowa State,Big 12,22.0,13.0,9.33,1.0,"Aug 11, 2003",18.88,72,175.0,77.44198312236287,78.72862165963433,82.40568820224719,103.24191279887482,7.0326836158192085,8.718283582089553,9.396641791044775,37.0,35,35,1116.0,14.1,0.475,0.443,0.377,0.277,426.0,1.9,11.9,6.8,32.3,3.8,1.1,21.8,24.2,0.3,2.5,2.8,0.1,0.9,3.7,4.6,1.52,92.2,92.2,0.367,0.15,5.0,12.8,0.391,3.7,8.0,0.462,1.3,4.8,0.274,2.4,3.5,0.687,4.4,6.2,2.5,0.4,4.1,2.5,13.8,7.5,19.1,5.5,11.9,2.0,7.2,3.6,5.3,6.6,9.2,3.8,0.5,6.0,3.7,20.5,16.0,40.8,54.8,26.2,21.5,29.9,21.7,37.7,78.4,,,,7.424242424242424,6.303030303030303,17.07272727272727,14.229545454545454,5.133787878787879,10.529242424242426,0.4956212121212121,1.0245454545454546,2.880757575757576,0.3238636363636363,2.895151515151515,4.257424242424243,0.6472575757575757,0.8113636363636363,4.7646969696969705,5.575454545454546,2.249848484848485,0.9378787878787878,0.8487878787878789,1.8921212121212123,2.2253030303030306,2013.455078125,,,,,,,,,,,,,,,,,,,,,,16.356737588652482,28.925076452599388,24.059
117422,2021-22,Oscar Tshiebwe,C,PF,Kentucky,SEC,26.0,8.0,8.02,2.0,"Nov 27, 1999",22.59,81,260.0,77.44198312236287,78.72862165963433,82.40568820224719,103.24191279887482,7.0326836158192085,8.718283582089553,9.396641791044775,31.0,34,34,1083.0,35.0,0.626,0.606,0.0,0.42,578.0,19.5,34.6,27.2,6.2,3.2,5.4,12.1,24.1,4.9,3.2,8.0,0.297,9.5,3.8,13.3,0.55,128.4,85.0,0.266,-3.84,8.8,14.5,0.606,8.8,14.5,0.606,0.0,0.0,0.0,4.2,6.1,0.691,19.1,1.3,2.2,2.0,2.4,3.3,21.8,12.7,21.0,12.7,21.0,0.0,0.0,6.1,8.8,27.5,1.9,3.2,2.9,3.5,4.7,31.5,51.0,56.2,77.4,53.2,43.8,39.0,59.7,0.0,0.0,2018-19,ITPS Wildcats,Gold Gauntlet 17U,2.0,2.0,26.0,16.5,6.0,11.0,0.545,0.0,0.0,0.0,4.5,8.0,0.563,5.0,2.5,7.5,1.0,0.5,0.0,1.5,1.5,2017.0,adidas Nations,5.0,21:48,9.8,3.6,6.0,0.6,0.0,0.0,0.0,2.6,3.2,0.812,6.8,0.6,0.6,0.2,0.6,1.6,4th,,16.356737588652482,28.925076452599388,24.001
134799,2021-22,Chet Holmgren,PF,,Gonzaga,WCC,28.0,4.0,4.5,1.0,"May 1, 2002",20.16,84,195.0,77.44198312236287,78.72862165963433,82.40568820224719,103.24191279887482,7.0326836158192085,8.718283582089553,9.396641791044775,1.0,32,31,861.0,31.3,0.691,0.68,0.375,0.354,424.0,8.0,28.7,19.6,11.4,1.6,12.6,15.7,21.6,3.3,3.1,6.3,0.294,7.5,7.5,15.0,1.0,127.0,78.7,0.221,-2.19,7.9,13.0,0.607,6.0,8.1,0.737,1.9,4.9,0.39,3.3,4.6,0.717,14.7,2.8,1.2,5.4,2.8,3.9,21.0,10.7,17.6,8.1,11.0,2.6,6.6,4.5,6.2,19.9,3.8,1.6,7.4,3.8,5.3,28.4,57.0,48.2,80.7,50.5,14.3,50.0,25.0,37.5,78.0,2018-19,Grassroots Sizzle,UAA 17U,8.0,8.0,21.6,7.12,3.0,6.12,0.49,0.5,2.12,0.235,0.62,1.38,0.455,1.62,3.88,5.5,0.62,0.38,1.0,0.88,2.0,2021.0,U19 World Cup,7.0,21:18,11.9,4.4,7.1,0.62,1.0,1.9,0.538,2.0,3.0,0.667,6.1,3.3,0.4,2.7,1.4,2.1,Gold,,16.356737588652482,2.0,24.0
135177,2021-22,Julian Champagnie,SF,,St. John's (NY),Big East,17.0,14.0,6.51,3.0,"Jun 29, 2001",21.0,79,212.4,78.25,79.75,82.0,107.0,7.1,8.75,9.25,162.0,31,31,1060.0,21.6,0.507,0.475,0.361,0.213,530.0,4.1,16.5,10.2,11.0,3.1,3.5,7.3,27.7,2.2,1.9,4.1,0.153,4.5,1.6,6.2,1.37,107.1,97.5,0.3,-0.35,8.3,20.2,0.414,5.9,12.9,0.457,2.5,7.3,0.337,3.4,4.3,0.781,7.8,2.4,2.3,1.3,1.7,1.8,22.5,11.2,27.2,7.9,17.3,3.3,9.8,4.5,5.8,10.5,3.2,3.1,1.8,2.3,2.4,30.3,25.0,30.1,60.2,71.1,33.7,32.8,47.5,36.1,73.8,2018-19,New Heights,UAA 16U,8.0,8.0,27.3,13.5,5.75,9.62,0.597,0.25,1.25,0.2,1.75,3.0,0.583,3.12,4.5,7.62,2.12,1.0,1.38,1.88,2.0,2013.455078125,,,,,,,,,,,,,,,,,,,,,,16.356737588652482,28.925076452599388,24.0
150383,2021-22,Terquavion Smith,PG,SG,NC State,ACC,11.0,21.0,6.37,1.0,"Dec 31, 2002",19.5,76,165.2,74.25,75.75,78.5,98.0,3.8,8.5,8.0,99.0,32,25,1010.0,19.8,0.522,0.503,0.569,0.188,478.0,3.1,12.3,7.4,14.7,2.4,1.6,9.8,27.5,2.3,0.5,2.8,0.111,5.1,-0.1,5.1,1.24,108.3,110.5,0.302,-0.93,7.2,18.1,0.398,3.4,7.8,0.437,3.8,10.3,0.369,2.4,3.4,0.698,5.2,2.7,1.7,0.6,2.1,2.7,20.6,10.6,26.6,5.0,11.5,5.6,15.2,3.5,5.0,7.7,3.9,2.4,0.9,3.1,4.0,30.3,11.0,25.0,50.0,19.3,18.0,35.4,10.3,57.0,69.8,,,,7.424242424242424,6.303030303030303,17.07272727272727,14.229545454545454,5.133787878787879,10.529242424242426,0.4956212121212121,1.0245454545454546,2.880757575757576,0.3238636363636363,2.895151515151515,4.257424242424243,0.6472575757575757,0.8113636363636363,4.7646969696969705,5.575454545454546,2.249848484848485,0.9378787878787878,0.8487878787878789,1.8921212121212123,2.2253030303030306,2013.455078125,,,,,,,,,,,,,,,,,,,,,,16.356737588652482,28.925076452599388,24.0
139379,2021-22,Jeremy Sochan,PF,,Baylor,Big 12,25.0,5.0,8.76,1.0,"May 20, 2003",19.11,81,230.0,77.44198312236287,78.72862165963433,82.40568820224719,103.24191279887482,7.0326836158192085,8.718283582089553,9.396641791044775,114.0,30,1,754.0,19.6,0.546,0.531,0.384,0.427,282.0,8.9,20.6,14.7,12.3,2.9,3.2,15.6,19.6,1.6,1.9,3.4,0.182,3.6,4.4,8.0,1.13,111.7,89.8,0.176,-1.54,5.3,11.2,0.474,4.0,6.9,0.585,1.3,4.3,0.296,2.8,4.8,0.589,10.1,2.8,2.0,1.1,2.5,3.7,14.7,7.7,16.3,5.9,10.1,1.9,6.3,4.1,7.0,14.8,4.1,2.9,1.6,3.6,5.3,21.4,15.0,30.3,75.0,64.6,31.3,42.4,32.1,38.4,87.5,,,,7.424242424242424,6.303030303030303,17.07272727272727,14.229545454545454,5.133787878787879,10.529242424242426,0.4956212121212121,1.0245454545454546,2.880757575757576,0.3238636363636363,2.895151515151515,4.257424242424243,0.6472575757575757,0.8113636363636363,4.7646969696969705,5.575454545454546,2.249848484848485,0.9378787878787878,0.8487878787878789,1.8921212121212123,2.2253030303030306,2019.0,U16 Euro Championship B,16.0,20:09,10.1,4.0,8.2,0.485,0.4,1.8,0.25,1.6,2.8,0.578,6.4,1.9,1.9,1.0,1.2,1.4,Gold,,16.356737588652482,9.0,24.0
132159,2021-22,Trevion Williams,PF,C,Purdue,Big Ten,29.0,8.0,8.23,4.0,"Sep 16, 2000",21.79,80,264.6,79.25,80.75,86.75,108.5,10.8,9.0,10.25,154.0,37,4,744.0,31.9,0.565,0.554,0.042,0.372,473.0,14.4,28.7,22.0,34.1,2.8,3.5,16.8,32.5,3.0,1.6,4.6,0.245,7.4,4.4,11.9,1.42,114.9,93.8,0.287,-0.6,9.8,17.9,0.547,9.5,17.2,0.555,0.3,0.8,0.357,4.0,6.7,0.597,14.8,6.0,1.9,1.2,4.2,4.2,23.8,14.7,26.9,14.3,25.7,0.4,1.1,6.0,10.0,22.2,9.0,2.8,1.9,6.4,6.3,35.7,17.0,36.0,70.0,46.4,59.8,46.7,17.2,4.2,80.0,,,,7.424242424242424,6.303030303030303,17.07272727272727,14.229545454545454,5.133787878787879,10.529242424242426,0.4956212121212121,1.0245454545454546,2.880757575757576,0.3238636363636363,2.895151515151515,4.257424242424243,0.6472575757575757,0.8113636363636363,4.7646969696969705,5.575454545454546,2.249848484848485,0.9378787878787878,0.8487878787878789,1.8921212121212123,2.2253030303030306,2019.0,U19 World Cup,7.0,13:45,8.7,3.3,7.4,0.442,0.0,0.3,0.0,2.1,4.1,0.517,6.6,1.7,1.1,0.1,1.6,2.3,Gold,,16.356737588652482,28.925076452599388,24.0
117531,2021-22,Kennedy Chandler,PG,,Tennessee,SEC,27.0,7.0,9.94,1.0,"Sep 16, 2002",19.79,73,172.2,71.5,72.5,77.25,97.0,4.4,8.5,9.5,9.0,34,34,1048.0,20.2,0.539,0.527,0.327,0.253,479.0,2.5,9.7,6.0,32.3,4.1,0.9,16.2,25.0,2.2,2.4,4.6,0.176,4.2,4.8,9.0,1.89,107.8,92.1,0.384,2.13,6.9,15.0,0.464,5.1,10.1,0.504,1.9,4.9,0.383,2.3,3.8,0.606,4.2,6.1,2.8,0.3,3.2,2.6,18.1,10.1,21.8,7.4,14.7,2.7,7.1,3.3,5.5,6.1,9.0,4.1,0.4,4.7,3.8,26.3,9.0,44.4,59.2,29.1,23.0,33.3,23.3,32.7,79.6,,,,7.424242424242424,6.303030303030303,17.07272727272727,14.229545454545454,5.133787878787879,10.529242424242426,0.4956212121212121,1.0245454545454546,2.880757575757576,0.3238636363636363,2.895151515151515,4.257424242424243,0.6472575757575757,0.8113636363636363,4.7646969696969705,5.575454545454546,2.249848484848485,0.9378787878787878,0.8487878787878789,1.8921212121212123,2.2253030303030306,2021.0,U19 World Cup,7.0,19:49,7.7,3.0,7.1,0.42,1.3,3.3,0.391,0.4,0.6,0.75,2.9,3.4,1.4,0.0,2.0,1.6,Gold,,16.356737588652482,38.0,23.335
117357,2021-22,Justin Lewis,PF,,Marquette,Big East,19.0,13.0,8.96,1.0,"Apr 12, 2002",20.22,79,235.4,78.25,79.5,86.5,105.5,7.3,9.0,10.5,106.0,32,32,1030.0,19.9,0.539,0.506,0.375,0.264,488.0,4.2,21.6,13.4,11.0,1.9,2.0,11.1,27.5,1.8,1.8,3.6,0.138,3.9,1.3,5.2,0.87,103.8,97.6,0.289,-2.42,7.6,17.2,0.44,5.3,10.8,0.495,2.3,6.4,0.349,3.5,4.5,0.761,9.9,2.1,1.4,0.8,2.4,2.7,20.9,10.6,24.0,7.4,15.0,3.1,9.0,4.8,6.4,13.8,2.9,1.9,1.1,3.4,3.7,29.1,31.0,30.7,64.0,51.7,31.8,35.5,50.0,37.5,89.7,2018-19,Team Melo,Nike 17U,5.0,3.0,11.4,9.6,3.8,12.2,0.311,0.0,1.8,0.0,1.8,3.0,0.6,0.0,7.8,7.8,2.6,0.4,1.0,2.2,3.4,2013.455078125,,,,,,,,,,,,,,,,,,,,,,16.356737588652482,28.925076452599388,22.995
135416,2021-22,Harrison Ingram,SF,PF,Stanford,Pac-12,16.0,16.0,8.59,1.0,"Nov 27, 2002",19.59,79,232.8,77.25,79.0,84.25,103.5,8.3,9.0,10.0,19.0,32,30,995.0,14.9,0.479,0.446,0.375,0.309,362.0,6.9,19.1,12.9,20.3,1.8,0.9,17.0,21.8,1.1,1.2,2.3,0.094,2.2,1.3,3.4,1.35,100.6,103.0,0.281,-0.76,4.8,12.3,0.388,3.3,7.7,0.432,1.4,4.6,0.313,2.5,3.8,0.663,8.6,3.9,1.2,0.3,2.9,2.2,13.5,7.2,18.5,5.0,11.6,2.2,6.9,3.8,5.7,12.9,5.8,1.8,0.5,4.3,3.2,20.3,6.0,34.9,51.4,21.8,27.7,32.9,14.3,37.5,77.8,,,,7.424242424242424,6.303030303030303,17.07272727272727,14.229545454545454,5.133787878787879,10.529242424242426,0.4956212121212121,1.0245454545454546,2.880757575757576,0.3238636363636363,2.895151515151515,4.257424242424243,0.6472575757575757,0.8113636363636363,4.7646969696969705,5.575454545454546,2.249848484848485,0.9378787878787878,0.8487878787878789,1.8921212121212123,2.2253030303030306,2021.0,U19 World Cup,7.0,17:32,4.6,1.4,4.0,0.357,0.6,1.7,0.333,1.1,1.9,0.615,4.1,1.0,1.7,0.1,1.3,1.0,Gold,,16.356737588652482,28.925076452599388,22.981
131835,2021-22,Blake Wesley,SG,,Notre Dame,ACC,24.0,11.0,7.01,1.0,"Mar 16, 2003",19.29,76,187.2,75.0,76.25,81.25,103.0,5.6,8.25,9.0,121.0,35,28,1027.0,16.9,0.495,0.465,0.404,0.324,491.0,3.0,11.6,7.5,17.4,2.6,0.2,13.1,31.3,1.1,1.4,2.5,0.098,0.5,0.8,1.3,1.09,97.2,101.1,0.287,-2.13,6.9,17.2,0.404,4.8,10.2,0.471,2.1,6.9,0.303,3.7,5.6,0.657,5.0,3.3,1.7,0.1,3.0,2.6,19.6,10.5,26.1,7.3,15.5,3.2,10.5,5.6,8.5,7.6,5.0,2.6,0.1,4.6,4.0,29.8,18.0,36.3,53.8,26.7,23.4,36.9,5.3,40.4,66.7,,,,7.424242424242424,6.303030303030303,17.07272727272727,14.229545454545454,5.133787878787879,10.529242424242426,0.4956212121212121,1.0245454545454546,2.880757575757576,0.3238636363636363,2.895151515151515,4.257424242424243,0.6472575757575757,0.8113636363636363,4.7646969696969705,5.575454545454546,2.249848484848485,0.9378787878787878,0.8487878787878789,1.8921212121212123,2.2253030303030306,2013.455078125,,,,,,,,,,,,,,,,,,,,,,16.356737588652482,25.0,22.0
88817,2021-22,Brady Manek,PF,C,UNC,ACC,29.0,10.0,8.89,4.0,"Sep 4, 1998",23.82,81,220.0,77.44198312236287,78.72862165963433,82.40568820224719,103.24191279887482,7.0326836158192085,8.718283582089553,9.396641791044775,117.0,39,27,1187.0,22.0,0.613,0.604,0.547,0.171,525.0,5.5,16.0,10.9,11.8,1.1,2.3,10.9,22.3,3.7,1.5,5.3,0.177,6.8,2.2,8.9,1.19,121.4,102.5,0.269,-1.01,7.4,15.0,0.493,4.1,6.8,0.602,3.3,8.2,0.403,1.8,2.6,0.697,8.0,2.4,0.8,0.9,2.0,2.2,19.8,10.5,21.3,5.8,9.6,4.7,11.6,2.5,3.6,11.4,3.4,1.1,1.3,2.8,3.1,28.2,24.0,26.6,78.8,60.2,18.7,33.7,42.9,54.7,100.0,,,,7.424242424242424,6.303030303030303,17.07272727272727,14.229545454545454,5.133787878787879,10.529242424242426,0.4956212121212121,1.0245454545454546,2.880757575757576,0.3238636363636363,2.895151515151515,4.257424242424243,0.6472575757575757,0.8113636363636363,4.7646969696969705,5.575454545454546,2.249848484848485,0.9378787878787878,0.8487878787878789,1.8921212121212123,2.2253030303030306,2013.455078125,,,,,,,,,,,,,,,,,,,,,,16.356737588652482,28.925076452599388,22.0
175934,2021-22,Josh Minott,PF,,Memphis,AAC,22.0,11.0,7.86,1.0,"Nov 25, 2002",19.59,80,205.0,77.44198312236287,78.72862165963433,82.40568820224719,103.24191279887482,7.0326836158192085,8.718283582089553,9.396641791044775,45.0,33,5,483.0,23.7,0.571,0.528,0.088,0.409,215.0,12.9,15.7,14.4,12.8,3.1,5.4,14.0,21.9,1.4,1.0,2.4,0.199,3.8,3.4,7.2,1.0,117.6,93.7,0.128,-2.08,6.9,13.2,0.522,6.7,12.0,0.559,0.2,1.2,0.143,4.1,5.4,0.754,10.3,2.6,2.2,1.8,2.6,4.8,18.0,9.7,18.5,9.4,16.9,0.2,1.6,5.7,7.6,14.5,3.6,3.1,2.6,3.6,6.8,25.3,25.0,71.7,61.4,54.3,19.5,35.5,72.7,8.8,100.0,,,,7.424242424242424,6.303030303030303,17.07272727272727,14.229545454545454,5.133787878787879,10.529242424242426,0.4956212121212121,1.0245454545454546,2.880757575757576,0.3238636363636363,2.895151515151515,4.257424242424243,0.6472575757575757,0.8113636363636363,4.7646969696969705,5.575454545454546,2.249848484848485,0.9378787878787878,0.8487878787878789,1.8921212121212123,2.2253030303030306,2013.455078125,,,,,,,,,,,,,,,,,,,,,,16.356737588652482,45.0,21.968
169177,2021-22,Ryan Rollins,SG,PG,Toledo,MAC,26.0,8.0,-3.22,2.0,"Jul 3, 2002",19.99,75,179.2,74.0,75.25,81.75,100.5,5.0,8.0,8.5,400.0,34,34,1111.0,24.7,0.559,0.515,0.304,0.327,613.0,2.4,16.2,9.7,20.5,3.0,0.9,11.7,28.9,3.6,2.2,5.8,0.208,3.4,2.0,5.4,1.62,114.0,95.1,0.349,0.7,8.4,17.9,0.468,6.7,12.4,0.536,1.7,5.4,0.311,4.7,5.8,0.802,7.3,4.4,2.1,0.3,2.7,3.0,23.1,11.9,25.4,9.5,17.7,2.4,7.7,6.7,8.3,10.4,6.3,3.0,0.5,3.9,4.3,32.8,12.0,35.9,60.7,22.2,33.7,46.1,19.5,30.4,66.0,,,,7.424242424242424,6.303030303030303,17.07272727272727,14.229545454545454,5.133787878787879,10.529242424242426,0.4956212121212121,1.0245454545454546,2.880757575757576,0.3238636363636363,2.895151515151515,4.257424242424243,0.6472575757575757,0.8113636363636363,4.7646969696969705,5.575454545454546,2.249848484848485,0.9378787878787878,0.8487878787878789,1.8921212121212123,2.2253030303030306,2013.455078125,,,,,,,,,,,,,,,,,,,,,,16.356737588652482,44.0,21.058
121151,2021-22,Ron Harper Jr,SF,PF,Rutgers,Big Ten,18.0,14.0,6.81,4.0,"Apr 12, 2000",22.22,77,240.4,76.0,77.5,85.25,105.5,14.3,9.5,10.0,175.0,32,32,1098.0,20.5,0.57,0.53,0.442,0.315,458.0,4.4,15.6,10.0,11.6,1.8,2.2,10.5,24.0,2.9,1.5,4.4,0.159,4.8,1.6,6.4,1.17,114.3,101.7,0.281,-1.08,6.2,14.1,0.442,3.8,7.9,0.477,2.5,6.2,0.398,3.5,4.4,0.795,6.8,2.2,1.2,0.7,1.9,2.4,18.5,9.5,21.5,5.7,12.0,3.8,9.5,5.4,6.8,10.4,3.4,1.8,1.1,2.9,3.6,28.2,13.0,33.1,57.8,51.4,22.7,33.0,20.7,44.2,80.9,,,,7.424242424242424,6.303030303030303,17.07272727272727,14.229545454545454,5.133787878787879,10.529242424242426,0.4956212121212121,1.0245454545454546,2.880757575757576,0.3238636363636363,2.895151515151515,4.257424242424243,0.6472575757575757,0.8113636363636363,4.7646969696969705,5.575454545454546,2.249848484848485,0.9378787878787878,0.8487878787878789,1.8921212121212123,2.2253030303030306,2013.455078125,,,,,,,,,,,,,,,,,,,,,,16.356737588652482,28.925076452599388,21.0
162031,2021-22,Jabari Walker,PF,,Colorado,Pac-12,21.0,12.0,6.15,2.0,"Jul 30, 2002",19.92,80,213.8,78.75,80.0,82.75,105.0,12.1,8.75,9.75,172.0,33,33,928.0,23.0,0.57,0.513,0.3,0.467,456.0,8.9,29.3,19.5,10.0,1.5,2.6,15.2,27.6,2.3,2.0,4.3,0.185,3.8,1.8,5.7,0.54,109.8,93.8,0.246,-5.28,6.9,15.0,0.461,5.3,10.5,0.51,1.6,4.5,0.346,5.5,7.0,0.784,13.4,1.8,1.0,0.9,3.3,3.6,20.8,10.1,21.9,7.8,15.3,2.3,6.6,8.0,10.2,19.5,2.6,1.5,1.4,4.8,5.2,30.5,26.0,54.2,55.3,37.5,15.9,36.4,55.0,30.0,83.3,,,,7.424242424242424,6.303030303030303,17.07272727272727,14.229545454545454,5.133787878787879,10.529242424242426,0.4956212121212121,1.0245454545454546,2.880757575757576,0.3238636363636363,2.895151515151515,4.257424242424243,0.6472575757575757,0.8113636363636363,4.7646969696969705,5.575454545454546,2.249848484848485,0.9378787878787878,0.8487878787878789,1.8921212121212123,2.2253030303030306,2013.455078125,,,,,,,,,,,,,,,,,,,,,,16.356737588652482,57.0,21.0
137930,2021-22,Aminu Mohammed,SG,SF,Georgetown,Big East,6.0,25.0,8.03,1.0,"Dec 15, 2001",20.54,77,212.8,75.5,77.0,83.0,104.0,5.1,8.75,9.5,24.0,31,31,999.0,18.2,0.466,0.403,0.154,0.448,439.0,10.1,17.6,13.6,11.7,2.9,2.0,12.9,25.0,1.3,0.9,2.2,0.086,2.0,0.2,2.2,0.82,100.9,106.8,0.258,-2.94,5.7,15.1,0.379,5.0,12.8,0.392,0.7,2.3,0.31,4.9,6.8,0.722,10.1,2.2,2.0,0.7,2.7,3.2,17.1,8.1,21.3,7.0,18.0,1.0,3.3,6.9,9.5,14.3,3.2,2.9,1.0,3.8,4.6,24.0,14.0,62.3,44.3,38.5,22.3,25.0,23.8,15.4,88.9,,,,7.424242424242424,6.303030303030303,17.07272727272727,14.229545454545454,5.133787878787879,10.529242424242426,0.4956212121212121,1.0245454545454546,2.880757575757576,0.3238636363636363,2.895151515151515,4.257424242424243,0.6472575757575757,0.8113636363636363,4.7646969696969705,5.575454545454546,2.249848484848485,0.9378787878787878,0.8487878787878789,1.8921212121212123,2.2253030303030306,2013.455078125,,,,,,,,,,,,,,,,,,,,,,16.356737588652482,28.925076452599388,20.071
136248,2021-22,Keon Ellis,SG,,Alabama,SEC,19.0,14.0,11.59,4.0,"Jan 8, 2000",22.48,77,167.4,75.5,76.75,80.5,102.0,3.8,8.0,9.25,169.0,33,33,1021.0,19.9,0.614,0.559,0.658,0.363,386.0,6.4,14.5,10.5,10.2,3.4,1.9,13.8,17.1,2.9,1.3,4.2,0.165,5.7,3.8,9.5,1.13,125.1,102.1,0.199,-1.16,4.8,10.9,0.439,2.2,3.7,0.579,2.6,7.2,0.366,3.5,4.0,0.881,7.9,2.3,2.5,0.7,2.0,3.4,15.7,6.5,14.9,2.9,5.1,3.6,9.8,4.8,5.4,10.8,3.2,3.4,1.0,2.8,4.7,21.4,12.0,24.1,71.6,37.5,10.1,25.0,14.3,65.8,85.1,,,,7.424242424242424,6.303030303030303,17.07272727272727,14.229545454545454,5.133787878787879,10.529242424242426,0.4956212121212121,1.0245454545454546,2.880757575757576,0.3238636363636363,2.895151515151515,4.257424242424243,0.6472575757575757,0.8113636363636363,4.7646969696969705,5.575454545454546,2.249848484848485,0.9378787878787878,0.8487878787878789,1.8921212121212123,2.2253030303030306,2013.455078125,,,,,,,,,,,,,,,,,,,,,,16.356737588652482,28.925076452599388,20.018
143343,2021-22,AJ Griffin,SF,SG,Duke,ACC,32.0,7.0,7.26,1.0,"Aug 25, 2003",18.85,78,220.0,77.44198312236287,78.72862165963433,82.40568820224719,103.24191279887482,7.0326836158192085,8.718283582089553,9.396641791044775,18.0,39,25,935.0,20.7,0.63,0.613,0.537,0.179,349.0,3.9,13.7,9.1,7.0,1.3,2.3,7.2,18.8,3.0,1.2,4.2,0.18,6.6,1.5,8.1,1.52,128.9,102.3,0.159,0.04,6.2,12.7,0.493,3.2,5.9,0.547,3.0,6.8,0.447,1.8,2.3,0.792,6.5,1.6,0.9,0.9,1.1,1.8,17.3,9.2,18.6,4.7,8.6,4.5,10.0,2.6,3.3,9.6,2.4,1.3,1.4,1.6,2.6,25.4,8.0,23.0,64.7,43.2,23.3,44.9,16.1,53.7,83.1,,,,7.424242424242424,6.303030303030303,17.07272727272727,14.229545454545454,5.133787878787879,10.529242424242426,0.4956212121212121,1.0245454545454546,2.880757575757576,0.3238636363636363,2.895151515151515,4.257424242424243,0.6472575757575757,0.8113636363636363,4.7646969696969705,5.575454545454546,2.249848484848485,0.9378787878787878,0.8487878787878789,1.8921212121212123,2.2253030303030306,2019.0,U16 Americas Championship,4.0,18:23,13.5,5.0,10.5,0.476,1.0,2.8,0.364,2.5,3.5,0.714,4.2,2.8,3.3,0.3,0.8,1.5,Gold,,16.356737588652482,16.0,20.017
134247,2021-22,David Roddy,PF,,Colorado State,MWC,25.0,6.0,4.77,3.0,"Mar 27, 2001",21.26,78,260.8,76.5,78.0,83.5,105.0,11.6,8.75,10.0,400.0,31,31,1021.0,30.3,0.645,0.63,0.27,0.391,574.0,7.4,21.0,14.5,19.8,2.1,4.1,13.5,28.8,4.4,1.8,6.3,0.246,8.7,2.3,11.1,1.24,121.9,97.0,0.379,-1.29,8.7,15.2,0.571,6.9,11.1,0.62,1.8,4.1,0.438,4.1,6.0,0.691,9.2,3.5,1.4,1.3,2.8,2.8,23.3,13.2,23.1,10.5,16.9,2.7,6.2,6.2,9.0,13.9,5.3,2.1,2.0,4.3,4.2,35.3,27.0,44.9,72.0,51.2,27.8,47.1,22.4,27.3,68.2,2018-19,Howard Pulley,Nike 17U,10.0,9.0,9.7,15.3,5.7,11.7,0.487,0.9,3.0,0.3,3.0,4.8,0.625,0.0,7.1,7.1,2.9,1.7,0.7,2.3,3.2,2013.455078125,,,,,,,,,,,,,,,,,,,,,,16.356737588652482,23.0,19.998
151325,2021-22,Bryce McGowens,SG,,Nebraska,Big Ten,9.0,22.0,8.25,1.0,"Nov 8, 2002",19.64,78,181.2,77.25,78.5,80.75,103.5,5.4,8.75,9.5,29.0,31,31,1032.0,16.9,0.533,0.453,0.368,0.491,486.0,2.4,14.6,8.7,8.6,1.2,1.0,11.7,27.2,1.6,0.6,2.2,0.086,2.3,-1.0,1.3,0.66,103.0,110.0,0.253,-3.35,6.2,15.4,0.403,4.7,9.7,0.478,1.6,5.7,0.274,6.3,7.6,0.831,6.2,1.7,0.9,0.4,2.5,2.4,20.2,8.6,21.4,6.5,13.5,2.2,7.9,8.7,10.5,8.7,2.3,1.2,0.5,3.5,3.3,28.1,18.0,41.3,56.1,27.2,21.9,32.2,14.3,36.8,77.5,,,,7.424242424242424,6.303030303030303,17.07272727272727,14.229545454545454,5.133787878787879,10.529242424242426,0.4956212121212121,1.0245454545454546,2.880757575757576,0.3238636363636363,2.895151515151515,4.257424242424243,0.6472575757575757,0.8113636363636363,4.7646969696969705,5.575454545454546,2.249848484848485,0.9378787878787878,0.8487878787878789,1.8921212121212123,2.2253030303030306,2013.455078125,,,,,,,,,,,,,,,,,,,,,,16.356737588652482,40.0,19.153
135764,2021-22,Jalen Williams,SG,SF,Santa Clara,WCC,21.0,12.0,3.61,3.0,"Apr 14, 2001",21.21,78,209.2,76.5,77.75,86.25,105.5,8.9,8.5,9.5,242.0,33,33,1150.0,22.8,0.601,0.562,0.248,0.33,589.0,2.0,11.7,7.2,22.6,1.9,1.5,12.3,25.0,3.8,1.5,5.3,0.184,4.8,1.2,6.0,1.99,118.2,102.6,0.375,1.87,7.6,14.9,0.513,6.2,11.2,0.551,1.5,3.7,0.396,4.0,4.9,0.809,5.1,4.8,1.4,0.6,2.4,3.0,20.7,10.7,20.8,8.6,15.6,2.0,5.2,5.6,6.9,7.1,6.7,1.9,0.9,3.4,4.1,28.9,25.0,44.0,65.4,35.8,31.1,40.6,16.7,24.8,69.0,2018-19,Team Lillard,Gold Gauntlet 17U,4.0,2.0,16.3,3.0,1.25,4.25,0.294,0.0,0.5,0.0,0.5,1.5,0.333,0.5,1.0,1.5,1.25,0.25,0.0,0.75,2.25,2013.455078125,,,,,,,,,,,,,,,,,,,,,,16.356737588652482,12.0,19.0
152736,2021-22,Jaylin Williams,C,PF,Arkansas,SEC,28.0,9.0,8.62,2.0,"Jun 29, 2002",20.0,82,236.6,80.75,82.0,85.0,108.5,8.0,8.5,10.5,120.0,37,35,1171.0,18.9,0.538,0.489,0.231,0.455,417.0,5.3,29.3,17.2,15.3,2.3,4.0,15.2,18.2,1.9,3.0,4.9,0.167,2.7,5.2,7.9,1.42,108.9,89.3,0.244,-0.3,4.9,10.5,0.461,4.3,8.1,0.527,0.6,2.4,0.239,3.5,4.8,0.729,12.4,3.2,1.6,1.4,2.3,3.3,13.8,6.7,14.6,5.9,11.2,0.8,3.4,4.8,6.6,17.3,4.5,2.3,1.9,3.2,4.7,19.1,14.0,49.4,59.2,64.4,27.6,41.2,54.3,23.1,100.0,,,,7.424242424242424,6.303030303030303,17.07272727272727,14.229545454545454,5.133787878787879,10.529242424242426,0.4956212121212121,1.0245454545454546,2.880757575757576,0.3238636363636363,2.895151515151515,4.257424242424243,0.6472575757575757,0.8113636363636363,4.7646969696969705,5.575454545454546,2.249848484848485,0.9378787878787878,0.8487878787878789,1.8921212121212123,2.2253030303030306,2013.455078125,,,,,,,,,,,,,,,,,,,,,,16.356737588652482,34.0,19.0
132289,2021-22,Orlando Robinson,C,PF,Fresno State,MWC,23.0,13.0,1.94,3.0,"Jul 10, 2000",21.97,83,244.4,81.75,83.0,88.0,111.0,9.5,8.75,10.0,365.0,36,36,1196.0,29.8,0.559,0.519,0.202,0.434,698.0,10.0,21.7,15.9,23.0,1.9,4.9,12.6,33.7,4.5,2.9,7.4,0.246,7.7,2.8,10.6,1.14,113.5,90.9,0.414,-1.97,8.4,17.4,0.484,7.2,13.8,0.517,1.2,3.5,0.352,5.4,7.5,0.716,10.1,3.4,1.2,1.4,3.0,2.9,23.4,13.4,27.8,11.5,22.2,2.0,5.6,8.6,12.0,16.1,5.5,1.9,2.3,4.8,4.6,37.5,27.0,37.8,64.3,34.1,42.0,40.4,27.3,20.2,89.2,2018-19,Las Vegas Knicks,Gold Gauntlet 17U,4.0,4.0,26.3,8.75,4.0,7.0,0.571,0.0,1.25,0.0,0.75,2.0,0.375,1.75,2.75,4.5,0.5,1.5,3.0,1.5,1.75,2013.455078125,,,,,,,,,,,,,,,,,,,,,,16.356737588652482,28.925076452599388,18.969
131565,2021-22,Christian Koloko,C,,Arizona,Pac-12,33.0,4.0,6.84,3.0,"Jun 20, 2000",22.03,84,221.0,82.75,84.0,89.25,113.0,5.7,9.0,10.75,187.0,37,37,941.0,28.0,0.661,0.635,0.01,0.472,437.0,12.1,18.0,15.4,9.8,1.6,10.3,14.3,20.7,3.4,2.4,5.9,0.25,5.2,5.3,10.5,0.86,127.3,88.6,0.209,-2.5,7.8,12.2,0.635,7.8,12.1,0.642,0.0,0.1,0.0,4.3,5.8,0.735,11.5,2.2,1.2,4.3,2.5,4.4,19.8,10.7,16.8,10.7,16.7,0.0,0.2,5.8,7.9,15.8,3.0,1.6,6.0,3.4,6.0,27.2,84.0,67.0,74.1,74.1,31.9,43.5,57.5,1.0,0.0,2018-19,Oakland Soldiers,Nike 17U,10.0,4.0,12.7,6.8,2.5,4.5,0.556,0.0,0.2,0.0,1.6,3.3,0.485,0.0,5.8,5.8,0.7,0.4,2.8,0.7,3.3,2013.455078125,,,,,,,,,,,,,,,,,,,,,,16.356737588652482,33.0,18.914
135254,2021-22,Jordan Hall,SG,PG,St. Joseph's,AAC,11.0,19.0,2.46,2.0,"Jan 14, 2002",20.46,79,215.0,77.44198312236287,78.72862165963433,82.40568820224719,103.24191279887482,7.0326836158192085,8.718283582089553,9.396641791044775,400.0,30,29,1048.0,16.2,0.496,0.478,0.47,0.143,471.0,3.1,17.9,10.6,35.5,2.1,0.5,19.7,25.9,1.1,1.6,2.7,0.105,1.8,1.3,3.0,1.66,98.4,99.7,0.443,1.04,6.0,15.3,0.393,3.4,8.1,0.42,2.6,7.2,0.362,1.6,2.2,0.737,7.6,6.6,1.4,0.2,4.0,2.9,16.2,8.8,22.3,5.0,11.8,3.8,10.5,2.3,3.2,11.1,9.7,2.1,0.3,5.9,4.2,23.6,1.0,18.0,54.2,15.4,35.0,35.7,12.0,47.0,55.9,2018-19,Team Rio,UAA 16U,8.0,7.0,23.5,7.88,2.62,6.38,0.412,1.62,3.88,0.419,1.0,1.38,0.727,1.25,2.88,4.12,2.25,1.38,0.12,1.88,3.88,2013.455078125,,,,,,,,,,,,,,,,,,,,,,16.356737588652482,28.925076452599388,18.747
117526,2021-22,Patrick Baldwin Jr,SF,,Wisconsin-Milwaukee,Horizon,3.0,8.0,-6.32,1.0,"Nov 18, 2002",19.61,82,230.8,81.25,82.25,85.75,110.5,8.9,8.75,9.5,8.0,11,10,314.0,13.9,0.45,0.408,0.489,0.267,127.0,3.7,17.9,11.2,12.0,1.7,3.2,13.5,28.3,0.0,0.4,0.4,0.046,-0.8,-1.0,-1.8,0.74,89.3,102.7,0.254,-3.71,5.7,16.7,0.344,3.6,8.5,0.418,2.2,8.2,0.266,3.3,4.5,0.743,8.2,2.2,1.1,1.1,2.9,2.2,16.9,8.4,24.5,5.2,12.6,3.2,12.0,4.9,6.6,12.0,3.2,1.7,1.7,4.3,3.2,24.9,3.0,22.0,51.9,35.7,30.9,36.8,42.9,47.2,62.5,,,,7.424242424242424,6.303030303030303,17.07272727272727,14.229545454545454,5.133787878787879,10.529242424242426,0.4956212121212121,1.0245454545454546,2.880757575757576,0.3238636363636363,2.895151515151515,4.257424242424243,0.6472575757575757,0.8113636363636363,4.7646969696969705,5.575454545454546,2.249848484848485,0.9378787878787878,0.8487878787878789,1.8921212121212123,2.2253030303030306,2021.0,U19 World Cup,7.0,17:14,7.7,3.0,6.3,0.477,1.3,4.0,0.321,0.4,0.7,0.6,5.0,1.9,0.4,0.6,0.9,1.6,Gold,,16.356737588652482,28.0,18.206
117369,2021-22,Julian Strawther,SF,SG,Gonzaga,WCC,28.0,4.0,4.5,2.0,"Apr 18, 2002",20.2,79,207.6,77.75,79.0,81.5,104.5,7.9,8.25,8.5,72.0,32,31,856.0,18.7,0.615,0.598,0.546,0.288,344.0,5.8,14.5,10.7,5.7,1.1,0.6,7.8,18.7,2.6,1.8,4.4,0.205,5.0,1.9,6.8,1.23,126.1,93.9,0.16,-0.51,6.3,12.7,0.498,3.8,5.7,0.659,2.5,6.9,0.365,2.6,3.6,0.705,8.0,1.5,0.8,0.3,1.2,3.0,17.7,8.5,17.2,5.1,7.8,3.4,9.4,3.5,4.9,10.9,2.0,1.1,0.4,1.6,4.1,24.0,6.0,28.7,70.5,52.7,16.9,56.5,23.1,54.4,98.1,2018-19,Las Vegas Prospects,Nike 17U,10.0,10.0,2.9,14.2,5.0,13.3,0.376,1.7,6.2,0.274,2.5,4.1,0.61,0.0,5.5,5.5,1.2,1.4,0.8,2.2,2.8,2019.0,U19 World Cup,7.0,28:44,22.0,8.3,18.3,0.453,1.6,6.6,0.239,3.9,6.0,0.643,6.1,1.4,1.1,0.4,1.9,2.3,6th,,16.356737588652482,28.925076452599388,18.0
90019,2021-22,Kellan Grady,SG,,Kentucky,SEC,26.0,8.0,8.02,4.0,"Sep 11, 1997",24.8,78,205.0,77.44198312236287,78.72862165963433,82.40568820224719,103.24191279887482,7.0326836158192085,8.718283582089553,9.396641791044775,95.0,34,34,1119.0,13.8,0.602,0.591,0.7,0.129,325.0,1.0,6.1,3.6,6.2,1.4,0.2,7.7,15.2,2.6,1.4,4.0,0.143,4.2,2.0,6.1,1.63,126.7,103.1,0.174,0.21,4.8,10.8,0.446,1.7,3.3,0.516,3.1,7.6,0.415,1.0,1.4,0.744,2.5,1.6,1.0,0.1,1.0,1.4,13.8,7.0,15.7,2.4,4.7,4.5,11.0,1.5,2.0,3.7,2.3,1.4,0.1,1.4,2.0,20.0,7.0,11.2,79.4,25.9,18.8,35.1,20.0,70.0,84.1,,,,7.424242424242424,6.303030303030303,17.07272727272727,14.229545454545454,5.133787878787879,10.529242424242426,0.4956212121212121,1.0245454545454546,2.880757575757576,0.3238636363636363,2.895151515151515,4.257424242424243,0.6472575757575757,0.8113636363636363,4.7646969696969705,5.575454545454546,2.249848484848485,0.9378787878787878,0.8487878787878789,1.8921212121212123,2.2253030303030306,2013.455078125,,,,,,,,,,,,,,,,,,,,,,16.356737588652482,28.925076452599388,17.981
132629,2021-22,Mark Williams,C,,Duke,ACC,32.0,7.0,7.26,2.0,"Dec 16, 2001",20.54,85,242.4,84.0,86.0,90.5,117.0,5.4,9.0,9.75,28.0,39,39,922.0,33.1,0.726,0.721,0.004,0.291,407.0,13.2,21.2,17.5,7.1,1.2,11.4,10.7,18.6,4.3,2.0,6.3,0.271,7.8,4.8,12.5,0.97,142.0,93.2,0.195,-1.39,8.3,11.5,0.721,8.3,11.5,0.723,0.0,0.0,0.0,2.4,3.3,0.727,12.5,1.5,0.8,4.8,1.6,3.5,19.0,12.2,16.9,12.2,16.8,0.0,0.1,3.6,4.9,18.4,2.2,1.2,7.0,2.3,5.1,27.9,96.0,83.4,78.7,70.7,16.2,39.5,82.4,0.4,0.0,,,,7.424242424242424,6.303030303030303,17.07272727272727,14.229545454545454,5.133787878787879,10.529242424242426,0.4956212121212121,1.0245454545454546,2.880757575757576,0.3238636363636363,2.895151515151515,4.257424242424243,0.6472575757575757,0.8113636363636363,4.7646969696969705,5.575454545454546,2.249848484848485,0.9378787878787878,0.8487878787878789,1.8921212121212123,2.2253030303030306,2013.455078125,,,,,,,,,,,,,,,,,,,,,,16.356737588652482,15.0,17.885
135606,2021-22,TyTy Washington,SG,PG,Kentucky,SEC,23.0,8.0,8.02,1.0,"Nov 15, 2001",20.62,75,196.4,74.25,75.75,80.0,99.5,12.0,8.5,9.25,15.0,31,29,905.0,19.3,0.528,0.504,0.306,0.19,391.0,2.6,10.7,6.8,22.7,2.6,0.7,12.2,22.5,2.4,1.5,3.9,0.171,4.1,3.3,7.4,2.35,114.8,98.4,0.288,3.18,6.7,14.9,0.451,5.1,10.3,0.496,1.6,4.6,0.35,2.1,2.8,0.75,4.7,5.3,1.8,0.3,2.3,2.1,17.1,9.7,21.5,7.4,14.9,2.3,6.6,3.1,4.1,6.8,7.7,2.6,0.4,3.3,3.0,24.8,2.0,18.7,68.3,25.6,50.7,42.7,17.8,30.6,80.6,,,,7.424242424242424,6.303030303030303,17.07272727272727,14.229545454545454,5.133787878787879,10.529242424242426,0.4956212121212121,1.0245454545454546,2.880757575757576,0.3238636363636363,2.895151515151515,4.257424242424243,0.6472575757575757,0.8113636363636363,4.7646969696969705,5.575454545454546,2.249848484848485,0.9378787878787878,0.8487878787878789,1.8921212121212123,2.2253030303030306,2013.455078125,,,,,,,,,,,,,,,,,,,,,,16.356737588652482,29.0,16.939
128473,2021-22,Trevor Keels,SG,,Duke,ACC,29.0,7.0,7.26,1.0,"Aug 26, 2003",18.84,76,223.8,75.25,76.75,79.25,101.0,13.5,8.25,9.0,23.0,36,26,1087.0,16.5,0.52,0.496,0.493,0.276,412.0,3.3,9.0,6.4,14.9,2.4,0.2,10.2,20.7,2.3,1.3,3.7,0.134,2.7,1.5,4.2,2.18,112.4,103.2,0.228,1.88,5.4,12.9,0.419,3.4,6.6,0.522,2.0,6.4,0.312,2.4,3.6,0.67,4.6,3.6,1.6,0.1,1.7,1.7,15.2,7.9,18.9,5.0,9.6,2.9,9.3,3.5,5.2,6.7,5.3,2.4,0.1,2.4,2.5,22.3,2.0,34.5,59.5,36.1,16.2,36.8,9.5,49.3,90.7,,,,7.424242424242424,6.303030303030303,17.07272727272727,14.229545454545454,5.133787878787879,10.529242424242426,0.4956212121212121,1.0245454545454546,2.880757575757576,0.3238636363636363,2.895151515151515,4.257424242424243,0.6472575757575757,0.8113636363636363,4.7646969696969705,5.575454545454546,2.249848484848485,0.9378787878787878,0.8487878787878789,1.8921212121212123,2.2253030303030306,2013.455078125,,,,,,,,,,,,,,,,,,,,,,16.356737588652482,42.0,16.893
148690,2021-22,Marcus Sasser,PG,SG,Houston,AAC,10.0,2.0,6.47,3.0,"Sep 21, 2000",21.77,74,195.0,77.44198312236287,78.72862165963433,82.40568820224719,103.24191279887482,7.0326836158192085,8.718283582089553,9.396641791044775,399.0,12,12,384.0,23.7,0.6,0.579,0.652,0.247,180.0,0.9,9.1,5.0,15.9,4.2,0.3,12.8,27.0,1.3,0.9,2.2,0.228,7.0,4.4,11.4,1.19,117.8,90.6,0.281,-1.44,7.2,16.5,0.437,2.5,5.7,0.436,4.7,10.7,0.437,3.0,4.1,0.744,3.5,3.2,2.7,0.1,2.7,1.8,22.1,11.1,25.3,3.8,8.8,7.2,16.5,4.6,6.2,5.4,5.0,4.2,0.2,4.2,2.7,34.0,1.0,12.7,50.0,0.0,22.2,40.0,14.3,65.2,62.2,,,,7.424242424242424,6.303030303030303,17.07272727272727,14.229545454545454,5.133787878787879,10.529242424242426,0.4956212121212121,1.0245454545454546,2.880757575757576,0.3238636363636363,2.895151515151515,4.257424242424243,0.6472575757575757,0.8113636363636363,4.7646969696969705,5.575454545454546,2.249848484848485,0.9378787878787878,0.8487878787878789,1.8921212121212123,2.2253030303030306,2013.455078125,,,,,,,,,,,,,,,,,,,,,,16.356737588652482,28.925076452599388,16.839
135151,2021-22,Max Christie,SG,,Michigan State,Big Ten,22.0,13.0,9.96,1.0,"Feb 10, 2003",19.38,77,189.2,76.25,77.75,80.75,102.5,4.8,8.0,8.5,20.0,35,35,1078.0,10.5,0.494,0.449,0.42,0.253,309.0,3.4,9.2,6.4,8.6,1.0,1.7,13.7,18.1,0.9,0.8,1.7,0.063,0.8,1.1,1.9,0.98,99.9,107.8,0.179,-1.69,4.2,10.9,0.382,2.7,6.3,0.429,1.4,4.6,0.317,2.3,2.7,0.824,4.5,1.9,0.7,0.6,1.9,1.4,12.0,6.1,16.0,4.0,9.3,2.1,6.7,3.3,4.0,6.6,2.8,1.0,0.9,2.8,2.1,17.7,9.0,16.4,47.9,43.5,41.6,41.0,60.0,42.0,97.4,2018-19,Illinois Wolves,UAA 16U,8.0,8.0,24.1,13.12,4.12,11.38,0.363,0.88,3.75,0.233,4.0,4.5,0.889,0.75,2.38,3.12,1.62,0.88,0.5,4.5,1.62,2019.0,U16 Americas Championship,6.0,17:17,9.5,3.0,8.0,0.375,2.2,5.8,0.371,1.3,1.7,0.8,3.3,1.0,0.5,1.2,0.7,0.3,Gold,,16.356737588652482,35.0,16.164
121810,2021-22,Tevin Brown,SG,SF,Murray State,OVC,31.0,3.0,-3.07,3.0,"Sep 23, 1998",23.77,77,175.0,77.44198312236287,78.72862165963433,82.40568820224719,103.24191279887482,7.0326836158192085,8.718283582089553,9.396641791044775,281.0,34,34,1197.0,21.6,0.576,0.548,0.63,0.281,531.0,1.9,16.1,9.1,15.5,2.3,2.1,11.1,23.1,3.8,2.6,6.4,0.215,5.1,2.3,7.3,1.68,120.6,93.0,0.298,0.62,6.2,14.6,0.427,2.7,5.4,0.5,3.5,9.2,0.384,3.1,4.1,0.748,6.3,3.5,1.6,0.7,2.1,1.7,19.1,9.2,21.4,4.0,7.9,5.2,13.5,4.5,6.0,9.3,5.1,2.3,1.0,3.0,2.5,28.0,6.0,26.3,55.7,23.4,10.7,36.2,17.6,63.0,84.9,,,,7.424242424242424,6.303030303030303,17.07272727272727,14.229545454545454,5.133787878787879,10.529242424242426,0.4956212121212121,1.0245454545454546,2.880757575757576,0.3238636363636363,2.895151515151515,4.257424242424243,0.6472575757575757,0.8113636363636363,4.7646969696969705,5.575454545454546,2.249848484848485,0.9378787878787878,0.8487878787878789,1.8921212121212123,2.2253030303030306,2013.455078125,,,,,,,,,,,,,,,,,,,,,,16.356737588652482,28.925076452599388,16.073
127260,2021-22,Gabe Brown,SF,,Michigan State,Big Ten,23.0,13.0,9.96,4.0,"Mar 5, 2000",22.32,80,205.0,77.44198312236287,78.72862165963433,82.40568820224719,103.24191279887482,7.0326836158192085,8.718283582089553,9.396641791044775,101.0,36,36,1039.0,16.2,0.572,0.537,0.572,0.198,367.0,3.7,11.0,7.6,7.7,1.4,1.0,9.0,19.8,2.4,0.9,3.3,0.128,4.1,1.3,5.3,1.14,116.4,106.4,0.196,-0.84,5.5,12.9,0.428,2.7,5.5,0.49,2.8,7.4,0.382,2.3,2.5,0.894,5.3,1.6,1.0,0.4,1.4,2.2,16.1,8.1,18.9,4.0,8.1,4.1,10.8,3.3,3.7,7.8,2.3,1.4,0.6,2.0,3.2,23.7,16.0,18.0,68.3,56.1,24.9,34.9,37.9,57.2,94.5,,,,7.424242424242424,6.303030303030303,17.07272727272727,14.229545454545454,5.133787878787879,10.529242424242426,0.4956212121212121,1.0245454545454546,2.880757575757576,0.3238636363636363,2.895151515151515,4.257424242424243,0.6472575757575757,0.8113636363636363,4.7646969696969705,5.575454545454546,2.249848484848485,0.9378787878787878,0.8487878787878789,1.8921212121212123,2.2253030303030306,2013.455078125,,,,,,,,,,,,,,,,,,,,,,16.356737588652482,28.925076452599388,16.0
145216,2021-22,Dereon Seabron,SG,,NC State,ACC,11.0,21.0,6.37,2.0,"May 26, 2000",22.1,78,182.4,76.75,77.75,80.75,103.5,4.0,8.5,9.5,129.0,32,32,1146.0,24.0,0.552,0.505,0.106,0.496,571.0,7.8,18.7,12.8,19.5,2.3,0.4,13.4,25.5,3.4,0.7,4.1,0.145,5.5,0.1,5.6,1.31,114.1,109.4,0.367,-0.88,7.0,14.2,0.491,6.6,12.7,0.519,0.4,1.5,0.256,5.0,7.1,0.713,9.1,3.6,1.5,0.1,2.7,1.7,19.4,10.3,20.9,9.7,18.7,0.6,2.2,7.4,10.4,13.4,5.2,2.3,0.2,4.0,2.6,28.5,33.0,79.9,55.7,23.8,9.6,20.5,0.0,10.6,72.7,,,,7.424242424242424,6.303030303030303,17.07272727272727,14.229545454545454,5.133787878787879,10.529242424242426,0.4956212121212121,1.0245454545454546,2.880757575757576,0.3238636363636363,2.895151515151515,4.257424242424243,0.6472575757575757,0.8113636363636363,4.7646969696969705,5.575454545454546,2.249848484848485,0.9378787878787878,0.8487878787878789,1.8921212121212123,2.2253030303030306,2013.455078125,,,,,,,,,,,,,,,,,,,,,,16.356737588652482,28.925076452599388,16.0
121491,2021-22,Jamal Cain,SF,PF,Oakland,Horizon,18.0,12.0,-4.06,4.0,"Mar 20, 1999",23.28,79,191.0,77.44198312236287,78.72862165963433,82.40568820224719,103.24191279887482,7.0326836158192085,8.718283582089553,9.396641791044775,145.0,30,30,1050.0,26.3,0.587,0.538,0.261,0.346,541.0,10.1,23.2,16.8,4.4,3.0,1.9,11.5,27.4,3.5,2.1,5.6,0.214,3.1,-0.2,2.9,0.3,117.0,94.8,0.32,-5.03,8.3,16.6,0.499,7.0,12.3,0.57,1.3,4.3,0.298,4.8,5.8,0.841,11.7,0.8,2.1,0.6,2.5,3.9,22.7,12.0,24.1,10.2,17.8,1.9,6.3,7.0,8.3,16.9,1.1,3.0,0.9,3.6,5.7,32.9,40.0,43.0,69.1,62.3,30.9,40.0,42.6,26.1,79.4,,,,7.424242424242424,6.303030303030303,17.07272727272727,14.229545454545454,5.133787878787879,10.529242424242426,0.4956212121212121,1.0245454545454546,2.880757575757576,0.3238636363636363,2.895151515151515,4.257424242424243,0.6472575757575757,0.8113636363636363,4.7646969696969705,5.575454545454546,2.249848484848485,0.9378787878787878,0.8487878787878789,1.8921212121212123,2.2253030303030306,2013.455078125,,,,,,,,,,,,,,,,,,,,,,16.356737588652482,28.925076452599388,16.0
130970,2021-22,Ochai Agbaji,SG,,Kansas,Big 12,33.0,6.0,11.3,4.0,"Apr 20, 2000",22.19,78,216.8,76.5,77.75,82.25,104.0,5.4,8.75,9.5,132.0,39,39,1367.0,20.8,0.595,0.57,0.466,0.28,631.0,2.8,12.9,8.2,8.7,1.5,1.7,11.5,25.3,4.0,2.2,6.2,0.181,6.9,2.2,9.0,0.78,116.3,99.0,0.287,-2.8,7.5,15.9,0.475,4.5,8.5,0.534,3.0,7.4,0.407,3.3,4.4,0.743,5.8,1.8,1.1,0.6,2.3,1.9,21.4,10.9,22.9,6.5,12.2,4.3,10.7,4.8,6.4,8.3,2.6,1.5,0.9,3.4,2.7,30.8,37.0,32.4,71.5,50.4,21.8,26.7,32.3,45.8,85.6,,,,7.424242424242424,6.303030303030303,17.07272727272727,14.229545454545454,5.133787878787879,10.529242424242426,0.4956212121212121,1.0245454545454546,2.880757575757576,0.3238636363636363,2.895151515151515,4.257424242424243,0.6472575757575757,0.8113636363636363,4.7646969696969705,5.575454545454546,2.249848484848485,0.9378787878787878,0.8487878787878789,1.8921212121212123,2.2253030303030306,2013.455078125,,,,,,,,,,,,,,,,,,,,,,16.356737588652482,14.0,16.0
132471,2021-22,Isiaih Mosley,SG,SF,Missouri State,MVC,23.0,11.0,1.05,3.0,"May 3, 2000",22.16,77,205.0,77.44198312236287,78.72862165963433,82.40568820224719,103.24191279887482,7.0326836158192085,8.718283582089553,9.396641791044775,296.0,34,32,1075.0,27.7,0.617,0.574,0.329,0.267,645.0,4.0,18.9,11.8,15.7,2.2,0.6,14.1,32.0,4.1,1.6,5.7,0.213,6.1,0.3,6.4,0.85,116.0,100.2,0.345,-3.76,9.3,18.5,0.504,6.7,12.4,0.542,2.6,6.1,0.427,4.5,4.9,0.902,7.9,2.9,1.5,0.2,3.4,2.6,25.7,13.7,27.2,9.9,18.2,3.8,9.0,6.6,7.3,11.6,4.3,2.2,0.3,5.0,3.8,37.8,3.0,21.5,59.8,21.3,46.0,50.0,11.9,32.5,43.1,2018-19,MoKan Elite,Nike 17U,10.0,7.0,12.1,11.8,4.4,9.8,0.449,1.1,3.3,0.333,1.9,2.7,0.704,0.0,3.7,3.7,1.6,0.6,0.0,1.9,2.1,2013.455078125,,,,,,,,,,,,,,,,,,,,,,16.356737588652482,28.925076452599388,15.999
107336,2021-22,Tyrn Flowers,PF,SF,LIU,NEC,15.0,14.0,-7.03,4.0,,21.80817605075337,81,200.0,77.44198312236287,78.72862165963433,82.40568820224719,103.24191279887482,7.0326836158192085,8.718283582089553,9.396641791044775,288.0,29,29,1005.0,24.3,0.572,0.552,0.501,0.198,515.0,6.5,16.7,11.7,19.9,2.3,4.9,12.7,26.1,2.7,1.7,4.4,0.176,5.7,-0.1,5.6,1.32,112.6,98.3,0.379,-0.78,8.0,17.7,0.454,4.6,8.8,0.518,3.5,8.9,0.39,2.6,3.5,0.75,9.0,3.7,1.7,1.8,2.8,1.9,22.2,11.0,24.2,6.2,12.1,4.7,12.1,3.6,4.8,12.3,5.1,2.3,2.4,3.9,2.6,30.2,30.76428571428572,28.3,66.7,45.2,21.6,32.3,54.8,50.1,73.6,,,,7.424242424242424,6.303030303030303,17.07272727272727,14.229545454545454,5.133787878787879,10.529242424242426,0.4956212121212121,1.0245454545454546,2.880757575757576,0.3238636363636363,2.895151515151515,4.257424242424243,0.6472575757575757,0.8113636363636363,4.7646969696969705,5.575454545454546,2.249848484848485,0.9378787878787878,0.8487878787878789,1.8921212121212123,2.2253030303030306,2013.455078125,,,,,,,,,,,,,,,,,,,,,,16.356737588652482,28.925076452599388,15.999
131622,2021-22,Quenton Jackson,SG,,Texas A&M,SEC,27.0,13.0,7.42,4.0,"Sep 15, 1998",23.79,76,170.0,77.44198312236287,78.72862165963433,82.40568820224719,103.24191279887482,7.0326836158192085,8.718283582089553,9.396641791044775,232.0,40,15,1054.0,24.2,0.612,0.547,0.329,0.528,534.0,2.2,13.1,7.6,16.3,3.9,2.5,16.4,27.3,3.3,2.2,5.5,0.208,5.1,4.0,9.1,0.83,114.9,94.0,0.259,-4.03,7.2,14.6,0.49,5.5,9.8,0.56,1.7,4.8,0.346,6.4,7.7,0.828,5.3,3.0,2.7,0.8,3.6,3.8,22.4,10.5,21.4,8.0,14.3,2.4,7.0,9.4,11.3,7.7,4.4,3.9,1.2,5.3,5.5,32.7,25.0,47.7,64.1,42.4,19.4,36.0,18.5,32.9,79.5,,,,7.424242424242424,6.303030303030303,17.07272727272727,14.229545454545454,5.133787878787879,10.529242424242426,0.4956212121212121,1.0245454545454546,2.880757575757576,0.3238636363636363,2.895151515151515,4.257424242424243,0.6472575757575757,0.8113636363636363,4.7646969696969705,5.575454545454546,2.249848484848485,0.9378787878787878,0.8487878787878789,1.8921212121212123,2.2253030303030306,2013.455078125,,,,,,,,,,,,,,,,,,,,,,16.356737588652482,28.925076452599388,15.947
143344,2021-22,John Butler,PF,,Florida State,ACC,17.0,14.0,7.32,1.0,"Dec 4, 2002",19.57,85,174.4,83.75,84.75,86.25,112.0,4.7,8.5,8.75,71.0,31,24,588.0,13.3,0.512,0.515,0.506,0.151,165.0,4.0,15.9,9.8,7.5,1.3,7.5,12.8,17.4,0.5,0.6,1.1,0.076,-0.2,1.7,1.5,0.88,101.0,105.1,0.115,-1.81,4.7,11.3,0.416,2.4,5.6,0.439,2.2,5.7,0.393,0.7,1.7,0.44,6.8,1.6,0.9,2.4,1.8,4.1,12.4,6.8,16.5,3.6,8.1,3.3,8.3,1.1,2.5,9.9,2.3,1.3,3.6,2.6,6.1,18.1,12.0,25.3,52.4,59.1,24.1,35.0,50.0,50.6,93.9,,,,7.424242424242424,6.303030303030303,17.07272727272727,14.229545454545454,5.133787878787879,10.529242424242426,0.4956212121212121,1.0245454545454546,2.880757575757576,0.3238636363636363,2.895151515151515,4.257424242424243,0.6472575757575757,0.8113636363636363,4.7646969696969705,5.575454545454546,2.249848484848485,0.9378787878787878,0.8487878787878789,1.8921212121212123,2.2253030303030306,2013.455078125,,,,,,,,,,,,,,,,,,,,,,16.356737588652482,28.925076452599388,15.931
155168,2021-22,Alondes Williams,PG,SG,Wake Forest,ACC,25.0,10.0,4.75,4.0,"Jun 19, 1999",23.03,77,209.0,75.75,77.0,79.0,102.0,7.2,8.5,9.25,400.0,35,35,1194.0,23.1,0.576,0.549,0.298,0.379,688.0,5.1,15.7,10.8,31.2,2.0,1.2,18.4,28.9,3.5,2.0,5.5,0.185,4.7,1.8,6.6,1.43,110.6,98.2,0.433,-0.51,8.1,16.0,0.507,6.8,11.2,0.603,1.3,4.8,0.282,4.2,6.1,0.691,7.5,6.1,1.4,0.5,4.3,2.4,21.7,11.4,22.4,9.5,15.8,1.9,6.7,5.9,8.5,10.5,8.5,2.0,0.7,6.0,3.4,30.5,25.0,52.4,66.0,25.5,17.8,43.5,5.4,29.8,82.5,,,,7.424242424242424,6.303030303030303,17.07272727272727,14.229545454545454,5.133787878787879,10.529242424242426,0.4956212121212121,1.0245454545454546,2.880757575757576,0.3238636363636363,2.895151515151515,4.257424242424243,0.6472575757575757,0.8113636363636363,4.7646969696969705,5.575454545454546,2.249848484848485,0.9378787878787878,0.8487878787878789,1.8921212121212123,2.2253030303030306,2013.455078125,,,,,,,,,,,,,,,,,,,,,,16.356737588652482,28.925076452599388,15.893
137217,2021-22,Taran Armstrong,PG,SG,California Baptist,WAC,15.0,11.0,-3.34,1.0,"Jan 15, 2002",20.45,78,190.0,77.44198312236287,78.72862165963433,82.40568820224719,103.24191279887482,7.0326836158192085,8.718283582089553,9.396641791044775,400.0,26,25,836.0,13.2,0.478,0.443,0.32,0.361,334.0,2.9,14.8,9.0,40.0,1.4,1.0,23.7,22.6,0.6,1.4,2.0,0.095,-0.6,-0.2,-0.7,1.85,96.0,98.2,0.409,2.53,4.6,11.7,0.393,3.4,7.9,0.434,1.1,3.7,0.308,2.7,4.2,0.648,6.4,7.9,1.0,0.4,4.3,2.7,13.1,6.6,16.8,5.0,11.5,1.7,5.4,3.9,6.1,9.2,11.4,1.4,0.6,6.1,3.9,18.8,4.0,39.3,51.0,18.4,28.7,32.9,21.7,32.0,70.8,,,,7.424242424242424,6.303030303030303,17.07272727272727,14.229545454545454,5.133787878787879,10.529242424242426,0.4956212121212121,1.0245454545454546,2.880757575757576,0.3238636363636363,2.895151515151515,4.257424242424243,0.6472575757575757,0.8113636363636363,4.7646969696969705,5.575454545454546,2.249848484848485,0.9378787878787878,0.8487878787878789,1.8921212121212123,2.2253030303030306,2021.0,U19 World Cup,12.0,19:04,8.3,3.1,7.9,0.389,1.1,3.7,0.295,1.1,1.5,0.722,2.9,2.3,1.3,0.3,0.9,1.8,10th,,16.356737588652482,28.925076452599388,15.373
134305,2021-22,Arthur Kaluma,PF,SF,Creighton,Big East,19.0,12.0,8.54,1.0,"Mar 1, 2002",20.33,79,220.0,77.44198312236287,78.72862165963433,82.40568820224719,103.24191279887482,7.0326836158192085,8.718283582089553,9.396641791044775,49.0,31,30,830.0,12.8,0.516,0.493,0.366,0.251,304.0,5.2,15.8,11.0,10.0,1.3,2.1,20.2,24.3,0.2,1.5,1.6,0.079,-0.6,2.3,1.7,0.51,91.9,97.3,0.209,-6.4,6.0,13.4,0.444,4.7,8.5,0.548,1.3,4.9,0.265,2.3,3.4,0.671,8.0,1.9,0.9,0.9,3.8,3.8,15.5,8.8,19.7,6.9,12.5,1.9,7.2,3.3,5.0,11.7,2.8,1.3,1.3,5.6,5.5,22.8,21.0,39.1,68.8,40.0,24.4,32.4,18.2,36.6,88.9,2018-19,Houston Hoops,Nike 17U,9.0,2.0,7.3,2.78,0.67,2.0,0.333,0.0,0.44,0.0,1.44,1.78,0.813,0.0,1.89,1.89,0.22,0.33,0.44,1.22,1.56,2013.455078125,,,,,,,,,,,,,,,,,,,,,,16.356737588652482,28.925076452599388,15.327
129709,2021-22,Scotty Pippen Jr,PG,,Vanderbilt,SEC,19.0,17.0,8.05,3.0,"Nov 10, 2000",21.64,73,180.0,72.0,73.5,77.75,95.5,5.3,7.75,9.0,213.0,36,36,1190.0,24.0,0.541,0.476,0.366,0.556,746.0,2.9,9.7,6.3,34.3,3.4,0.7,15.1,34.4,3.6,1.9,5.5,0.185,5.6,2.7,8.3,1.34,108.4,98.8,0.452,-1.2,7.5,18.1,0.416,5.4,11.5,0.469,2.2,6.6,0.325,7.5,10.1,0.749,4.3,5.4,2.4,0.2,4.1,3.0,24.7,10.9,26.2,7.8,16.6,3.1,9.6,10.9,14.6,6.2,7.9,3.4,0.3,5.9,4.3,35.9,10.0,36.1,55.2,23.4,27.3,36.1,1.9,36.6,56.2,2018-19,Oakland Soldiers,Nike 17U,10.0,9.0,12.0,16.6,5.2,11.1,0.468,1.2,3.5,0.343,5.0,7.7,0.649,0.0,3.2,3.2,2.3,1.6,0.7,3.0,2.4,2013.455078125,,,,,,,,,,,,,,,,,,,,,,16.356737588652482,28.925076452599388,15.201
117539,2021-22,Caleb Houstan,SF,,Michigan,Big Ten,19.0,15.0,11.02,1.0,"Jan 9, 2003",19.47,80,205.0,77.44198312236287,78.72862165963433,82.40568820224719,103.24191279887482,7.0326836158192085,8.718283582089553,9.396641791044775,11.0,34,34,1088.0,11.8,0.53,0.489,0.595,0.292,321.0,3.1,11.7,7.5,7.4,1.4,0.8,13.9,17.9,1.4,0.9,2.3,0.084,1.9,1.2,3.1,0.88,105.4,106.8,0.17,-2.0,4.0,10.4,0.384,1.8,4.2,0.426,2.2,6.2,0.355,2.4,3.1,0.783,5.0,1.7,0.9,0.3,1.9,2.1,12.6,5.9,15.5,2.7,6.3,3.3,9.2,3.5,4.5,7.4,2.5,1.4,0.4,2.8,3.1,18.7,2.0,24.4,56.9,48.6,16.5,27.3,16.7,59.0,93.0,2018-19,CIA Bounce,Nike 17U,4.0,2.0,14.8,7.5,2.5,5.5,0.455,0.25,1.0,0.25,2.0,2.5,0.8,0.0,3.5,3.5,1.75,0.25,0.0,1.25,0.75,2021.0,U19 World Cup,17.0,25:57,16.4,5.6,14.0,0.399,1.4,5.8,0.242,3.8,5.0,0.753,5.1,2.1,1.8,0.3,2.0,1.2,Bronze,,16.356737588652482,32.0,15.035
134303,2021-22,Donovan Williams,SG,,UNLV,MWC,15.0,12.0,4.58,3.0,"Sep 6, 2001",20.81,78,190.0,77.44198312236287,78.72862165963433,82.40568820224719,103.24191279887482,7.0326836158192085,8.718283582089553,9.396641791044775,73.0,27,13,598.0,20.8,0.576,0.556,0.315,0.423,297.0,4.3,12.6,8.5,12.3,1.8,2.5,13.6,30.0,1.3,0.9,2.2,0.15,3.3,1.2,4.5,0.64,106.4,99.8,0.231,-4.55,8.1,16.6,0.488,5.8,11.4,0.512,2.3,5.2,0.436,4.5,7.0,0.638,6.0,2.0,1.2,0.8,3.1,5.1,22.9,12.1,24.8,8.7,17.0,3.4,7.8,6.7,10.5,9.0,3.0,1.8,1.2,4.7,7.6,34.2,9.0,36.0,62.4,52.8,32.6,40.3,38.7,31.4,90.6,2018-19,Houston Hoops,Nike 17U,9.0,4.0,12.9,7.22,2.89,6.56,0.441,0.33,1.78,0.188,1.11,2.33,0.476,0.0,3.89,3.89,1.0,0.67,0.22,2.0,2.22,2013.455078125,,,,,,,,,,,,,,,,,,,,,,16.356737588652482,28.925076452599388,15.003
134223,2021-22,Tyson Etienne,PG,SG,Wichita State,AAC,14.0,13.0,6.0,3.0,"Sep 17, 1999",22.79,74,203.0,77.44198312236287,78.72862165963433,82.40568820224719,103.24191279887482,7.0326836158192085,8.718283582089553,9.396641791044775,140.0,27,26,926.0,12.9,0.492,0.458,0.605,0.222,365.0,1.4,8.2,4.7,13.6,2.0,0.1,11.7,25.3,1.1,1.2,2.3,0.1,0.9,0.7,1.6,1.02,100.9,102.4,0.294,-1.89,5.7,16.0,0.359,2.6,6.3,0.411,3.2,9.7,0.326,2.7,3.5,0.768,3.4,2.4,1.3,0.0,2.3,2.6,17.4,8.5,23.6,3.8,9.3,4.6,14.3,4.0,5.2,5.0,3.5,2.0,0.1,3.4,3.9,25.6,0.0,12.5,44.4,10.0,26.9,39.2,13.2,60.6,72.2,2018-19,PSA Cardinals,Nike 17U,10.0,9.0,10.6,7.8,2.5,8.5,0.294,1.3,4.7,0.277,1.5,2.8,0.536,0.0,1.9,1.9,1.6,1.0,0.1,1.1,2.4,2013.455078125,,,,,,,,,,,,,,,,,,,,,,16.356737588652482,28.925076452599388,15.0
85711,2021-22,Bryson Williams,PF,C,Texas Tech,Big 12,27.0,10.0,8.65,4.0,"Apr 25, 1998",24.18,81,235.0,77.44198312236287,78.72862165963433,82.40568820224719,103.24191279887482,7.0326836158192085,8.718283582089553,9.396641791044775,362.0,37,37,947.0,23.6,0.61,0.588,0.252,0.257,456.0,7.0,12.6,9.9,9.5,1.1,2.0,9.9,25.9,3.4,2.0,5.4,0.229,6.7,2.5,9.2,0.83,121.9,94.2,0.251,-2.26,8.6,16.1,0.535,6.9,12.0,0.575,1.7,4.1,0.417,3.1,4.1,0.755,6.5,1.6,0.8,0.6,2.0,3.5,22.0,12.8,23.9,10.3,17.9,2.5,6.0,4.6,6.1,9.7,2.4,1.1,0.9,2.9,5.2,32.7,18.0,40.4,65.1,52.6,34.3,46.0,38.6,25.2,97.4,,,,7.424242424242424,6.303030303030303,17.07272727272727,14.229545454545454,5.133787878787879,10.529242424242426,0.4956212121212121,1.0245454545454546,2.880757575757576,0.3238636363636363,2.895151515151515,4.257424242424243,0.6472575757575757,0.8113636363636363,4.7646969696969705,5.575454545454546,2.249848484848485,0.9378787878787878,0.8487878787878789,1.8921212121212123,2.2253030303030306,2013.455078125,,,,,,,,,,,,,,,,,,,,,,16.356737588652482,28.925076452599388,15.0
134595,2021-22,Baylor Scheierman,SG,SF,South Dakota State,Summit,30.0,5.0,-3.77,3.0,"Sep 26, 2000",21.76,79,201.0,77.44198312236287,78.72862165963433,82.40568820224719,103.24191279887482,7.0326836158192085,8.718283582089553,9.396641791044775,400.0,35,35,1164.0,25.2,0.646,0.616,0.463,0.317,588.0,1.9,24.2,14.1,22.6,2.3,0.5,13.4,22.0,4.7,1.8,6.5,0.223,6.2,1.2,7.4,2.32,127.6,99.7,0.327,3.09,6.7,13.1,0.508,3.8,7.0,0.541,2.9,6.1,0.469,3.3,4.2,0.802,9.4,5.4,1.6,0.2,2.3,2.4,19.5,9.3,18.3,5.3,9.8,4.0,8.5,4.6,5.8,13.1,7.6,2.3,0.2,3.3,3.4,27.2,6.0,18.6,73.2,11.5,35.1,44.0,5.1,46.3,65.1,2018-19,Omaha Sports,Gold Gauntlet 17U,1.0,1.0,17.0,9.0,4.0,5.0,0.8,1.0,2.0,0.5,0.0,0.0,0.0,1.0,9.0,10.0,3.0,0.0,0.0,3.0,0.0,2013.455078125,,,,,,,,,,,,,,,,,,,,,,16.356737588652482,28.925076452599388,15.0
132295,2021-22,Buddy Boeheim,SG,,Syracuse,ACC,16.0,16.0,7.82,4.0,"Nov 11, 1999",22.64,78,200.0,77.44198312236287,78.72862165963433,82.40568820224719,103.24191279887482,7.0326836158192085,8.718283582089553,9.396641791044775,349.0,32,32,1217.0,19.0,0.531,0.49,0.492,0.214,571.0,1.7,8.0,4.9,15.9,2.3,0.3,9.0,26.4,3.1,0.4,3.5,0.115,4.2,0.0,4.2,1.72,111.4,112.4,0.35,0.69,7.0,17.2,0.406,4.1,8.7,0.47,2.9,8.5,0.341,3.3,3.7,0.884,3.5,3.2,1.5,0.1,1.9,1.8,20.1,10.2,25.1,6.0,12.8,4.2,12.4,4.8,5.4,5.2,4.7,2.3,0.1,2.7,2.6,29.4,0.0,10.8,54.5,16.7,40.3,45.6,10.6,48.9,74.7,,,,7.424242424242424,6.303030303030303,17.07272727272727,14.229545454545454,5.133787878787879,10.529242424242426,0.4956212121212121,1.0245454545454546,2.880757575757576,0.3238636363636363,2.895151515151515,4.257424242424243,0.6472575757575757,0.8113636363636363,4.7646969696969705,5.575454545454546,2.249848484848485,0.9378787878787878,0.8487878787878789,1.8921212121212123,2.2253030303030306,2013.455078125,,,,,,,,,,,,,,,,,,,,,,16.356737588652482,28.925076452599388,15.0
108209,2021-22,JeeNathan Williams,SG,SF,Buffalo,MAC,18.0,11.0,-3.21,4.0,"Feb 12, 1999",23.38,77,205.0,77.44198312236287,78.72862165963433,82.40568820224719,103.24191279887482,7.0326836158192085,8.718283582089553,9.396641791044775,130.0,29,29,946.0,23.0,0.572,0.558,0.3,0.196,503.0,3.7,12.2,8.0,17.1,2.4,2.4,14.6,27.7,2.7,1.4,4.0,0.17,4.3,0.3,4.6,1.0,112.3,100.9,0.349,-2.77,9.2,18.7,0.49,6.6,13.1,0.506,2.5,5.6,0.451,2.5,3.7,0.69,6.2,3.5,1.7,1.0,3.5,1.7,23.4,12.7,25.8,9.2,18.1,3.5,7.8,3.5,5.1,8.5,4.8,2.4,1.4,4.8,2.4,32.3,6.0,43.8,55.7,25.0,26.2,42.2,12.2,30.0,93.3,,,,7.424242424242424,6.303030303030303,17.07272727272727,14.229545454545454,5.133787878787879,10.529242424242426,0.4956212121212121,1.0245454545454546,2.880757575757576,0.3238636363636363,2.895151515151515,4.257424242424243,0.6472575757575757,0.8113636363636363,4.7646969696969705,5.575454545454546,2.249848484848485,0.9378787878787878,0.8487878787878789,1.8921212121212123,2.2253030303030306,2013.455078125,,,,,,,,,,,,,,,,,,,,,,16.356737588652482,28.925076452599388,15.0
104369,2021-22,Michael Devoe,PG,SG,Georgia Tech,ACC,11.0,20.0,6.08,4.0,"Dec 17, 1999",22.54,77,180.0,77.44198312236287,78.72862165963433,82.40568820224719,103.24191279887482,7.0326836158192085,8.718283582089553,9.396641791044775,51.0,31,29,1069.0,20.4,0.569,0.543,0.443,0.268,517.0,2.3,14.2,8.3,20.3,2.3,1.3,15.0,27.9,2.3,1.3,3.6,0.134,4.6,1.0,5.6,1.13,106.5,103.0,0.377,-2.0,7.5,16.2,0.462,4.9,9.0,0.539,2.6,7.2,0.365,3.2,4.3,0.733,5.7,3.6,1.6,0.4,3.2,2.4,20.8,10.9,23.6,7.1,13.1,3.8,10.5,4.6,6.3,8.2,5.3,2.3,0.7,4.7,3.4,30.3,0.0,36.7,59.7,34.7,19.2,42.2,22.9,44.1,68.6,,,,7.424242424242424,6.303030303030303,17.07272727272727,14.229545454545454,5.133787878787879,10.529242424242426,0.4956212121212121,1.0245454545454546,2.880757575757576,0.3238636363636363,2.895151515151515,4.257424242424243,0.6472575757575757,0.8113636363636363,4.7646969696969705,5.575454545454546,2.249848484848485,0.9378787878787878,0.8487878787878789,1.8921212121212123,2.2253030303030306,2013.455078125,,,,,,,,,,,,,,,,,,,,,,16.356737588652482,28.925076452599388,14.997
121541,2021-22,Jamaree Bouyea,PG,,San Francisco,WCC,24.0,10.0,5.24,4.0,"Jun 27, 1999",23.01,73,170.0,77.44198312236287,78.72862165963433,82.40568820224719,103.24191279887482,7.0326836158192085,8.718283582089553,9.396641791044775,400.0,34,34,1230.0,22.0,0.571,0.547,0.421,0.219,578.0,1.6,14.0,7.8,21.4,2.8,2.4,13.2,23.6,3.5,2.4,5.9,0.19,5.4,3.4,8.8,1.73,115.5,95.7,0.375,0.94,7.1,15.2,0.47,4.8,8.8,0.544,2.3,6.4,0.367,2.5,3.3,0.755,5.5,4.4,2.0,0.9,2.5,1.6,19.1,10.0,21.4,6.7,12.4,3.3,9.0,3.5,4.7,7.8,6.2,2.8,1.3,3.6,2.3,26.9,13.0,38.5,62.6,18.8,19.4,38.9,2.9,42.2,36.1,,,,7.424242424242424,6.303030303030303,17.07272727272727,14.229545454545454,5.133787878787879,10.529242424242426,0.4956212121212121,1.0245454545454546,2.880757575757576,0.3238636363636363,2.895151515151515,4.257424242424243,0.6472575757575757,0.8113636363636363,4.7646969696969705,5.575454545454546,2.249848484848485,0.9378787878787878,0.8487878787878789,1.8921212121212123,2.2253030303030306,2013.455078125,,,,,,,,,,,,,,,,,,,,,,16.356737588652482,28.925076452599388,14.995
122091,2021-22,JD Notae,PG,,Arkansas,SEC,28.0,8.0,8.62,4.0,"Oct 27, 1998",23.68,74,180.0,77.44198312236287,78.72862165963433,82.40568820224719,103.24191279887482,7.0326836158192085,8.718283582089553,9.396641791044775,343.0,36,35,1193.0,19.8,0.498,0.458,0.423,0.263,632.0,1.8,13.5,7.6,24.6,3.8,2.4,13.6,31.0,1.7,2.6,4.3,0.145,3.5,4.2,7.7,1.29,100.0,92.7,0.388,-1.17,7.8,19.7,0.396,5.3,11.4,0.468,2.5,8.3,0.297,4.0,5.2,0.774,5.5,4.5,2.7,0.8,3.5,3.2,22.1,10.9,27.4,7.4,15.8,3.4,11.6,5.6,7.2,7.6,6.2,3.8,1.2,4.8,4.4,30.8,3.0,30.7,56.9,21.4,27.0,35.2,10.7,42.3,44.6,,,,7.424242424242424,6.303030303030303,17.07272727272727,14.229545454545454,5.133787878787879,10.529242424242426,0.4956212121212121,1.0245454545454546,2.880757575757576,0.3238636363636363,2.895151515151515,4.257424242424243,0.6472575757575757,0.8113636363636363,4.7646969696969705,5.575454545454546,2.249848484848485,0.9378787878787878,0.8487878787878789,1.8921212121212123,2.2253030303030306,2013.455078125,,,,,,,,,,,,,,,,,,,,,,16.356737588652482,28.925076452599388,14.995
122260,2021-22,Keve Aluma,SF,PF,Virginia Tech,ACC,23.0,13.0,6.48,4.0,"Dec 31, 1998",23.5,81,230.0,77.44198312236287,78.72862165963433,82.40568820224719,103.24191279887482,7.0326836158192085,8.718283582089553,9.396641791044775,400.0,36,36,1109.0,26.0,0.602,0.568,0.183,0.318,542.0,8.6,18.5,13.7,13.9,1.5,3.5,12.1,26.8,4.1,1.9,6.0,0.216,6.3,2.3,8.6,1.06,119.5,98.0,0.31,-1.84,7.9,14.8,0.538,7.0,12.0,0.584,0.9,2.7,0.333,3.7,4.7,0.785,8.5,2.5,1.0,1.2,2.3,3.0,20.5,12.5,23.2,11.1,18.9,1.4,4.3,5.8,7.4,13.3,3.9,1.5,1.9,3.7,4.7,32.2,36.0,46.7,64.4,59.3,35.0,50.3,34.7,18.3,96.0,,,,7.424242424242424,6.303030303030303,17.07272727272727,14.229545454545454,5.133787878787879,10.529242424242426,0.4956212121212121,1.0245454545454546,2.880757575757576,0.3238636363636363,2.895151515151515,4.257424242424243,0.6472575757575757,0.8113636363636363,4.7646969696969705,5.575454545454546,2.249848484848485,0.9378787878787878,0.8487878787878789,1.8921212121212123,2.2253030303030306,2013.455078125,,,,,,,,,,,,,,,,,,,,,,16.356737588652482,28.925076452599388,14.981
92194,2021-22,Andrew Nembhard,PG,,Gonzaga,WCC,28.0,4.0,4.5,4.0,"Jan 16, 2000",22.45,76,195.6,75.0,76.5,77.75,99.0,4.4,8.0,9.5,23.0,32,32,1029.0,18.1,0.564,0.534,0.429,0.177,436.0,1.6,8.7,5.6,26.3,2.7,0.4,15.6,18.6,2.8,2.2,5.0,0.195,3.9,3.4,7.3,2.97,118.5,93.0,0.31,5.49,5.4,12.1,0.452,3.5,6.9,0.503,2.0,5.2,0.383,1.9,2.1,0.873,4.2,7.2,2.0,0.2,2.4,2.5,14.7,7.4,16.3,4.7,9.3,2.7,7.0,2.5,2.9,5.7,9.7,2.7,0.2,3.3,3.4,20.0,2.0,26.8,61.4,21.6,30.3,40.4,10.5,42.9,70.6,,,,7.424242424242424,6.303030303030303,17.07272727272727,14.229545454545454,5.133787878787879,10.529242424242426,0.4956212121212121,1.0245454545454546,2.880757575757576,0.3238636363636363,2.895151515151515,4.257424242424243,0.6472575757575757,0.8113636363636363,4.7646969696969705,5.575454545454546,2.249848484848485,0.9378787878787878,0.8487878787878789,1.8921212121212123,2.2253030303030306,2018.0,U18 Americas Championship,18.0,26:08,9.5,3.6,7.5,0.474,1.2,2.6,0.447,1.2,1.9,0.629,3.6,5.6,2.4,0.1,2.2,2.0,Silver,,16.356737588652482,31.0,14.98
127817,2021-22,Lester Quinones,SG,SF,Memphis,AAC,22.0,11.0,7.86,3.0,"Nov 16, 2000",21.62,77,210.0,77.44198312236287,78.72862165963433,82.40568820224719,103.24191279887482,7.0326836158192085,8.718283582089553,9.396641791044775,58.0,33,30,897.0,15.5,0.6,0.566,0.603,0.376,300.0,4.4,9.5,7.1,8.6,2.4,0.5,14.0,17.1,2.0,1.3,3.3,0.146,3.3,1.9,5.3,0.96,118.9,100.9,0.166,-1.76,4.7,10.4,0.449,2.2,4.1,0.538,2.5,6.3,0.39,2.9,3.9,0.75,5.1,1.9,1.7,0.2,2.0,2.8,14.8,6.6,14.7,3.1,5.8,3.5,8.9,4.1,5.5,7.2,2.7,2.4,0.3,2.8,3.9,20.8,4.0,21.4,68.0,41.2,18.4,37.2,43.8,60.3,94.5,2018-19,New Heights,UAA 17U,8.0,7.0,25.1,13.88,4.88,11.12,0.438,2.0,6.5,0.308,2.12,2.75,0.773,2.88,1.75,4.62,1.5,1.0,0.12,2.0,2.25,2018.0,U18 Americas Championship,6.0,31:41,17.5,5.5,12.7,0.434,3.0,7.2,0.419,3.5,4.7,0.75,6.3,3.5,1.0,0.2,3.0,2.3,6th,,16.356737588652482,28.925076452599388,14.978
87275,2021-22,Alex Barcello,PG,,BYU,WCC,24.0,11.0,5.23,4.0,"Aug 31, 1998",23.83,74,190.0,77.44198312236287,78.72862165963433,82.40568820224719,103.24191279887482,7.0326836158192085,8.718283582089553,9.396641791044775,83.0,35,35,1125.0,21.7,0.6,0.554,0.491,0.312,546.0,1.0,11.8,6.6,19.9,1.7,0.0,11.2,24.6,4.0,1.6,5.6,0.197,6.0,1.7,7.7,1.84,121.5,101.3,0.319,1.15,6.8,15.1,0.451,3.7,7.7,0.479,3.1,7.4,0.421,4.1,4.7,0.865,4.7,4.1,1.2,0.0,2.2,2.1,20.9,9.9,21.9,5.4,11.2,4.5,10.8,5.9,6.8,6.8,5.9,1.7,0.0,3.2,3.0,30.2,0.0,14.1,58.3,22.9,36.9,43.9,17.4,49.1,68.2,,,,7.424242424242424,6.303030303030303,17.07272727272727,14.229545454545454,5.133787878787879,10.529242424242426,0.4956212121212121,1.0245454545454546,2.880757575757576,0.3238636363636363,2.895151515151515,4.257424242424243,0.6472575757575757,0.8113636363636363,4.7646969696969705,5.575454545454546,2.249848484848485,0.9378787878787878,0.8487878787878789,1.8921212121212123,2.2253030303030306,2013.455078125,,,,,,,,,,,,,,,,,,,,,,16.356737588652482,28.925076452599388,14.914
107392,2021-22,EJ Liddell,PF,,Ohio State,Big Ten,20.0,12.0,9.08,3.0,"Dec 18, 2000",21.53,79,243.0,77.5,79.0,83.75,103.5,12.2,8.25,9.25,44.0,32,32,1062.0,30.5,0.598,0.546,0.297,0.534,612.0,8.9,19.3,14.5,17.0,1.0,8.5,12.9,30.5,4.6,1.6,6.3,0.236,8.5,3.3,11.8,1.04,120.6,100.0,0.344,-2.51,7.6,15.6,0.49,5.9,11.0,0.54,1.7,4.6,0.374,6.4,8.3,0.765,9.6,3.0,0.7,3.1,2.9,3.0,23.4,11.7,24.0,9.1,16.8,2.7,7.1,9.8,12.8,14.7,4.6,1.0,4.8,4.5,4.6,35.9,15.0,19.3,70.0,46.4,51.0,47.9,18.8,29.7,80.4,2018-19,Brad Beal Elite,Nike 17U,10.0,6.0,12.7,13.7,4.2,7.8,0.538,0.4,1.8,0.222,4.0,6.4,0.625,0.0,5.2,5.2,1.0,0.4,1.9,0.6,2.4,2013.455078125,,,,,,,,,,,,,,,,,,,,,,16.356737588652482,41.0,14.872
120264,2021-22,Tyrese Martin,SG,SF,UConn,Big East,20.0,9.0,6.88,4.0,"Mar 7, 1999",23.32,79,215.0,77.44198312236287,78.72862165963433,82.40568820224719,103.24191279887482,7.0326836158192085,8.718283582089553,9.396641791044775,220.0,29,29,930.0,19.5,0.54,0.516,0.312,0.28,377.0,8.2,17.9,13.0,12.1,1.5,1.6,12.7,22.3,2.3,1.6,3.9,0.168,4.9,1.8,6.7,1.06,113.7,97.6,0.256,-1.73,6.2,13.8,0.449,4.3,9.5,0.457,1.8,4.3,0.43,2.7,3.9,0.689,9.4,2.4,1.0,0.6,2.3,2.6,16.9,9.3,20.7,6.5,14.2,2.8,6.4,4.0,5.8,14.0,3.6,1.5,0.9,3.4,3.9,25.3,8.0,39.3,56.3,33.8,29.6,31.6,20.0,31.2,90.7,,,,7.424242424242424,6.303030303030303,17.07272727272727,14.229545454545454,5.133787878787879,10.529242424242426,0.4956212121212121,1.0245454545454546,2.880757575757576,0.3238636363636363,2.895151515151515,4.257424242424243,0.6472575757575757,0.8113636363636363,4.7646969696969705,5.575454545454546,2.249848484848485,0.9378787878787878,0.8487878787878789,1.8921212121212123,2.2253030303030306,2013.455078125,,,,,,,,,,,,,,,,,,,,,,16.356737588652482,51.0,14.677
117322,2021-22,Johnny Juzang,SF,SG,UCLA,Pac-12,22.0,8.0,8.36,3.0,"Mar 17, 2001",21.29,78,208.6,77.25,78.5,83.0,102.5,7.5,8.5,9.5,33.0,30,29,954.0,18.1,0.519,0.487,0.302,0.191,421.0,2.7,15.0,8.7,11.5,1.4,0.5,9.4,27.0,2.0,1.5,3.5,0.146,3.6,1.4,5.0,1.15,107.2,99.3,0.282,-1.19,7.5,17.4,0.432,5.6,12.1,0.464,1.9,5.2,0.36,2.8,3.3,0.835,6.0,2.3,0.9,0.2,2.0,2.5,19.7,11.3,26.1,8.5,18.2,2.8,7.9,4.2,5.0,9.0,3.4,1.4,0.3,3.0,3.7,29.6,0.0,20.3,58.3,55.1,49.5,41.5,35.3,30.2,86.7,2018-19,Compton Magic,Gold Gauntlet 17U,4.0,4.0,22.3,10.25,4.0,11.5,0.348,1.5,5.0,0.3,0.75,1.75,0.429,0.5,3.25,3.75,2.0,0.75,0.25,1.75,2.0,2013.455078125,,,,,,,,,,,,,,,,,,,,,,16.356737588652482,28.925076452599388,14.435
88869,2021-22,Jermaine Samuels,SF,,Villanova,Big East,30.0,8.0,10.29,4.0,"Nov 13, 1998",23.63,79,220.0,77.44198312236287,78.72862165963433,82.40568820224719,103.24191279887482,7.0326836158192085,8.718283582089553,9.396641791044775,46.0,38,37,1126.0,19.9,0.563,0.517,0.332,0.386,423.0,8.2,17.7,13.0,10.3,1.7,2.9,13.4,20.8,2.9,1.9,4.8,0.171,3.9,3.0,6.9,0.95,115.9,97.9,0.221,-2.04,5.3,11.2,0.472,4.3,7.5,0.569,1.0,3.7,0.276,3.3,4.3,0.77,8.8,2.0,1.1,0.9,2.1,3.1,15.0,8.3,17.7,6.7,11.8,1.6,5.9,5.3,6.8,13.8,3.1,1.7,1.5,3.2,4.8,23.5,18.0,49.7,63.1,39.4,17.1,38.9,28.6,33.2,96.6,,,,7.424242424242424,6.303030303030303,17.07272727272727,14.229545454545454,5.133787878787879,10.529242424242426,0.4956212121212121,1.0245454545454546,2.880757575757576,0.3238636363636363,2.895151515151515,4.257424242424243,0.6472575757575757,0.8113636363636363,4.7646969696969705,5.575454545454546,2.249848484848485,0.9378787878787878,0.8487878787878789,1.8921212121212123,2.2253030303030306,2013.455078125,,,,,,,,,,,,,,,,,,,,,,16.356737588652482,28.925076452599388,14.341
104833,2021-22,Amadou Sow,PF,,UC Santa Barbara,Big West,17.0,11.0,-4.39,4.0,"Nov 18, 1998",23.62,81,235.0,77.44198312236287,78.72862165963433,82.40568820224719,103.24191279887482,7.0326836158192085,8.718283582089553,9.396641791044775,223.0,28,28,832.0,25.2,0.606,0.58,0.103,0.279,401.0,13.2,21.5,17.6,5.4,1.5,3.0,13.2,26.4,2.6,1.7,4.3,0.205,3.4,-1.0,2.4,0.36,115.7,94.8,0.265,-5.17,8.7,15.3,0.564,8.2,13.8,0.594,0.5,1.6,0.303,3.3,4.3,0.764,11.3,1.0,1.0,1.1,2.6,3.3,21.1,12.9,22.9,12.2,20.5,0.7,2.4,4.9,6.4,16.9,1.4,1.5,1.7,3.9,5.0,31.4,22.0,48.9,78.2,61.5,40.8,36.9,54.2,10.3,100.0,,,,7.424242424242424,6.303030303030303,17.07272727272727,14.229545454545454,5.133787878787879,10.529242424242426,0.4956212121212121,1.0245454545454546,2.880757575757576,0.3238636363636363,2.895151515151515,4.257424242424243,0.6472575757575757,0.8113636363636363,4.7646969696969705,5.575454545454546,2.249848484848485,0.9378787878787878,0.8487878787878789,1.8921212121212123,2.2253030303030306,2013.455078125,,,,,,,,,,,,,,,,,,,,,,16.356737588652482,28.925076452599388,14.046
118702,2021-22,Collin Gillespie,PG,,Villanova,Big East,30.0,8.0,10.29,4.0,"Jun 25, 1999",23.02,75,195.8,73.5,74.75,76.0,98.0,8.6,8.25,9.0,200.0,38,38,1301.0,21.5,0.608,0.565,0.628,0.268,564.0,1.5,11.6,6.6,20.2,1.9,0.0,11.4,23.0,4.8,1.7,6.5,0.201,6.6,2.6,9.2,1.92,124.8,101.9,0.335,1.46,5.8,13.3,0.434,2.3,5.0,0.466,3.5,8.4,0.415,3.2,3.6,0.905,4.5,3.7,1.2,0.0,1.9,2.2,18.3,9.1,20.9,3.6,7.8,5.5,13.2,5.1,5.6,7.0,5.9,1.9,0.0,3.0,3.5,28.7,0.0,21.9,51.6,16.3,15.2,39.4,3.8,62.8,57.5,,,,7.424242424242424,6.303030303030303,17.07272727272727,14.229545454545454,5.133787878787879,10.529242424242426,0.4956212121212121,1.0245454545454546,2.880757575757576,0.3238636363636363,2.895151515151515,4.257424242424243,0.6472575757575757,0.8113636363636363,4.7646969696969705,5.575454545454546,2.249848484848485,0.9378787878787878,0.8487878787878789,1.8921212121212123,2.2253030303030306,2013.455078125,,,,,,,,,,,,,,,,,,,,,,16.356737588652482,28.925076452599388,14.024
121154,2021-22,Iverson Molinar,PG,,Mississippi State,SEC,18.0,16.0,7.6,3.0,"Dec 3, 1999",22.58,75,183.2,74.25,75.25,80.0,101.0,4.8,8.5,9.5,208.0,34,34,1158.0,21.3,0.553,0.483,0.237,0.403,570.0,1.8,9.0,5.4,23.5,2.1,1.3,12.9,27.4,3.4,1.4,4.8,0.168,5.1,1.2,6.3,1.52,113.5,103.1,0.38,0.12,7.1,15.6,0.454,6.1,11.9,0.516,0.9,3.7,0.252,5.5,6.3,0.868,3.6,4.2,1.4,0.4,2.8,1.7,20.6,10.6,23.4,9.2,17.9,1.4,5.5,8.2,9.4,5.4,6.3,2.1,0.6,4.1,2.6,30.9,3.0,32.3,64.4,24.5,44.0,42.2,21.4,23.7,100.0,2018-19,Team WhyNot,Nike 17U,10.0,9.0,15.9,12.2,5.2,9.4,0.553,0.4,1.4,0.286,1.4,2.3,0.609,0.0,4.0,4.0,1.1,1.0,0.3,1.3,2.4,2013.455078125,,,,,,,,,,,,,,,,,,,,,,16.356737588652482,28.925076452599388,14.013
126848,2021-22,Moussa Diabate,PF,C,Michigan,Big Ten,17.0,15.0,11.02,1.0,"Jan 21, 2002",20.44,82,216.6,81.25,82.25,86.5,109.5,2.7,8.5,10.5,17.0,32,26,796.0,17.6,0.565,0.549,0.065,0.389,290.0,11.9,17.0,14.5,6.2,0.8,3.7,15.5,19.7,1.6,0.9,2.5,0.124,1.6,1.1,2.8,0.55,110.9,104.1,0.169,-3.83,5.9,10.9,0.542,5.7,10.2,0.564,0.2,0.7,0.214,2.6,4.2,0.619,9.6,1.3,0.6,1.4,2.4,4.3,14.5,8.7,16.1,8.5,15.0,0.2,1.0,3.9,6.3,14.2,1.9,0.8,2.1,3.5,6.4,21.5,34.0,51.9,74.8,67.5,41.3,31.8,37.0,6.8,100.0,,,,7.424242424242424,6.303030303030303,17.07272727272727,14.229545454545454,5.133787878787879,10.529242424242426,0.4956212121212121,1.0245454545454546,2.880757575757576,0.3238636363636363,2.895151515151515,4.257424242424243,0.6472575757575757,0.8113636363636363,4.7646969696969705,5.575454545454546,2.249848484848485,0.9378787878787878,0.8487878787878789,1.8921212121212123,2.2253030303030306,2019.0,U18 Euro Championship A,14.0,26:05,12.1,5.0,10.4,0.483,0.1,0.4,0.167,2.1,4.1,0.509,10.7,1.0,1.0,1.4,1.6,1.9,5th,,16.356737588652482,43.0,14.009
139781,2021-22,Taevion Kinsey,SG,,Marshall,CUSA,11.0,20.0,0.14,4.0,"Mar 10, 2000",22.31,77,185.0,77.44198312236287,78.72862165963433,82.40568820224719,103.24191279887482,7.0326836158192085,8.718283582089553,9.396641791044775,400.0,31,31,1144.0,18.5,0.495,0.445,0.182,0.36,613.0,6.2,8.6,7.4,22.5,1.4,0.2,12.3,28.3,2.3,0.6,2.9,0.101,1.4,-2.5,-1.0,1.55,104.5,109.9,0.405,0.22,7.7,17.9,0.429,7.1,14.6,0.483,0.6,3.3,0.183,4.8,6.4,0.745,5.6,4.5,1.0,0.1,2.9,1.7,20.7,10.4,24.4,9.6,19.9,0.8,4.4,6.5,8.8,7.6,6.2,1.4,0.1,4.0,2.3,28.2,34.0,34.6,66.7,32.2,47.2,34.9,21.4,18.2,76.5,,,,7.424242424242424,6.303030303030303,17.07272727272727,14.229545454545454,5.133787878787879,10.529242424242426,0.4956212121212121,1.0245454545454546,2.880757575757576,0.3238636363636363,2.895151515151515,4.257424242424243,0.6472575757575757,0.8113636363636363,4.7646969696969705,5.575454545454546,2.249848484848485,0.9378787878787878,0.8487878787878789,1.8921212121212123,2.2253030303030306,2013.455078125,,,,,,,,,,,,,,,,,,,,,,16.356737588652482,28.925076452599388,14.003
132192,2021-22,Jared Rhoden,SG,SF,Seton Hall,Big East,20.0,11.0,8.52,4.0,"Aug 27, 1999",22.84,78,200.0,77.44198312236287,78.72862165963433,82.40568820224719,103.24191279887482,7.0326836158192085,8.718283582089553,9.396641791044775,199.0,31,30,1026.0,18.0,0.489,0.435,0.264,0.32,447.0,4.0,17.8,10.9,7.7,2.0,2.0,10.0,26.4,1.7,1.9,3.5,0.138,2.5,2.0,4.6,0.67,103.9,96.8,0.263,-2.96,6.5,16.7,0.39,5.0,12.3,0.41,1.5,4.4,0.336,4.3,5.3,0.803,8.1,1.4,1.4,0.8,2.1,2.5,18.8,9.5,24.3,7.3,17.9,2.2,6.4,6.2,7.8,11.8,2.1,2.0,1.1,3.1,3.6,27.4,9.0,29.2,49.6,33.9,44.4,35.3,20.9,26.4,89.5,,,,7.424242424242424,6.303030303030303,17.07272727272727,14.229545454545454,5.133787878787879,10.529242424242426,0.4956212121212121,1.0245454545454546,2.880757575757576,0.3238636363636363,2.895151515151515,4.257424242424243,0.6472575757575757,0.8113636363636363,4.7646969696969705,5.575454545454546,2.249848484848485,0.9378787878787878,0.8487878787878789,1.8921212121212123,2.2253030303030306,2013.455078125,,,,,,,,,,,,,,,,,,,,,,16.356737588652482,28.925076452599388,14.0
121603,2021-22,Izaiah Brockington,PG,SG,Iowa State,Big 12,22.0,13.0,9.33,4.0,"Jul 12, 1999",22.97,76,195.0,77.44198312236287,78.72862165963433,82.40568820224719,103.24191279887482,7.0326836158192085,8.718283582089553,9.396641791044775,400.0,35,35,1210.0,19.0,0.52,0.481,0.187,0.274,537.0,5.7,19.0,12.1,11.1,2.3,0.9,11.1,27.5,2.0,2.6,4.7,0.154,3.7,2.4,6.1,0.79,103.7,93.2,0.331,-2.84,7.4,16.6,0.447,6.3,13.5,0.467,1.1,3.1,0.362,3.5,4.6,0.775,7.9,1.9,1.5,0.3,2.3,2.2,19.5,11.1,24.7,9.4,20.1,1.7,4.6,5.3,6.8,11.8,2.8,2.3,0.4,3.5,3.3,29.1,24.0,26.8,59.3,52.5,54.5,40.5,49.5,18.7,73.5,,,,7.424242424242424,6.303030303030303,17.07272727272727,14.229545454545454,5.133787878787879,10.529242424242426,0.4956212121212121,1.0245454545454546,2.880757575757576,0.3238636363636363,2.895151515151515,4.257424242424243,0.6472575757575757,0.8113636363636363,4.7646969696969705,5.575454545454546,2.249848484848485,0.9378787878787878,0.8487878787878789,1.8921212121212123,2.2253030303030306,2013.455078125,,,,,,,,,,,,,,,,,,,,,,16.356737588652482,28.925076452599388,13.944
117424,2021-22,Kofi Cockburn,C,,Illinois,Big Ten,20.0,8.0,9.48,3.0,"Sep 1, 1999",22.83,84,293.0,83.0,84.0,88.25,110.5,8.2,9.75,10.25,46.0,28,28,859.0,32.1,0.613,0.593,0.0,0.533,511.0,12.8,25.6,19.4,6.6,1.6,3.0,12.0,32.0,3.5,1.8,5.3,0.247,7.4,2.0,9.3,0.34,118.6,94.2,0.336,-5.95,10.5,17.7,0.593,10.5,17.7,0.593,0.0,0.0,0.0,6.2,9.5,0.655,13.8,1.0,1.1,1.3,3.0,3.1,27.2,15.5,26.1,15.5,26.1,0.0,0.0,9.1,13.9,20.3,1.5,1.6,1.9,4.5,4.6,40.1,52.0,63.3,69.3,72.5,36.7,42.1,64.4,0.0,0.0,2018-19,Renaissance,Nike 17U,9.0,9.0,18.8,15.89,6.33,11.89,0.533,0.0,0.22,0.0,3.22,5.11,0.63,0.0,9.89,9.89,1.22,0.56,0.67,1.67,2.11,2013.455078125,,,,,,,,,,,,,,,,,,,,,,16.356737588652482,28.925076452599388,13.913
133038,2021-22,Peyton Watson,SF,,UCLA,Pac-12,24.0,8.0,8.36,1.0,"Sep 11, 2002",19.8,80,203.4,78.75,80.0,84.5,107.5,5.2,8.5,9.5,12.0,32,0,405.0,11.2,0.394,0.352,0.263,0.271,120.0,8.1,18.7,13.3,11.0,2.8,5.5,18.4,20.8,-0.2,0.9,0.8,0.074,-2.7,3.8,1.1,0.87,85.6,91.6,0.072,-3.21,3.8,11.7,0.322,3.1,8.6,0.356,0.7,3.1,0.226,2.2,3.2,0.688,9.1,2.6,1.9,1.9,3.0,5.0,10.4,5.6,17.5,4.6,12.9,1.0,4.6,3.3,4.8,13.7,3.9,2.8,2.8,4.5,7.6,15.6,3.0,38.1,35.6,50.0,35.6,35.7,46.7,26.3,100.0,,,,7.424242424242424,6.303030303030303,17.07272727272727,14.229545454545454,5.133787878787879,10.529242424242426,0.4956212121212121,1.0245454545454546,2.880757575757576,0.3238636363636363,2.895151515151515,4.257424242424243,0.6472575757575757,0.8113636363636363,4.7646969696969705,5.575454545454546,2.249848484848485,0.9378787878787878,0.8487878787878789,1.8921212121212123,2.2253030303030306,2021.0,U19 World Cup,7.0,12:22,4.0,1.6,4.6,0.344,0.3,1.7,0.167,0.6,0.7,0.8,3.4,2.7,0.6,1.1,1.4,0.9,Gold,,16.356737588652482,30.0,13.573
135345,2021-22,KC Ndefo,PF,SF,St. Peter's,MAAC,22.0,12.0,-0.47,4.0,"Mar 1, 2000",22.33,79,195.0,77.44198312236287,78.72862165963433,82.40568820224719,103.24191279887482,7.0326836158192085,8.718283582089553,9.396641791044775,400.0,34,34,880.0,20.5,0.499,0.48,0.075,0.577,363.0,6.1,21.1,13.7,21.3,2.9,13.0,21.3,26.7,0.3,2.6,2.9,0.132,0.0,6.1,6.1,0.84,92.5,84.6,0.267,-5.03,6.0,12.8,0.47,5.7,11.8,0.485,0.3,1.0,0.286,4.0,7.4,0.537,9.5,3.7,2.0,4.4,4.4,4.6,16.2,9.0,19.1,8.6,17.7,0.4,1.4,5.9,11.0,14.2,5.5,2.9,6.5,6.6,6.9,24.3,20.0,37.497418073485605,64.6880834160874,41.936544190665344,32.31787487586892,37.576961271102284,30.61549155908639,30.185700099304867,71.16494538232374,2018-19,New York Lightning,Nike 17U,6.0,3.0,6.2,6.5,2.33,5.83,0.4,0.5,2.0,0.25,1.83,2.17,0.846,0.0,6.0,6.0,0.83,0.17,3.67,1.17,3.67,2013.455078125,,,,,,,,,,,,,,,,,,,,,,16.356737588652482,28.925076452599388,13.028
121755,2021-22,Daeqwon Plowden,SF,SG,Bowling Green,MAC,13.0,18.0,-4.44,4.0,"Aug 29, 1998",23.84,78,215.0,77.44198312236287,78.72862165963433,82.40568820224719,103.24191279887482,7.0326836158192085,8.718283582089553,9.396641791044775,400.0,31,31,948.0,20.6,0.523,0.467,0.298,0.376,469.0,8.2,15.4,11.7,6.5,1.6,4.3,10.5,25.4,2.2,0.7,2.9,0.124,1.8,-2.5,-0.6,0.6,110.2,108.2,0.224,-3.22,6.9,16.7,0.414,5.1,11.7,0.439,1.8,5.0,0.356,5.0,6.3,0.792,8.9,1.4,1.2,1.6,2.3,2.7,20.6,9.3,22.5,6.9,15.8,2.4,6.7,6.7,8.5,12.0,1.9,1.6,2.1,3.1,3.7,27.7,11.0,39.4,53.8,31.0,30.8,31.1,23.7,29.8,88.1,,,,7.424242424242424,6.303030303030303,17.07272727272727,14.229545454545454,5.133787878787879,10.529242424242426,0.4956212121212121,1.0245454545454546,2.880757575757576,0.3238636363636363,2.895151515151515,4.257424242424243,0.6472575757575757,0.8113636363636363,4.7646969696969705,5.575454545454546,2.249848484848485,0.9378787878787878,0.8487878787878789,1.8921212121212123,2.2253030303030306,2013.455078125,,,,,,,,,,,,,,,,,,,,,,16.356737588652482,28.925076452599388,13.027
