RealGM ID,Name,School,Season,Height,Age,RSCI,n_opp,sq_ppp,blk,stl,oreb,dreb,rim_freq,rim_sq,three_freq,three_sq,tov_freq,spacing,passing,Win Shares,NBA Minutes
24156,Rakeem Christmas,SYR,2015,81,23.6,23.0,549,74,100,79,99,98,75,99,12,16,66,12,65,5.5,112.8
41445,Chris McCullough,SYR,2015,83,20.4,21.0,173,39,3,2,50,2,79,67,2,2,27,3,2,1.86,177.5
28762,Corey Hilliard,USF,2015,73,22.7,234.0,100,17,21,28,2,13,9,5,60,57,71,36,46,0.26,0.0
24272,J.P. Tokoto,UNC,2015,78,21.8,65.0,397,15,8,5,77,4,44,59,26,63,15,38,5,3.39,0.0
73165,Tyler Davis,AAM,2015,82,18.1,31.0,198,14,18,69,25,18,24,20,80,64,6,63,67,,0.9
81438,Noah Knight,MKC,2015,73,19.2,400.0,121,47,26,73,32,19,49,29,59,23,40,33,59,1.16,0.0
31267,Briante Weber,VCU,2015,74,22.5,400.0,202,16,43,100,23,48,24,19,35,78,34,40,98,2.56,203.4
24174,Sir'Dominic Pointer,STJ,2015,77,23.2,34.0,458,77,16,9,79,9,69,94,23,13,61,23,9,5.27,0.0
56935,Brandon Goodwin,UCF,2015,72,19.7,400.0,396,16,43,89,68,67,38,48,37,17,11,41,98,1.38,402.2
22550,Tj Mcconnell,UA,2015,74,23.3,348.0,411,31,28,89,46,57,16,24,41,78,28,66,91,6.64,1527.2
44712,R.J. Hunter,GSU,2015,78,21.7,283.0,669,85,15,9,44,8,27,50,75,22,87,94,9,7.15,98.6
24287,Willie Cauley-Stein,Ken,2015,84,21.9,43.0,341,90,19,11,90,10,96,100,12,12,72,11,11,6.18,1325.0
30624,Larry Nance Jr.,WYO,2015,79,22.5,400.0,479,82,12,7,62,7,57,82,27,76,67,45,7,5.82,1361.0
41490,D'Angelo Russell,OSU,2015,76,19.3,16.0,683,79,4,2,53,2,28,52,67,87,58,99,2,6.96,1782.3
24675,Rondae Hollis-Jefferson,UA,2015,78,20.5,16.0,422,91,16,9,88,9,73,93,26,29,67,33,9,6.09,1126.8
39311,Karl-Anthony Towns,Ken,2015,84,19.6,5.0,376,91,11,6,91,6,88,98,18,53,65,22,6,6.53,2353.0
24201,D'Angelo Harrison,STJ,2015,76,21.9,46.0,578,85,4,2,54,2,30,51,62,75,94,92,2,4.9,0.0
31768,Marcus Burton,WC,2015,72,22.4,400.0,515,69,13,82,32,46,17,30,66,41,84,84,62,2.71,0.0
52352,Kelly Oubre Jr.,KU,2015,78,19.6,7.0,337,84,11,7,61,6,65,76,56,69,77,75,7,3.49,1723.1
42079,Cliff Alexander,KU,2015,80,19.6,4.0,205,83,95,15,86,75,97,92,3,3,70,10,21,2.36,36.0
57096,Vince Hunter,UTE,2015,80,20.9,151.0,503,66,92,93,98,99,77,99,18,58,40,24,72,4.49,7.4
161654,Dakari Johnson,Ken,2015,72,15.6,10.0,272,79,93,38,93,85,88,91,3,3,61,8,37,,0.0
24651,Robert Upshaw,WAS,2015,84,21.5,56.0,210,82,100,21,86,83,97,95,10,10,83,4,28,2.6,0.0
24182,Dez Wells,UMD,2015,77,23.2,54.0,467,40,72,78,73,85,45,65,30,100,21,63,89,3.38,0.0
9389,Jerian Grant,ND,2015,76,22.7,111.0,605,89,84,100,28,80,16,39,55,26,67,91,100,7.85,999.7
28238,Trey Lyles,Ken,2015,81,19.6,12.0,324,65,79,59,90,89,69,82,27,16,74,28,48,4.59,1173.7
26752,Tyus Jones,DUK,2015,73,19.1,8.0,475,88,42,100,43,88,22,35,56,77,47,81,100,6.59,1196.9
28741,Travis Trice,MSU,2015,74,22.4,207.0,602,68,57,93,36,77,4,14,75,78,90,99,99,5.96,0.0
31272,Marcus Thornton,W&M,2015,76,22.4,405.0,590,92,46,63,17,61,21,41,80,89,81,100,90,4.82,0.0
28852,Terran Petteway,NEB,2015,78,22.7,167.0,663,35,90,89,47,93,33,60,65,33,54,96,88,3.27,0.0
28787,Josh Richardson,UT,2015,77,21.8,246.0,539,57,80,99,52,85,20,38,49,80,52,85,95,4.77,1861.8
41438,Devin Booker,Ken,2015,78,18.7,22.0,350,96,31,51,42,47,30,37,78,95,94,96,48,4.59,2296.0
28236,Jordan Mickey,LSU,2015,80,21.0,37.0,534,43,100,80,99,100,75,98,17,37,30,21,57,4.04,160.8
24160,Branden Dawson,MSU,2015,78,22.4,16.0,426,61,99,92,99,100,83,99,2,2,52,11,67,4.52,28.9
22869,Joseph Young,ORE,2015,74,23.0,107.0,729,86,24,94,40,94,12,36,68,67,83,98,95,5.68,358.9
24723,Olivier Hanlan,BC,2015,76,22.4,211.0,639,72,26,92,45,82,31,58,58,78,70,91,98,4.53,0.0
24309,Aaron Harrison,Ken,2015,78,20.7,6.0,450,85,53,93,31,69,23,37,81,44,99,92,59,5.31,114.4
24654,Chris Obekpa,STJ,2015,81,21.6,66.0,217,47,100,79,93,93,94,90,13,32,53,13,28,2.52,0.0
22883,DJ Newbill,PSU,2015,76,23.1,220.0,698,74,58,76,63,67,33,54,48,72,74,90,80,5.68,0.0
80338,Eric Paschall,FU,2015,78,18.6,210.0,473,53,72,62,81,80,62,81,61,36,54,74,47,2.06,1028.4
42082,Rashad Vaughn,UNL,2015,78,18.9,10.0,420,76,63,55,37,79,43,56,67,78,80,82,66,2.59,557.0
24685,Jahlil Okafor,DUK,2015,83,19.5,1.0,618,91,99,78,100,99,79,100,5,5,52,9,61,6.82,804.4
24199,Chasson Randle,STA,2015,75,22.4,62.0,712,90,49,97,18,86,19,41,69,62,89,99,90,6.48,479.8
52575,Myles Turner,TXA,2015,83,19.3,6.0,360,70,100,30,79,98,68,79,39,35,71,50,29,4.14,1768.5
22478,Alfonzo Mckinnie,WGB,2015,80,22.8,400.0,272,60,76,44,89,79,86,89,43,40,67,49,14,2.11,422.9
24195,Norman Powell,UCL,2015,75,22.1,53.0,606,70,81,100,48,95,27,44,41,68,71,79,77,4.48,1346.2
24215,Ryan Boatright,CON,2015,71,22.5,55.0,589,87,63,96,36,90,11,22,73,88,64,99,96,6.3,0.0
24345,Kevin Pangos,ZAG,2015,74,22.4,144.0,401,98,46,96,32,72,9,17,88,99,77,99,99,6.84,166.0
24644,Terry Rozier,UL,2015,73,21.3,29.0,662,62,57,100,72,96,35,57,50,40,81,84,90,6.17,1777.0
57476,Cameron Payne,MSt,2015,75,20.9,359.0,679,77,80,99,48,82,15,36,64,68,71,99,100,7.43,713.4
56842,Delon Wright,UT,2015,77,23.2,159.0,470,94,93,100,66,92,36,52,36,52,65,56,100,8.57,1225.3
23974,Matt Stainbrook,XU,2015,82,23.3,400.0,427,93,88,63,94,99,75,96,16,67,39,20,84,5.17,0.0
41451,Christian Wood,UNL,2015,82,19.8,48.0,518,71,100,31,98,100,72,98,39,39,54,59,59,5.12,874.4
31229,Damion Lee,DU,2015,77,22.7,247.0,372,98,54,74,41,75,37,43,69,87,97,86,79,5.75,907.5
31059,Tyler Harvey,EWU,2015,76,22.0,400.0,559,99,42,84,47,67,22,40,89,82,90,100,86,6.18,0.0
24179,Quinn Cook,DUK,2015,73,22.3,33.0,549,100,27,93,36,87,13,26,89,96,95,100,85,6.88,530.4
24290,Montrezl Harrell,UL,2015,79,21.4,81.0,511,84,96,80,100,99,84,100,24,16,69,28,64,6.7,1409.1
31153,Alan Williams,CSB,2015,80,22.4,400.0,404,76,93,67,97,99,77,94,14,54,94,16,74,4.88,217.9
9306,Marcus Thornton,UGA,2015,80,22.9,121.0,396,88,93,68,89,98,73,91,26,37,86,32,45,4.0,0.0
41442,Jarell Martin,LSU,2015,82,21.1,12.0,577,76,87,91,99,100,79,100,28,26,54,43,69,5.19,731.6
30549,Seth Tuttle,UNI,2015,81,22.8,150.0,469,89,85,84,79,99,58,83,27,99,17,63,93,7.58,0.0
24247,Brandon Ashley,UA,2015,81,21.0,18.0,440,86,89,59,93,90,72,94,27,57,83,42,32,5.31,0.0
28956,Darrun Hilliard,VIL,2015,78,22.2,274.0,467,93,72,100,33,75,31,45,85,76,97,95,80,5.64,286.4
3587,Tyler Haws,BYU,2015,77,24.2,131.0,712,92,67,82,78,84,42,76,45,71,93,87,84,6.45,0.0
24157,Wayne Blackshear,UL,2015,77,23.4,27.0,408,93,87,89,58,88,40,54,85,49,98,95,56,4.91,0.0
42932,Richaun Holmes,BGF,2015,82,21.7,400.0,413,89,100,64,97,97,75,95,30,82,69,50,44,5.28,1131.7
31269,Treveon Graham,VCU,2015,77,21.7,395.0,532,93,67,56,93,97,46,69,64,83,99,92,73,5.24,720.8
30901,Keifer Sykes,WGB,2015,72,21.5,400.0,564,65,51,96,44,86,42,71,50,29,85,82,95,6.18,566.3
24147,Le'Bryan Nash,OSC,2015,79,23.0,8.0,590,52,12,7,54,7,43,68,20,20,37,24,7,3.69,0.0
30741,TaShawn Thomas,UOK,2015,80,22.3,108.0,426,56,17,10,86,10,70,95,14,19,57,15,10,4.35,0.0
9301,Bryce Dejean-Jones,ISU,2015,77,22.9,74.0,349,61,2,1,56,1,55,72,49,49,65,57,1,3.48,278.6
24284,Michael Frazier II,UF,2015,76,21.3,94.0,316,73,14,8,41,7,39,42,90,65,59,85,8,3.25,144.6
24291,Justin Anderson,UV,2015,78,21.6,50.0,291,98,77,52,48,72,55,63,74,96,88,88,67,4.44,546.6
31723,Royce Oneale,BAY,2015,78,22.1,400.0,325,92,66,90,90,88,63,74,65,99,42,92,92,5.08,1903.2
26756,Stanley Johnson,UA,2015,78,19.1,3.0,537,76,79,98,95,97,63,82,45,91,59,81,67,5.89,1201.2
42338,Michael Qualls,Ark,2015,78,21.4,152.0,557,94,82,84,90,92,60,88,59,52,88,90,65,4.96,0.0
30323,Justise Winslow,DUK,2015,78,19.3,13.0,519,86,92,98,84,100,55,81,47,93,64,88,78,5.66,1161.6
41433,Bobby Portis,Ark,2015,83,20.4,17.0,581,91,98,92,100,99,80,100,22,75,95,39,52,6.29,1405.3
28239,Sam Dekker,WIS,2015,81,21.2,12.0,497,97,82,61,94,95,70,97,61,53,99,84,55,7.13,619.5
31774,Jalen Cannon,STF,2015,78,22.2,400.0,509,95,85,66,100,100,91,100,36,65,89,68,41,6.41,0.0
23605,Tyshawn Bell,DEL,2015,79,23.8,400.0,366,85,61,82,79,94,65,76,88,82,97,93,42,3.49,0.0
18380,Aaron White,IOW,2015,77,30.9,169.0,485,100,81,95,92,98,77,97,32,76,97,61,63,,0.0
31664,Tyler Kalinoski,DAV,2015,76,22.5,400.0,486,96,74,92,78,92,42,64,84,97,96,100,98,5.95,0.0
30433,Mark Tollefsen,USF,2015,81,22.6,400.0,397,94,90,72,89,87,69,91,57,85,97,84,64,4.49,0.0
28751,Frank Kaminsky,WIS,2015,84,22.2,242.0,634,99,98,84,87,100,53,89,37,97,95,87,88,10.07,1132.1
41494,Kevon Looney,UCL,2015,81,19.4,11.0,430,82,92,96,100,100,91,100,32,88,92,59,61,4.89,859.1
24234,Pat Connaughton,ND,2015,76,22.5,97.0,426,99,94,75,71,100,57,78,92,99,91,100,68,5.52,1102.4
24242,DaJuan Coleman,SYR,2016,81,23.7,22.0,201,62,4,2,83,2,98,93,3,3,14,1,2,2.28,0.0
44094,Fred Van Vleet,WSU,2016,72,22.3,400.0,378,51,7,4,16,4,14,21,55,73,76,69,4,5.19,1643.8
81056,Wade Baldwin IV,VAN,2016,76,20.3,131.0,503,55,17,10,22,9,22,39,41,85,24,75,10,4.65,193.0
53707,Yuta Watanabe,GWU,2016,81,21.7,314.0,205,58,18,10,42,10,39,33,64,19,69,48,10,2.99,361.8
58185,David Nwaba,SLO,2016,77,23.5,400.0,360,61,5,2,74,2,74,87,18,24,49,19,2,2.65,763.9
42594,D.J. Balentine,EA,2016,74,22.9,400.0,612,61,4,2,41,2,32,58,47,44,77,69,2,5.05,0.0
70435,JT Strickland,MER,2016,73,22.3,400.0,294,89,10,6,41,6,22,27,38,85,60,53,6,,0.0
24269,D'Vauntes Smith-Rivera,GT,2016,75,23.5,36.0,532,58,4,2,35,2,22,38,77,40,75,92,2,4.44,0.0
33244,Mike Gesell,IOW,2016,74,22.6,86.0,343,11,50,96,33,70,13,18,30,66,22,44,100,3.09,0.0
42322,Caris LeVert,UM,2016,78,21.8,239.0,228,94,3,1,8,1,33,28,58,90,83,56,1,3.4,1459.9
54846,Stephen Zimmerman,UNL,2016,83,19.8,11.0,296,32,25,9,76,10,77,81,22,69,30,26,9,2.19,107.8
57281,Kay Felder,OAK,2016,69,21.3,400.0,713,79,11,6,36,6,35,65,46,29,63,86,6,7.86,262.6
80992,Gary Payton II,OSU,2016,75,23.6,123.0,550,51,7,4,87,4,57,91,30,30,65,47,4,5.2,342.6
44580,A.J. English,ION,2016,76,24.0,400.0,576,82,1,1,22,1,22,42,76,84,45,98,1,5.28,0.0
73162,Deyonta Davis,MSU,2016,81,19.6,26.0,243,88,100,26,96,87,98,99,3,3,72,9,36,3.4,433.0
59508,Derrick Jones Jr,UNL,2016,78,19.4,48.0,299,98,5,3,72,3,89,95,28,18,82,29,3,3.31,922.8
57247,James Webb III,BSU,2016,81,22.9,400.0,402,79,8,5,78,5,75,93,43,11,93,40,5,4.83,119.9
24694,Rob Gray,UH,2016,76,22.2,400.0,358,71,46,72,19,23,15,25,65,51,96,68,57,2.92,0.0
42074,Skal Labissiere,Ken,2016,83,20.3,2.0,247,40,99,25,70,58,79,84,12,24,62,11,16,2.1,648.8
24670,Anthony Barber,NCS,2016,73,21.9,25.0,792,70,27,65,47,90,8,24,33,49,85,79,96,5.67,12.9
42557,Shaquille Harrison,TU,2016,75,22.7,400.0,452,55,56,99,54,90,34,53,23,22,63,28,97,4.24,530.7
80940,Patrick McCaw,UNL,2016,79,20.7,198.0,449,87,14,8,54,8,45,66,75,72,62,92,8,5.12,674.4
24189,Sheldon McClellan,UM,2016,78,23.5,45.0,471,100,16,9,29,9,41,64,60,83,94,82,9,5.91,286.8
42072,Daniel Hamilton,CON,2016,79,20.9,17.0,524,15,79,92,64,100,16,30,52,39,37,69,96,4.94,116.0
42366,Craig Sword,MIS,2016,75,22.5,134.0,475,32,91,95,66,68,51,71,42,12,14,51,88,2.12,19.0
22358,Kyle Collinsworth,BYU,2016,78,24.7,156.0,594,18,82,100,93,99,46,70,22,19,21,28,100,5.9,479.5
24258,Rasheed Sulaimon,UMD,2016,76,22.3,14.0,403,66,40,96,14,86,7,13,66,93,31,90,93,4.27,0.0
24650,Adam Woodbury,IOW,2016,85,22.5,46.0,263,76,67,47,97,97,91,95,1,1,31,1,39,3.25,0.0
52567,Tyler Ulis,Ken,2016,70,20.5,19.0,601,75,46,98,40,68,4,11,54,45,81,85,100,7.34,927.3
42414,Isaiah Cousins,UOK,2016,76,22.3,260.0,557,18,68,98,49,94,5,10,56,80,40,90,98,3.93,0.0
41432,Mamadou Ndiaye,UCI,2016,90,22.8,99.0,367,92,100,18,93,97,77,93,7,7,18,6,26,4.32,0.0
52544,Jaylen Brown,CAL,2016,78,19.7,4.0,585,37,87,78,72,94,39,63,37,23,23,58,76,2.88,1926.6
42067,Jonah Bolden,UCL,2016,82,20.5,33.0,171,27,91,67,67,85,75,62,42,29,34,34,47,1.48,342.9
42078,Isaiah Whitehead,SHU,2016,76,21.3,14.0,732,32,98,93,41,81,6,18,61,56,32,96,98,4.34,911.5
24687,Wayne Selden,KU,2016,77,21.8,13.0,521,79,26,16,56,15,40,65,70,85,67,96,29,4.59,596.2
42884,Bryn Forbes,MSU,2016,74,22.9,400.0,399,100,19,44,15,45,3,3,96,100,99,100,58,5.06,1385.6
42349,Alex Caruso,TAM,2016,76,22.3,85.0,324,30,76,100,69,71,39,49,46,84,3,65,99,4.44,926.2
26603,Sterling Gibbs,CON,2016,74,23.0,173.0,425,88,25,85,22,49,6,10,85,90,81,97,82,4.34,0.0
73136,Dejounte Murray,WAS,2016,77,19.8,49.0,663,27,68,100,83,96,39,69,37,23,40,66,96,3.0,1651.3
24159,Dorian Finney-Smith,UF,2016,79,23.2,24.0,533,81,6,3,91,3,65,92,69,85,70,99,3,5.41,1793.2
41431,Marcus Lee,Ken,2016,83,21.8,18.0,211,92,99,31,99,91,100,99,7,7,37,4,16,3.17,0.0
30886,Roosevelt Jones,BUT,2016,76,23.4,142.0,520,41,74,98,92,95,66,90,12,35,52,15,98,4.43,0.0
24248,Kaleb Tarczewski,UA,2016,84,23.3,8.0,244,92,95,24,94,98,88,90,6,6,73,4,31,3.21,0.0
43419,Stefan Moody,UM,2016,70,22.7,335.0,723,84,40,96,59,44,20,43,73,72,44,100,94,5.22,0.0
28240,Kris Dunn,PRF,2016,75,22.3,16.0,596,35,82,100,70,93,44,68,38,48,22,76,100,4.65,982.9
49322,Malachi Richardson,SYR,2016,78,20.5,34.0,562,53,69,95,41,93,13,28,76,56,57,97,75,3.43,208.3
42388,Zach Auguste,ND,2016,82,23.0,108.0,527,71,96,73,100,100,82,98,11,11,35,3,46,4.41,0.0
28957,Markus Kennedy,SMU,2016,81,24.9,107.0,283,37,93,59,87,85,82,92,16,74,41,18,73,2.83,0.0
54847,Chinanu Onuaku,UL,2016,81,19.7,68.0,304,54,99,71,98,98,86,95,11,74,13,13,62,4.25,36.6
43395,Demetrius Jackson,ND,2016,73,21.8,34.0,564,57,68,96,61,72,36,64,58,41,65,95,98,4.71,45.5
24274,Ryan Arcidiacono,VIL,2016,75,22.3,57.0,470,82,25,99,31,77,28,44,79,78,74,98,96,6.2,744.4
53231,Jakob Poeltl,UT,2016,84,20.7,100.0,539,99,99,66,99,100,84,100,5,5,57,5,72,6.98,1401.3
24260,Daniel Ochefu,VIL,2016,83,22.5,49.0,329,94,98,81,90,99,80,92,11,21,44,11,68,5.43,74.9
42379,Damian Jones,VAN,2016,84,21.0,87.0,451,87,98,23,95,95,74,95,13,66,60,16,52,3.91,505.5
24262,Marcus Paige,UNC,2016,72,22.8,30.0,429,83,78,95,38,54,12,23,88,67,90,94,92,4.27,28.0
31229,Damion Lee,UL,2016,77,23.7,247.0,467,90,20,96,48,77,40,59,74,50,86,88,74,5.26,907.5
30538,Ron Baker,WSU,2016,76,23.3,400.0,439,79,84,98,27,93,27,40,73,54,85,86,90,6.12,464.6
44077,Denzel Valentine,MSU,2016,77,22.6,112.0,569,90,57,87,49,100,10,24,79,99,52,100,100,7.59,963.5
41364,Ben Simmons,LSU,2016,82,19.9,1.0,647,83,91,100,99,100,71,97,12,48,32,16,98,6.12,2331.6
42307,Mike Tobey,UV,2016,84,21.7,78.0,246,91,87,31,93,82,98,98,20,42,88,21,18,3.18,25.2
33381,Domantas Sabonis,ZAG,2016,83,20.2,200.0,517,83,90,54,99,100,72,94,18,87,32,26,70,7.6,1968.0
24177,Marshall Plumlee,DUK,2016,85,24.0,64.0,290,97,99,85,100,99,100,100,7,7,55,6,48,4.63,111.0
45041,Joel Bolomboy,WBS,2016,81,22.4,400.0,412,82,93,45,96,100,75,92,26,64,39,45,45,6.55,45.1
24662,Danuel House,TAM,2016,78,23.1,26.0,589,67,70,60,74,91,46,74,78,20,86,93,75,4.2,825.7
79866,Aubrey Dawkins,UM,2016,78,21.1,396.0,201,97,47,51,45,49,66,57,88,97,83,83,24,2.22,0.0
24658,Brice Johnson,UNC,2016,82,22.0,45.0,565,99,99,96,100,100,83,100,2,2,76,8,57,7.81,53.6
31849,Thomas Walkup,SFA,2016,76,23.5,400.0,451,99,76,99,87,87,57,81,23,35,92,29,96,8.79,0.0
28798,Shawn Long,LAL,2016,81,23.4,400.0,600,75,99,65,100,100,86,100,25,27,51,38,57,5.82,233.6
31320,Abdel Nader,ISU,2016,78,22.8,243.0,463,70,88,88,53,95,44,62,60,80,36,90,63,2.94,516.5
56701,Tim Quarterman,LSU,2016,78,21.7,71.0,399,57,76,88,83,80,47,62,68,64,63,83,92,2.98,46.4
24168,Michael Gbinije,SYR,2016,78,24.1,28.0,672,59,76,100,72,83,37,69,67,78,42,98,97,5.87,31.6
24319,Troy Williams,IND,2016,79,21.5,53.0,473,75,92,93,80,95,66,89,34,75,21,61,76,3.96,391.9
49891,Deandre Bembry,SJH,2016,77,22.0,221.0,559,71,86,97,86,99,61,93,38,17,86,52,96,6.04,945.1
24266,Alex Poythress,Ken,2016,81,22.8,7.0,288,96,86,57,87,92,84,91,24,70,70,31,17,3.58,188.6
24267,Robert Carter,UMD,2016,81,22.2,27.0,427,63,97,83,89,99,71,88,37,66,29,67,71,4.66,0.0
28292,Jameel Warney,SBS,2016,80,22.4,343.0,496,100,100,81,100,99,95,100,5,5,98,9,69,8.39,26.9
54842,Henry Ellenson,Mar,2016,82,19.5,9.0,599,64,98,77,97,100,66,94,36,30,67,67,69,4.11,157.6
42410,Taurean Prince,BAY,2016,79,22.3,188.0,581,57,89,95,97,90,54,78,51,62,45,82,77,4.01,1489.5
24253,Shaq Goodwin,MEM,2016,81,21.8,35.0,472,87,99,89,96,97,77,96,18,51,71,23,58,4.42,0.0
81426,Pascal Siakam,NMS,2016,81,22.2,400.0,572,77,100,85,100,100,75,99,18,42,92,24,63,7.93,1963.4
72600,Marquese Chriss,WAS,2016,81,19.0,58.0,465,72,99,85,98,77,79,98,29,82,48,59,35,3.29,889.6
49976,Jamal Murray,Ken,2016,76,19.3,10.0,671,89,71,86,81,91,24,49,78,92,73,100,76,6.37,2076.9
24155,Kyle Wiltjer,ZAG,2016,82,23.7,20.0,595,89,90,34,85,96,39,66,62,95,84,98,61,6.98,43.9
29195,Damyean Dotson,UH,2016,77,22.2,262.0,339,96,48,60,84,91,49,59,82,83,93,94,51,5.05,848.3
24256,Perry Ellis,KU,2016,79,22.8,32.0,586,95,84,59,90,96,53,85,27,93,93,65,54,6.23,0.0
24209,Malcolm Brogdon,UV,2016,77,23.6,98.0,632,93,63,91,40,92,46,78,61,89,96,94,90,7.22,1675.4
42429,Georges Niang,ISU,2016,79,23.0,71.0,660,86,87,84,84,98,49,83,43,88,61,86,91,5.72,742.5
24216,Anthony Gill,UV,2016,80,23.7,94.0,452,98,86,73,97,95,91,100,12,93,92,17,34,6.14,340.6
44074,Stefan Jankovic,HAW,2016,83,22.9,204.0,419,96,95,60,86,93,78,94,39,76,78,61,53,5.3,0.0
73131,Malik Beasley,FSU,2016,76,19.6,39.0,506,86,55,89,88,93,55,81,56,85,80,92,60,4.16,1170.8
41248,Jake Layman,UMD,2016,80,22.3,69.0,368,96,94,93,68,94,52,65,73,95,44,96,47,4.55,516.5
45134,Beau Beech,UNF,2016,81,22.3,121.0,432,95,80,92,61,95,39,52,88,97,73,99,73,4.2,0.0
80300,Ben Bentil,PRF,2016,81,21.3,95.0,702,90,94,79,98,97,71,99,45,32,95,84,45,5.95,9.9
72279,Brandon Ingram,DUK,2016,79,18.8,3.0,652,71,98,93,91,98,38,63,61,94,81,99,76,5.06,2013.3
24236,Jarrod Uthoff,IOW,2016,81,23.1,114.0,594,89,100,86,81,97,46,75,57,71,99,87,46,5.53,84.0
42415,Buddy Hield,UOK,2016,76,23.5,156.0,810,99,83,94,78,97,40,75,76,100,61,100,78,7.82,2279.2
41493,Diamond Stone,UMD,2016,83,19.4,6.0,386,97,98,58,94,81,91,99,3,3,73,5,20,4.21,24.3
24294,A.J. Hammons,PUB,2016,84,23.8,75.0,442,89,1,1,88,1,64,86,17,81,49,23,1,5.01,163.2
44085,Tyrone Wallace,CAL,2016,77,22.1,92.0,490,29,74,80,58,88,17,32,36,33,45,54,97,3.67,428.6
56848,Julian Jacobs,USC,2016,76,21.6,303.0,406,28,71,94,62,86,39,53,27,49,17,41,100,3.11,0.0
42846,Isaiah Miles,SJH,2016,80,22.1,306.0,469,99,90,58,96,99,76,96,60,72,99,92,36,7.09,0.0
56862,Isaiah Taylor,TXA,2016,75,22.0,323.0,519,63,58,79,34,60,21,39,28,26,81,36,99,4.43,609.5
42639,Josh Adams,WYO,2016,74,22.6,400.0,614,86,75,93,43,88,24,42,69,75,43,100,98,5.63,0.0
24276,Rosco Allen,STA,2016,82,23.2,79.0,473,73,51,90,83,94,47,69,68,42,81,79,64,3.73,0.0
42311,Devin Thomas,WF,2016,81,22.1,268.0,493,67,97,61,98,100,72,95,3,3,42,5,81,2.99,0.0
24207,Ryan Anderson,UA,2016,81,23.6,134.0,483,92,84,68,100,100,89,100,16,40,69,18,36,5.52,0.0
24659,Prince Ibeh,TXA,2016,82,22.1,58.0,170,25,100,28,94,73,98,89,8,8,11,7,11,1.37,0.0
33247,Brannen Greene,KU,2016,79,21.5,35.0,134,97,19,26,4,40,7,3,88,99,17,73,37,1.83,0.0
30401,Andrew Andrews,WAS,2016,74,23.1,318.0,712,86,18,97,79,94,18,40,55,81,68,95,97,6.01,0.0
28818,Tyler Harris,AU,2016,82,22.8,131.0,487,49,78,68,98,95,80,97,24,32,50,33,59,2.1,0.0
59503,De'Aaron Fox,Ken,2017,75,19.5,6.0,634,64,4,1,42,1,25,52,24,16,60,40,1,5.28,2065.1
72281,Dennis Smith jr,NCS,2017,74,19.6,7.0,387,27,4,1,38,1,35,49,56,36,26,67,1,4.1,1030.7
85714,De'Anthony Melton,USC,2017,74,19.1,134.0,328,34,4,1,74,1,58,70,43,27,30,49,1,3.36,1213.3
27051,Xavier Rathan-Mayes,FSU,2017,76,23.2,46.0,389,33,33,60,43,25,13,23,54,34,40,73,80,3.36,117.8
76941,Elijah Long,MSM,2017,73,20.5,400.0,409,19,17,91,8,90,4,5,37,64,24,91,97,3.45,0.0
58529,Marcus Keene,CMU,2017,71,22.2,400.0,601,54,10,51,27,57,8,22,71,48,46,100,98,4.88,0.0
84076,OG Anunoby,IND,2017,80,20.0,294.0,142,90,31,18,39,4,71,57,51,46,52,36,5,1.91,1612.2
56784,Damonte Dodd,UMD,2017,83,23.1,123.0,137,63,98,10,92,23,100,92,2,2,12,1,13,1.5,0.0
73147,Jawun Evans,OSC,2017,72,20.9,27.0,464,47,19,94,35,45,11,24,32,39,80,71,100,4.95,421.1
56664,Peter Jok,IOW,2017,78,23.3,304.0,326,45,31,70,37,68,24,32,67,25,42,60,83,4.22,0.0
85624,Jaquori Mclaughlin,OSU,2017,76,19.4,95.0,368,30,66,80,11,47,2,2,75,66,36,87,88,1.28,10.9
54857,Isaac Humphries,Ken,2017,83,19.5,47.0,115,28,86,21,87,44,91,72,4,4,61,5,8,1.35,56.4
54884,Chance Comanche,UA,2017,82,21.2,50.0,224,59,76,8,80,75,80,84,2,2,37,2,11,2.33,0.0
71571,L.J. Peak,GT,2017,77,21.4,65.0,481,67,29,39,64,14,46,67,38,46,39,64,62,4.08,0.0
52565,Edmond Sumner,XU,2017,78,21.5,106.0,310,58,83,81,26,62,37,43,29,28,35,34,99,3.04,380.0
24688,Tyler Roberson,SYR,2017,81,22.6,41.0,145,27,86,48,84,59,98,86,10,10,14,5,27,1.78,0.0
84066,Malik Ellison,STJ,2017,78,20.8,189.0,274,11,64,83,48,69,39,36,56,49,16,57,80,1.29,0.0
44102,Mo Alie-Cox,VCU,2017,79,23.8,343.0,289,76,95,35,90,17,75,86,7,7,39,2,15,3.71,0.0
76235,Kobi Simmons,UA,2017,77,20.0,26.0,361,36,29,77,35,33,45,55,51,39,81,55,69,2.5,322.4
50939,Harry Giles,DUK,2017,83,19.2,2.0,106,46,84,25,83,48,99,81,14,17,33,11,11,1.11,611.7
41329,London Perrantes,UV,2017,73,22.7,147.0,342,73,21,59,14,57,9,7,71,83,73,87,92,4.68,65.5
37900,Derrick Walton Jr.,UM,2017,72,22.2,45.0,242,96,17,46,15,46,13,13,78,75,91,72,97,7.32,167.9
56938,Amida Brimah,CON,2017,83,23.4,241.0,229,55,100,15,87,87,95,95,1,1,23,6,7,2.71,29.3
42075,Melo Trimble,UMD,2017,75,22.4,32.0,538,55,50,89,19,80,22,45,60,34,32,84,95,3.96,0.0
24648,Jamel Artis,PIT,2017,79,24.5,209.0,326,60,36,21,60,57,42,52,65,49,59,70,88,3.72,279.0
85735,Ike Anigbogu,UCL,2017,81,18.7,46.0,138,71,96,11,81,63,97,86,4,4,55,5,8,1.27,17.9
79864,D.J. Wilson,UM,2017,82,21.4,123.0,170,54,90,28,49,29,65,53,62,39,79,45,41,4.88,360.5
54841,PJ Dozier,SC,2017,78,20.7,25.0,614,13,60,87,70,69,40,66,44,14,70,69,62,3.89,378.9
41489,Isaiah Briscoe,Ken,2017,75,21.2,12.0,503,36,54,86,86,94,53,79,26,33,31,46,97,3.86,559.2
28808,Phil Forte,OSC,2017,71,24.2,252.0,239,99,11,59,35,21,13,14,91,97,93,91,38,3.75,0.0
24321,Marc Loving,OSU,2017,80,22.8,61.0,376,42,81,39,63,82,40,50,64,69,17,82,64,2.33,0.0
44091,Dusty Hannahs,Ark,2017,75,23.8,326.0,433,93,35,53,44,14,29,42,73,80,76,94,40,3.08,19.7
32975,Kadeem Allen,UA,2017,75,24.5,83.0,349,49,87,99,27,92,23,33,41,85,32,68,83,3.86,213.2
41959,Mangok Mathiang,UL,2017,82,24.7,300.0,221,68,95,43,95,79,96,94,7,7,50,6,26,3.19,19.8
85599,Jarrett Allen,TXA,2017,83,19.2,17.0,345,33,97,34,98,95,83,96,15,39,35,17,25,3.39,1812.5
57472,Antonius Cleveland,SEM,2017,78,23.4,400.0,318,71,85,84,39,76,43,52,28,65,58,43,77,4.17,84.1
76759,Frank Jackson,DUK,2017,75,19.2,13.0,365,89,27,66,47,54,29,37,66,83,70,88,63,3.36,967.0
24347,Przemek Karnowski,ZAG,2017,85,23.6,100.0,428,83,97,55,87,97,67,90,10,18,50,11,67,5.19,0.0
24703,Bronson Koenig,WIS,2017,75,22.6,110.0,484,80,69,74,13,59,1,1,89,90,92,99,73,4.79,0.0
24324,Isaiah Hicks,UNC,2017,80,22.9,16.0,380,92,90,46,96,92,83,98,5,5,52,9,52,4.57,135.9
42341,Jacorey Williams,MTS,2017,80,23.1,177.0,435,71,72,72,83,96,56,81,14,22,87,16,58,5.61,0.0
56870,Frank Mason,KU,2017,71,23.2,118.0,669,96,18,81,52,60,14,35,48,99,70,99,84,7.65,404.1
72599,Antonio Blakeney,LSU,2017,76,20.7,16.0,480,84,33,66,60,80,23,40,54,57,87,90,64,2.23,571.5
58524,Troy Caupain,CIN,2017,76,21.6,212.0,372,41,71,95,50,91,28,40,72,30,86,73,96,4.93,15.6
41441,Jajuan Johnson,Mar,2017,77,23.3,32.0,348,52,75,99,57,81,43,53,39,84,30,65,84,2.65,0.0
30752,Dylan Ennis,ORE,2017,74,25.5,400.0,411,48,83,96,50,87,28,41,60,70,37,81,86,4.55,0.0
24633,Nigel Williams-Goss,ZAG,2017,75,22.8,33.0,542,90,38,90,48,86,27,47,35,72,75,75,82,8.23,49.8
76384,Tony Bradley,UNC,2017,83,19.5,25.0,222,98,87,23,98,70,98,96,9,9,89,8,22,3.18,392.3
57582,Eric Mika,BYU,2017,82,22.5,39.0,571,81,99,53,99,99,76,99,4,4,72,8,62,5.88,19.1
85903,Markelle Fultz,WAS,2017,76,19.1,5.0,399,67,83,73,60,57,36,46,43,67,86,76,100,4.17,650.2
56877,Johnathan Motley,BAY,2017,82,22.2,127.0,567,67,96,34,100,99,74,99,19,48,45,31,76,5.58,124.3
57000,Kris Jenkins,VIL,2017,78,23.6,76.0,451,73,70,94,29,93,11,24,91,52,84,98,71,4.85,0.0
56839,Bryce Alford,UCL,2017,75,22.4,396.0,453,100,47,60,26,64,13,24,95,97,99,100,80,4.76,0.0
31746,Canyon Barry,UF,2017,78,23.5,400.0,344,94,74,53,65,51,47,60,62,48,99,73,23,3.76,0.0
24316,Isaac Hamilton,UCL,2017,76,23.1,19.0,500,77,54,69,60,79,24,40,75,81,69,99,84,3.18,0.0
24249,Amile Jefferson,DUK,2017,81,24.2,29.0,346,91,99,77,97,99,92,100,1,1,61,9,62,5.14,71.3
24318,Matt Jones,DUK,2017,77,22.6,38.0,273,38,55,100,74,55,51,56,91,51,71,85,73,3.01,0.0
76232,Dwayne Bacon,FSU,2017,78,21.8,17.0,594,67,42,89,78,87,39,65,53,44,85,83,61,3.95,1002.9
85104,Jalen Jones,TA,2017,74,21.9,293.0,250,91,49,69,82,34,58,58,73,50,96,72,43,3.75,0.0
53413,Dillon Brooks,ORE,2017,78,21.4,59.0,482,59,79,90,67,63,48,67,51,72,63,77,83,4.87,1534.7
76939,Bam Adebayo,Ken,2017,82,20.0,9.0,470,88,99,81,100,98,87,100,4,4,68,7,35,5.73,1933.1
27050,Naz Long,ISU,2017,76,23.9,319.0,439,96,22,85,46,62,26,44,90,85,81,99,58,4.77,43.8
42069,Jordan Bell,ORE,2017,80,22.5,100.0,338,83,100,97,99,99,85,98,16,22,20,17,67,6.37,387.5
52553,Jaylen Johnson,UL,2017,81,20.9,87.0,211,79,81,34,95,75,98,98,17,94,48,20,15,3.19,0.0
24678,Moses Kingsley,Ark,2017,82,22.6,49.0,415,54,100,70,93,97,68,85,17,76,55,25,49,3.74,0.0
56659,Malcolm Hill,ILL,2017,78,21.7,70.0,438,84,64,90,63,82,32,47,63,46,93,77,88,5.49,212.1
24696,Andrew White III,SYR,2017,79,24.0,54.0,433,90,41,78,44,42,44,59,84,79,87,97,10,4.98,209.1
57287,Alec Peters,VAL,2017,81,22.2,251.0,365,87,61,23,82,94,54,68,46,76,87,69,71,6.41,224.9
24673,Nigel Hayes,WIS,2017,80,22.5,137.0,545,45,80,83,98,97,62,91,25,35,83,49,83,5.32,122.2
59227,Wesley Iwundu,KSU,2017,79,22.5,195.0,439,70,76,85,83,98,58,79,34,66,42,58,91,4.51,765.5
57216,Jalen Moore,USU,2017,80,21.9,400.0,408,83,70,33,58,91,40,54,58,96,76,90,83,4.34,0.0
41495,Ivan Rabb,CAL,2017,82,20.4,7.0,470,49,94,64,100,100,83,100,18,59,62,26,58,4.7,618.2
52034,Jayson Tatum,DUK,2017,80,19.3,4.0,504,63,96,95,69,98,45,68,44,57,49,75,77,3.99,2435.6
85659,Zach Collins,ZAG,2017,83,19.6,30.0,310,95,100,52,89,95,79,91,20,94,21,33,13,5.09,798.3
29857,VJ Beachem,ND,2017,80,22.5,74.0,372,79,89,56,45,41,53,66,87,66,96,95,13,3.6,0.0
81004,Kyle Kuzma,UT,2017,82,21.9,187.0,437,68,77,47,99,97,79,98,33,53,65,59,80,4.67,2079.8
45001,Jacob Wiley,EWU,2017,80,22.8,400.0,584,91,100,72,99,99,70,98,14,96,17,21,77,6.43,33.3
52554,Malik Monk,Ken,2017,75,19.4,11.0,692,93,87,92,32,71,21,46,72,72,93,100,72,5.92,1259.5
41957,Tyler Dorsey,ORE,2017,75,21.4,28.0,443,90,46,84,58,70,42,56,75,86,77,95,66,5.37,836.0
73141,Dedric Lawson,MEM,2017,79,19.7,36.0,376,71,97,79,91,93,78,95,36,26,67,47,89,5.62,0.0
57047,Reggie Upshaw,MTS,2017,79,22.2,259.0,338,82,89,70,92,91,56,69,41,50,85,56,73,6.32,0.0
73167,Caleb Swanigan,PUB,2017,81,20.2,19.0,489,75,91,32,98,100,68,94,28,98,28,72,83,6.55,218.5
41446,Semi Ojeleye,SMU,2017,78,22.6,26.0,333,99,39,27,74,72,63,73,60,95,99,83,66,7.83,822.1
24679,Kennedy Meeks,UNC,2017,82,22.4,58.0,432,93,98,89,100,99,98,100,6,6,87,9,36,5.77,0.0
24320,Deonte Burton,ISU,2017,77,23.4,50.0,534,38,98,100,83,97,60,87,38,59,65,68,66,3.55,298.1
76937,Donovan Mitchell,UL,2017,75,20.8,269.0,426,64,81,100,65,87,39,51,79,57,84,92,85,5.56,2327.5
52030,Thomas Bryant,IND,2017,82,19.9,20.0,363,74,98,76,94,94,74,89,28,91,28,53,51,3.9,685.1
90843,Chris Boucher,ORE,2017,82,24.5,100.0,278,90,100,28,84,88,84,92,57,24,97,59,9,3.95,825.2
27074,Jabari Bird,CAL,2017,78,23.0,21.0,370,79,54,54,60,83,60,80,86,75,78,96,42,3.16,114.5
41448,Davon Reed,UM,2017,77,22.1,113.0,466,81,81,96,55,92,34,49,77,85,60,96,79,4.89,318.9
56883,Monte Morris,ISU,2017,74,22.0,83.0,518,86,71,98,76,91,38,58,50,59,99,88,100,6.65,1413.4
61344,Derrick White,CU,2017,76,23.0,400.0,505,93,98,92,73,76,45,67,48,72,61,90,96,6.04,1361.1
56884,Matt Thomas,ISU,2017,76,22.9,55.0,335,100,38,88,46,85,33,43,93,100,90,100,60,4.14,408.7
42292,Jaron Blossomgame,CLE,2017,80,23.8,117.0,554,86,93,81,95,95,72,99,33,18,95,56,61,4.46,439.2
83940,John Collins,WF,2017,81,19.8,185.0,483,98,98,54,100,97,84,100,10,81,89,13,18,5.72,1697.5
85618,Jonathan Isaac,FSU,2017,82,19.7,8.0,336,81,98,91,91,99,79,94,45,36,63,53,40,4.22,1170.5
52032,Josh Jackson,KU,2017,80,20.4,1.0,575,51,95,99,97,97,68,98,30,79,48,69,87,5.04,1343.7
83954,Justin Patton,CrU,2017,84,20.0,85.0,342,94,98,83,89,95,83,98,18,93,54,27,45,4.38,73.8
59509,T.J. Leaf,UCL,2017,82,20.2,18.0,458,98,85,18,93,80,81,99,26,99,85,72,39,5.88,309.1
56931,Sterling Brown,SMU,2017,77,22.4,109.0,267,96,76,91,59,83,50,54,67,100,81,82,87,6.17,886.9
42318,Zak Showalter,WIS,2017,74,23.5,292.0,271,93,72,99,68,65,62,65,81,95,56,92,63,4.57,0.0
42310,Tyler Cavanaugh,GWU,2017,81,23.4,242.0,621,80,71,65,98,99,63,93,51,90,50,95,74,5.2,279.0
80958,Gian Clavell,CSU,2017,76,23.6,400.0,491,74,86,99,70,90,46,70,72,63,92,93,66,4.39,63.6
97492,Cameron Oliver,NEV,2017,80,21.0,169.0,506,63,100,79,87,100,63,91,55,77,52,92,65,4.66,65.3
42084,Luke Kennard,DUK,2017,77,21.0,21.0,610,99,77,87,77,95,28,54,63,97,94,99,82,7.34,1394.5
59501,Lonzo Ball,UCL,2017,78,19.7,3.0,464,96,91,100,64,99,52,77,80,92,23,98,100,6.89,1637.5
56697,Luke Kornet,VAN,2017,85,22.0,364.0,473,84,100,65,90,97,64,86,66,39,92,92,50,4.42,424.0
41440,Josh Hart,VIL,2017,77,22.3,79.0,578,94,63,99,87,98,46,76,55,94,77,97,87,7.85,1614.2
72594,Tyler Lydon,SYR,2017,82,21.2,72.0,348,84,97,86,94,98,72,88,55,63,72,77,68,4.9,47.9
24674,Justin Jackson,UNC,2017,80,22.3,9.0,641,88,67,82,93,88,54,89,78,76,94,100,80,6.28,955.5
52053,Devin Robinson,UF,2017,79,22.3,18.0,349,89,94,85,90,95,67,83,59,80,89,86,25,4.58,53.9
28227,Derek Willis,Ken,2017,81,22.0,126.0,238,89,97,74,78,96,61,64,92,82,92,93,32,3.59,0.0
61162,Tyler Livingston,UML,2017,78,22.8,400.0,322,97,76,63,77,76,75,90,84,100,88,99,66,2.99,0.0
41449,Sindarius Thornwell,SC,2017,76,22.6,30.0,673,91,95,100,99,96,58,92,45,84,83,96,85,7.46,430.3
53967,Lauri Markkanen,UA,2017,84,20.1,36.0,481,100,87,43,99,98,69,94,63,96,97,98,35,6.84,1677.8
79892,Bryant McIntosh,NWU,2018,75,23.6,214.0,388,7,2,1,17,1,5,9,46,46,32,62,1,1.98,0.0
52558,Jordan McLaughlin,USC,2018,73,22.2,43.0,482,38,7,3,44,3,19,30,50,62,26,81,3,5.51,810.0
107638,Freddie McSwain,IND,2018,78,23.6,343.0,162,59,5,2,73,2,97,80,10,22,31,8,2,1.22,0.0
41335,Justin Jackson,UMD,2018,79,21.4,82.0,111,8,56,14,52,25,74,51,58,48,5,34,71,0.98,0.0
81683,Trevon Duval,DUK,2018,75,19.9,6.0,474,10,48,99,43,34,30,47,38,20,14,56,99,3.1,5.6
93018,Kostas Antetokounmpo,Day,2018,82,20.6,102.0,161,59,91,14,47,38,72,65,22,12,19,15,14,0.71,28.8
52353,Jae'Sean Tate,OSU,2018,76,22.7,58.0,372,68,6,2,61,2,72,92,19,88,35,33,2,4.08,2049.6
86013,Sacha Killeya-Jones,Ken,2018,83,19.9,23.0,106,62,80,6,70,32,92,67,11,20,33,8,7,1.29,0.0
88822,Brandon McCoy,UNL,2018,84,20.1,14.0,499,76,1,1,93,1,90,100,12,68,40,17,1,4.17,0.0
41310,Parker Jackson-Cartwright,UA,2018,71,23.0,50.0,289,31,34,98,17,50,4,5,76,93,8,85,95,3.25,0.0
73150,Corey Sanders,RU,2018,74,21.2,91.0,604,18,59,94,33,86,17,34,29,10,82,43,87,3.03,0.0
84043,Dikembe Dixson,UIC,2018,79,21.8,231.0,442,20,44,82,40,50,33,47,40,55,40,66,27,1.53,0.0
41311,Bryant Crawford,WF,2018,75,21.3,99.0,529,55,43,97,30,50,22,40,53,49,29,78,98,3.29,0.0
85612,Bruce Brown Jr.,UM,2018,76,21.9,28.0,216,30,75,61,52,72,54,52,41,37,46,35,94,2.28,1577.0
80552,Gabe Vincent,CSB,2018,75,22.0,343.0,322,82,45,81,7,25,10,14,73,66,90,72,90,3.79,775.5
52547,Chris Chiozza,UF,2018,71,22.6,44.0,391,40,38,99,41,86,23,31,48,44,58,60,100,4.64,259.5
26751,Conner Frankamp,WSU,2018,73,23.0,43.0,239,88,38,48,4,18,24,25,91,60,100,76,72,3.19,0.0
71423,Gabe DeVoe,CLE,2018,75,22.5,273.0,469,82,5,2,49,2,46,67,82,87,60,97,2,4.52,0.0
83939,Donte DiVincenzo,VIL,2018,76,21.4,124.0,479,84,4,2,62,2,47,67,77,87,51,98,2,5.66,1187.9
80965,Chandler Hutchison,BSU,2018,79,22.2,112.0,525,53,54,90,46,96,30,50,36,37,42,60,92,5.1,447.4
80113,Matt Farrell,ND,2018,73,22.3,400.0,468,65,27,78,10,44,19,34,89,72,56,100,98,4.16,0.0
104930,Collin Sexton,ALA,2018,73,19.5,5.0,636,70,23,72,66,69,40,62,35,35,53,71,92,4.47,1794.8
104915,Shai Gilgeous-Alexander,Ken,2018,78,20.0,31.0,525,49,83,99,62,82,24,38,23,72,26,47,97,5.36,1931.0
76237,Jarred Vanderbilt,Ken,2018,80,19.2,12.0,103,51,69,11,87,46,99,74,11,83,63,11,30,0.96,783.9
74084,Troy Brown,ORE,2018,78,18.9,13.0,437,22,58,98,80,95,50,68,41,16,23,58,89,3.3,1022.4
41392,Anas Mahmoud,UL,2018,84,23.1,163.0,270,40,100,78,90,85,83,92,1,1,38,3,35,2.79,0.0
52343,Khadeen Carrington,SHU,2018,76,22.7,144.0,536,61,67,90,40,64,11,22,48,67,63,80,96,4.14,0.0
79907,Isaac Haas,PUB,2018,86,22.7,82.0,442,98,97,7,91,91,65,90,4,4,71,7,25,5.21,0.0
80980,Tra Holder,ASU,2018,74,22.8,109.0,550,61,21,92,53,73,18,32,58,52,72,94,88,4.25,0.0
73139,Deng Adel,UL,2018,79,21.4,35.0,535,51,69,58,53,95,30,50,46,52,55,71,84,3.64,194.2
42371,Allonzo Trier,UA,2018,77,22.5,13.0,494,96,68,58,27,66,8,17,69,62,74,86,88,5.69,874.6
26755,Theo Pinson,UNC,2018,77,22.7,15.0,393,43,80,93,84,98,62,82,24,19,16,33,98,4.31,189.8
88934,Trae Young,UOK,2018,73,19.8,23.0,853,61,58,97,33,77,17,44,69,56,24,100,100,5.92,2350.1
54843,Aaron Holiday,UCL,2018,72,21.7,54.0,651,67,53,92,43,75,15,32,56,91,27,98,99,5.07,1115.0
76386,Rawle Alkins,UA,2018,77,20.7,21.0,333,39,82,75,82,49,62,74,49,47,32,61,74,2.39,120.4
52545,Jalen Brunson,VIL,2018,73,21.8,22.0,613,95,17,88,16,74,13,28,58,88,85,94,97,7.87,1708.6
84169,Landry Shamet,WSU,2018,76,21.3,148.0,359,92,47,45,23,53,31,43,82,96,52,94,98,5.11,1523.5
91700,Kevin Knox,Ken,2018,81,18.9,11.0,548,48,51,75,68,95,32,51,50,41,64,87,48,4.14,1002.7
73155,Shake Milton,SMU,2018,77,21.8,90.0,317,82,65,68,27,56,30,32,60,92,72,78,96,4.58,928.5
71582,Shavar Newkirk,SJH,2018,72,22.2,217.0,544,69,57,96,48,80,23,43,51,26,96,75,94,4.06,0.0
83989,Drew Eubanks,OSU,2018,82,21.4,123.0,372,90,98,41,91,95,89,99,3,3,52,6,47,4.13,596.4
80278,Keenan Evans,TTU,2018,75,21.9,292.0,564,95,67,91,23,70,34,53,46,36,80,73,87,6.45,0.0
85560,Jerome Robinson,BC,2018,76,21.4,308.0,593,82,39,73,40,69,35,60,56,75,56,91,89,5.09,534.8
52340,Grayson Allen,DUK,2018,76,22.7,26.0,553,82,24,100,42,76,9,21,88,68,69,99,96,6.07,1049.8
88100,Hamidou Diallo,Ken,2018,77,19.9,10.0,379,57,71,72,67,71,54,63,34,48,85,58,41,2.49,979.1
52549,Angel Delgado,SHU,2018,82,23.6,47.0,490,27,87,66,100,100,85,98,9,55,43,11,85,4.21,14.8
88916,Lonnie Walker,UM,2018,77,19.5,16.0,378,52,76,81,33,50,42,56,78,44,95,78,74,2.91,1060.0
89349,Daryl Macon,Ark,2018,75,22.6,150.0,509,96,15,86,32,65,26,46,74,82,81,97,93,5.21,52.0
80116,Isaiah Wilkins,UV,2018,80,22.8,388.0,196,33,97,91,88,88,86,82,19,28,75,19,60,4.62,0.0
56677,Kendall Stephens,NEV,2018,79,23.6,62.0,334,100,88,35,31,31,15,16,100,97,98,100,20,3.75,0.0
41333,Joel Berry,UNC,2018,72,23.2,30.0,613,69,69,92,42,78,17,35,79,46,88,97,87,4.54,0.0
106664,Alize Johnson,MSU,2018,79,22.2,400.0,536,42,75,36,100,100,71,97,48,14,64,67,85,4.87,134.5
26757,Johnathan Williams,ZAG,2018,81,23.1,44.0,503,61,96,75,99,100,78,99,18,20,44,27,59,5.0,275.7
80283,Jevon Carter,UWV,2018,73,22.8,299.0,636,53,74,100,63,91,17,36,51,84,58,91,100,7.23,785.8
89430,Jontay Porter,MIZ,2018,82,18.6,25.0,330,31,98,73,82,96,55,65,55,64,27,77,77,3.71,54.0
56796,Devon Hall,UV,2018,77,23.0,122.0,339,88,38,79,34,85,25,31,70,92,95,88,90,6.0,80.7
90402,Robert Williams,TAM,2018,80,20.7,61.0,305,81,100,71,97,99,93,99,15,10,48,14,54,3.49,865.1
76976,Chimezie Metu,USC,2018,82,21.3,38.0,505,75,98,67,94,98,69,96,19,20,69,26,59,4.62,504.4
80946,Malik Pope,SDS,2018,82,21.9,51.0,316,60,91,43,92,80,69,82,21,88,71,36,48,3.68,0.0
79908,Dakota Mathias,PUB,2018,76,23.0,218.0,373,88,63,95,9,91,16,24,91,99,60,99,93,5.75,69.8
80054,Donte Grantham,CLE,2018,80,23.3,92.0,204,90,76,26,66,66,80,82,47,90,66,55,77,3.32,2.4
88727,Tony Carr,PSU,2018,77,20.7,51.0,659,63,68,76,63,90,23,48,49,97,81,87,97,6.12,0.0
89387,Kevin Huerter,UMD,2018,79,19.8,65.0,409,78,83,50,52,83,44,61,72,96,30,96,87,4.68,2030.8
79865,Muhammad-Ali Abdur-Rahkman,UM,2018,76,23.8,400.0,469,93,57,86,45,87,17,26,72,75,100,90,92,6.45,0.0
112853,Jo Acuil,BAY,2018,84,24.2,343.0,421,59,98,52,99,96,85,98,16,66,63,25,24,4.02,0.0
81251,Jock Landale,SMG,2018,83,22.7,343.0,536,99,94,31,98,100,74,97,13,67,73,16,73,8.65,588.6
71585,Ismael Sanogo,SHU,2018,80,22.0,378.0,167,61,89,82,85,76,95,85,25,94,39,32,35,2.37,0.0
59224,Marcus Foster,CrU,2018,75,23.1,178.0,576,89,40,79,49,73,41,67,70,82,85,96,81,4.27,0.0
80304,J.P. Macura,XU,2018,77,23.1,102.0,390,82,74,95,80,77,59,74,56,64,39,72,86,4.2,8.8
81016,Yante Maten,UGA,2018,79,21.9,225.0,607,82,98,36,100,96,70,98,27,32,82,55,57,6.15,13.0
83990,Jacob Evans,CIN,2018,78,21.0,130.0,391,71,92,88,63,78,36,48,63,79,75,85,86,6.04,310.9
52345,Bonzie Colson,ND,2018,77,22.5,139.0,329,87,96,74,79,93,68,83,28,42,94,36,39,4.27,98.5
52036,Malik Newman,KU,2018,75,21.4,8.0,499,95,52,94,45,97,20,34,76,93,85,98,76,5.07,5.7
94058,Josh Okogie,GT,2018,76,19.8,182.0,454,77,88,95,91,73,54,72,40,68,66,67,76,3.42,1254.3
84388,Khyri Thomas,CrU,2018,75,22.1,326.0,399,98,56,99,64,78,33,43,64,98,68,95,85,4.88,136.5
24684,Kendrick Nunn,OAK,2018,75,22.9,56.0,671,80,67,94,55,78,27,53,83,82,80,99,92,4.72,1806.4
88784,Mohamed Bamba,TXA,2018,84,20.1,3.0,340,87,100,60,99,99,94,100,27,24,74,34,17,4.96,1048.2
54848,Trevon Bluiett,XU,2018,78,23.7,39.0,589,93,62,74,60,95,22,42,77,90,85,100,77,5.57,0.0
83909,Melvin Frazier,TGW,2018,78,21.8,182.0,438,87,87,100,78,89,57,81,36,75,37,74,86,4.07,96.6
79772,Duncan Robinson,UM,2018,80,24.2,343.0,302,99,76,77,40,53,35,39,97,90,99,99,43,4.51,1657.7
74071,Miles Bridges,MSU,2018,79,20.3,12.0,532,73,89,53,76,97,45,70,63,76,79,90,81,5.66,2115.2
79905,Vince Edwards,PUB,2018,80,22.2,121.0,479,69,82,47,95,98,59,84,46,83,67,81,85,5.71,15.7
83900,Ray Spalding,UL,2018,82,21.3,42.0,440,79,99,98,100,99,93,100,15,46,62,22,44,4.94,83.2
88908,Gary Trent Jr,DUK,2018,78,19.4,17.0,493,91,32,94,66,88,27,43,86,89,98,100,54,5.23,1423.0
73143,DJ Hogg,TAM,2018,81,21.8,30.0,364,62,91,72,71,89,52,62,83,77,67,91,78,3.43,0.0
88806,Jaren Jackson Jr,MSU,2018,83,18.8,8.0,336,88,100,56,83,92,68,82,47,85,42,76,42,4.67,1380.4
42283,Jared Terrell,URI,2018,75,23.4,64.0,541,84,55,95,75,66,45,66,59,93,91,95,71,4.74,110.9
80516,Kelan Martin,BUT,2018,77,22.9,140.0,693,79,78,65,68,98,43,75,68,72,82,97,70,5.06,422.3
53707,Yuta Watanabe,GWU,2018,81,23.7,314.0,518,73,98,76,81,96,49,75,52,54,93,84,54,3.92,361.8
74086,Deandre Ayton,UA,2018,85,19.9,4.0,556,98,99,55,100,100,85,100,17,65,82,33,65,7.77,1811.7
81478,Kevin Hervey,TA,2018,81,22.0,400.0,619,58,81,92,96,98,61,94,63,32,77,85,77,4.72,52.1
41726,Sviatoslav Mykhailiuk,KU,2018,80,21.1,239.0,540,83,70,97,73,81,37,54,84,100,83,100,80,4.74,936.4
64323,Thomas Welsh,UCL,2018,84,22.4,38.0,367,82,90,47,95,100,53,66,53,90,98,88,58,4.56,36.3
80275,Kenrich Williams,TCU,2018,79,23.6,389.0,416,62,78,99,98,99,75,93,47,80,53,80,94,4.71,1102.3
88737,Wenyen Gabriel,Ken,2018,81,21.3,15.0,243,71,95,78,91,86,77,78,75,94,33,87,12,2.89,278.2
63962,Ajdin Penava,Mar,2018,81,21.3,400.0,429,98,100,76,87,98,76,95,37,69,65,70,70,5.36,0.0
81676,Marvin Bagley III,DUK,2018,83,19.3,1.0,592,97,91,78,100,100,88,100,22,76,81,50,57,6.99,1039.8
76236,Wendell Carter Jr,DUK,2018,82,19.2,7.0,474,88,100,83,100,100,90,100,22,97,45,58,69,6.08,1398.2
71803,Keita Bates-Diop,OSU,2018,80,22.4,29.0,570,84,98,79,81,100,56,87,53,65,93,90,64,6.24,612.2
121978,Zhaire Smith,TTU,2018,76,19.1,194.0,363,93,96,95,98,75,93,100,24,85,87,44,60,5.7,71.5
75563,Moritz Wagner,UM,2018,83,21.2,119.0,480,94,81,88,86,99,60,91,59,92,86,97,35,5.78,740.7
79987,Gary Clark,CIN,2018,78,23.6,90.0,347,97,96,97,99,97,85,97,27,92,92,57,71,7.9,559.7
74078,Omari Spellman,VIL,2018,80,20.9,20.0,362,91,99,70,97,100,72,86,71,99,85,97,28,5.29,845.3
52342,Mikal Bridges,VIL,2018,79,21.8,81.0,541,100,96,99,83,94,55,84,77,100,96,100,72,7.92,2415.3
73154,KeVaughn Allen,UF,2019,74,23.7,64.0,419,25,8,3,12,3,8,16,72,23,47,75,3,3.54,0.0
86758,D'Marcus Simonds,GSU,2019,75,21.7,196.0,586,22,3,1,43,1,44,66,46,13,43,58,1,2.57,0.0
74070,K.J. Lawson,KU,2019,79,23.1,44.0,118,28,17,17,44,30,49,31,66,22,24,32,16,1.01,0.0
43396,V.J. King,UL,2019,77,22.4,24.0,166,7,43,12,62,56,59,50,35,7,56,17,22,0.9,0.0
83906,Frank Howard,SYR,2019,77,22.2,79.0,319,12,32,93,16,26,5,7,82,45,24,77,86,1.73,0.0
92818,Lamar Peters,MIS,2019,72,21.0,97.0,396,8,17,99,39,20,6,12,79,50,9,85,97,3.04,0.0
88918,Tremont Waters,LSU,2019,70,21.5,44.0,404,34,36,99,21,40,4,8,52,49,31,59,99,4.33,135.5
84081,Jarrey Foster,SMU,2019,78,22.6,221.0,126,43,57,14,46,9,72,53,50,25,39,29,53,0.67,0.0
42083,Milik Yarbrough,ISU,2019,78,23.7,355.0,424,15,70,48,47,86,31,42,31,33,15,42,79,2.46,0.0
80097,James Palmer Jr.,NEB,2019,77,22.9,105.0,207,83,40,31,14,9,49,45,52,14,97,33,83,4.69,0.0
76410,Simisola Shittu,VAN,2019,82,19.6,11.0,297,12,71,40,68,81,70,73,14,24,7,15,57,1.3,0.0
95883,Kevin Porter Jr,USC,2019,76,19.2,28.0,182,23,61,36,46,35,50,44,59,56,28,43,59,1.26,1301.5
88754,Sagaba Konate,UWV,2019,79,22.3,156.0,118,56,89,12,41,29,65,44,34,51,56,23,50,1.03,0.0
107062,Jordan Bone,UT,2019,75,21.6,171.0,402,44,33,58,40,64,2,3,46,92,48,81,98,4.95,124.5
50071,Jack Salt,UV,2019,82,23.4,356.0,143,71,69,27,86,66,99,88,3,3,38,1,16,2.47,0.0
106472,KZ Okpala,STA,2019,80,20.2,42.0,406,38,61,55,62,72,42,56,28,57,47,47,67,3.08,239.0
81688,Jaylen Hands,UCL,2019,75,20.4,22.0,462,32,33,89,36,75,17,30,61,78,26,94,100,3.13,0.0
76743,Justin Robinson,VT,2019,73,21.7,375.0,319,71,26,93,32,40,39,43,54,89,22,74,99,4.09,146.7
59502,Amir Coffey,MIN,2019,79,22.0,49.0,624,61,59,82,57,77,21,45,38,15,75,60,87,3.98,706.9
89155,DaQuan Jeffries,TU,2019,77,22.2,400.0,379,88,3,1,66,1,63,82,57,73,73,89,1,4.0,214.2
83960,Christ Koumadje,FSU,2019,88,23.0,322.0,230,67,98,16,96,91,94,96,1,1,33,3,6,2.76,0.0
81692,Josh LeBlanc,GT,2019,79,19.6,122.0,253,99,7,3,91,3,97,99,13,98,71,19,3,3.63,0.0
89197,Jaylen Hoard,WF,2019,80,20.3,24.0,422,29,82,51,97,92,73,91,23,10,35,25,59,2.05,220.7
89958,Bol Bol,ORE,2019,86,19.6,4.0,122,88,89,10,46,29,77,56,24,80,86,23,41,1.89,109.1
86028,Isaiah Roby,NEB,2019,80,21.4,133.0,136,71,88,27,60,30,73,55,31,68,79,27,50,3.82,795.0
83973,Tookie Brown,GS,2019,71,23.6,212.0,411,80,29,81,43,68,25,39,38,73,77,58,96,5.37,0.0
84242,Barry Brown,KSU,2019,75,22.5,250.0,544,51,44,100,40,89,24,46,42,32,80,72,85,4.69,0.0
42370,Tyus Battle,SYR,2019,78,21.8,34.0,572,68,62,91,53,66,18,40,41,26,89,68,83,4.23,0.0
84040,Matisse Thybulle,WAS,2019,77,22.3,104.0,306,29,99,100,58,53,39,46,73,23,33,70,75,4.43,1423.5
83961,Tacko Fall,UCF,2019,90,23.6,142.0,322,79,100,18,98,95,90,99,7,7,38,6,15,3.96,75.6
76757,Jimmy Whitt,SMU,2019,75,22.5,68.0,363,35,69,90,91,81,55,68,17,24,87,21,95,3.66,0.0
76739,Kerwin Roach Jr.,TXA,2019,76,22.7,45.0,483,54,61,90,46,84,22,39,57,46,59,82,89,3.69,0.0
86000,De'Andre Hunter,UV,2019,79,21.6,91.0,532,92,3,1,78,1,64,92,33,98,92,92,1,7.46,1424.3
85940,Tyler Cook,IOW,2019,80,21.8,72.0,518,54,85,65,93,97,71,96,10,30,33,12,79,3.25,230.3
95703,Luguentz Dort,ASU,2019,76,20.2,30.0,430,48,57,89,67,57,60,77,51,28,50,64,75,3.22,1343.0
84828,Fletcher Magee,WC,2019,76,22.6,343.0,447,99,24,50,27,26,13,22,97,94,98,100,59,6.74,0.0
52056,Zylan Cheatham,ASU,2019,80,23.6,72.0,336,46,85,62,89,100,74,87,14,72,9,19,83,4.02,28.1
107976,Coby White,UNC,2019,77,19.4,25.0,593,62,68,92,34,85,13,30,71,66,42,97,95,4.25,1834.9
72686,Justin Simon,STJ,2019,77,23.2,33.0,424,29,89,98,78,91,62,78,20,47,34,34,89,2.44,0.0
121815,Ja Morant,MSt,2019,75,19.9,328.0,542,74,86,88,57,66,37,61,33,71,18,71,100,8.45,2005.3
107462,Kenny Wooten,ORE,2019,80,21.2,129.0,201,68,100,36,75,81,96,93,8,78,18,9,22,2.86,0.0
81641,Jon Elmore,Mar,2019,75,23.5,400.0,619,64,77,98,20,95,5,17,76,52,61,99,98,4.38,0.0
80112,Cody Martin,NEV,2019,78,23.8,73.0,265,69,78,86,48,66,34,35,43,93,53,59,97,5.53,1205.8
107968,Moses Brown,UCL,2019,85,19.7,27.0,267,47,98,52,98,91,98,99,6,6,68,6,6,2.56,432.5
92824,Lagerald Vick,KU,2019,77,22.5,81.0,313,68,48,76,35,60,36,42,83,98,31,93,64,2.45,0.0
81698,Naz Reid,LSU,2019,81,19.8,18.0,371,45,70,59,97,86,83,97,28,25,42,39,23,3.14,1019.1
81076,Marques Townes,LIL,2019,76,23.8,400.0,453,60,53,82,39,90,54,77,36,56,62,65,91,4.64,0.0
81697,Cam Reddish,DUK,2019,80,19.8,2.0,560,32,86,98,42,83,27,45,81,43,43,98,67,3.3,1104.4
93803,Carsen Edwards,PUB,2019,71,21.3,118.0,866,68,63,96,31,83,12,36,76,41,74,100,86,5.87,235.1
52566,Reid Travis,Ken,2019,80,23.6,36.0,273,93,88,29,95,86,83,90,18,32,45,21,32,4.37,0.0
52054,Vic Law,NWU,2019,79,23.5,89.0,480,38,91,82,68,96,32,50,59,24,65,76,85,3.53,61.9
76942,Lindell Wigginton,ISU,2019,73,21.3,35.0,347,84,64,59,51,66,46,54,65,59,56,79,72,2.51,199.1
84102,Bryce Brown,AU,2019,75,21.9,369.0,452,99,2,92,43,30,17,27,95,97,82,100,68,5.39,0.0
72038,Ethan Happ,WIS,2019,82,23.1,152.0,617,41,97,88,95,100,55,89,9,50,52,11,97,5.69,0.0
52543,Phil Booth,VIL,2019,74,23.5,75.0,658,79,58,82,35,89,11,31,74,60,71,98,95,5.48,0.0
84328,Justin Wright-Foreman,HOF,2019,74,21.7,400.0,634,96,47,61,28,70,21,46,57,89,79,98,79,7.59,45.2
85677,Ty Jerome,UV,2019,77,22.0,44.0,517,72,21,99,43,93,9,21,70,93,77,96,99,7.31,638.8
95702,Nickeil Alexander-Walker,VT,2019,77,20.8,40.0,553,58,83,99,35,87,33,57,48,75,34,91,94,5.58,1021.1
52341,Charles Matthews,UM,2019,78,22.6,60.0,433,38,80,88,88,85,57,77,34,31,71,51,58,3.88,0.0
88853,Jordan Poole,UM,2019,76,20.0,93.0,464,78,57,93,20,78,23,42,79,66,74,91,72,5.03,1515.1
107965,Jarrett Culver,TTU,2019,78,20.4,312.0,698,49,81,98,87,98,44,74,37,11,61,63,93,7.11,780.9
107258,Ky Bowman,BC,2019,73,22.0,324.0,644,42,84,95,61,100,23,45,59,44,58,92,94,4.04,1015.2
97090,Daniel Gafford,Ark,2019,83,20.7,39.0,405,98,99,71,98,93,91,100,2,2,46,4,24,4.71,948.2
104404,Nassir Little,UNC,2019,77,19.4,3.0,365,78,86,59,90,83,78,93,26,13,70,31,24,2.75,767.1
104388,Tyler Herro,Ken,2019,78,19.4,37.0,419,79,71,87,31,92,25,36,59,66,81,83,80,5.62,1764.7
91004,Bruno Fernando,UMD,2019,81,20.9,87.0,408,53,99,65,97,100,76,95,12,82,16,19,72,5.59,363.7
121522,Talen Horton-Tucker,ISU,2019,76,18.6,57.0,451,47,88,96,60,93,36,54,60,37,72,73,73,2.87,965.5
83908,Josh Reaves,PSU,2019,77,22.1,106.0,387,26,93,100,83,78,57,71,58,53,20,78,84,3.17,28.3
87282,Oshae Brissett,SYR,2019,79,21.0,137.0,519,28,93,84,97,98,65,87,37,11,64,55,67,3.2,739.4
104403,Romeo Langford,IND,2019,76,19.7,7.0,542,64,90,64,84,87,51,82,39,21,80,62,78,4.21,474.5
93804,Miye Oni,YAL,2019,77,22.1,400.0,505,69,95,69,41,96,40,56,53,71,56,83,91,3.81,224.2
80111,Caleb Martin,NEV,2019,79,23.8,61.0,440,81,80,86,53,78,26,41,86,30,91,79,79,6.03,835.8
104401,Louis King,ORE,2019,79,20.2,20.0,401,53,48,71,75,87,47,67,63,79,50,91,55,3.56,83.7
74080,Marques Bolden,DUK,2019,82,21.2,14.0,180,98,99,56,92,70,98,91,14,41,61,13,12,3.06,15.8
85130,Devontae Cacok,NCW,2019,79,22.7,400.0,355,61,77,71,99,98,87,97,7,86,45,9,27,3.58,75.8
84796,Matt Morgan,COR,2019,74,21.6,400.0,531,96,58,89,15,86,49,75,72,87,26,97,87,5.25,0.0
81496,John Konchar,PFW,2019,77,23.3,400.0,380,69,90,99,74,91,72,91,41,33,47,48,100,6.9,682.5
108483,Nicolas Claxton,UGA,2019,83,20.2,231.0,357,69,99,69,88,95,77,93,24,46,62,37,63,3.58,585.1
104395,Keldon Johnson,Ken,2019,78,19.7,13.0,422,76,47,69,76,92,53,69,42,73,83,81,61,5.02,1553.4
84439,Robert Franks,WSU,2019,79,22.5,371.0,448,89,81,40,58,85,50,64,66,88,52,90,83,3.71,100.7
83967,Quinndary Weatherspoon,MIS,2019,75,22.8,102.0,498,87,65,94,73,74,50,76,41,93,32,80,82,5.5,90.8
84884,Dean Wade,KSU,2019,81,22.6,172.0,319,72,72,63,86,79,61,69,30,96,82,64,83,4.22,754.5
80338,Eric Paschall,VIL,2019,78,22.7,210.0,589,69,80,68,74,97,46,79,60,47,66,93,77,4.89,1028.4
88764,Shamorie Ponds,STJ,2019,73,21.0,45.0,622,90,65,100,67,80,36,65,51,60,87,79,98,6.15,10.6
73160,Donta Hall,ALA,2019,81,21.9,151.0,234,97,97,27,94,95,96,96,8,83,80,9,17,4.53,156.2
73135,Terance Mann,FSU,2019,77,22.7,100.0,403,78,71,75,99,94,73,92,32,75,48,56,81,5.24,1314.0
83928,Luke Maye,UNC,2019,80,22.3,155.0,585,63,87,69,99,100,68,96,37,23,80,72,76,4.74,0.0
89395,Grant Williams,UT,2019,78,20.6,191.0,497,96,97,85,95,95,64,92,18,55,62,36,89,8.03,1352.0
89301,Jarrell Brantley,CCH,2019,79,23.1,400.0,585,78,90,93,90,99,58,90,32,43,64,61,75,5.98,117.2
26697,Marial Shayok,ISU,2019,77,23.9,166.0,580,85,61,78,84,86,53,79,53,85,51,91,71,4.91,27.9
76387,Kyle Guy,UV,2019,73,21.9,37.0,532,95,27,76,62,94,27,48,91,96,91,100,70,6.92,143.5
103893,RJ Barrett,DUK,2019,79,19.0,1.0,887,67,77,85,94,100,49,91,43,35,72,95,94,6.7,2210.9
83911,Markis Mcduffie,WSU,2019,80,21.8,129.0,611,75,41,86,92,81,57,88,69,33,91,96,36,5.22,0.0
80660,Torin Dorn,NCS,2019,77,23.6,386.0,531,67,62,90,98,98,75,98,26,49,92,58,46,4.17,0.0
79866,Aubrey Dawkins,UCF,2019,78,24.1,396.0,438,77,59,88,66,86,45,65,68,87,77,96,49,4.9,0.0
83915,Chris Silva,SC,2019,80,22.8,141.0,377,93,96,60,96,87,70,86,22,95,61,50,17,4.51,176.6
85124,Chris Clemons,CFC,2019,69,21.9,400.0,762,97,63,89,54,85,41,78,78,46,92,99,84,7.75,290.5
83931,Kerry Blackshear Jr,VT,2019,82,22.4,121.0,513,81,93,67,100,95,77,95,24,68,76,50,81,6.41,0.0
80614,Lewis Sullivan,UAB,2019,79,24.1,271.0,329,85,73,69,92,90,77,92,29,79,95,47,24,4.74,0.0
84318,Admiral Schofield,UT,2019,77,22.3,251.0,486,67,76,62,82,94,54,78,55,82,87,94,59,4.75,418.6
82568,Max Strus,DEP,2019,77,23.3,400.0,649,86,81,86,74,96,34,61,84,47,87,99,70,5.01,699.9
89344,Charlie Brown Jr,SJH,2019,78,22.4,400.0,604,68,89,84,91,90,60,92,51,40,93,79,59,4.05,123.3
84325,Aric Holman,MIS,2019,81,22.0,105.0,255,66,96,72,90,73,84,88,54,89,55,73,44,3.48,0.0
85617,Zach Norvell,ZAG,2019,77,21.6,103.0,517,96,37,97,69,90,40,64,87,81,88,98,85,6.37,40.8
86747,Garrison Mathews,LU,2019,77,22.7,400.0,669,98,63,79,60,97,42,72,80,85,77,100,68,6.18,992.4
84518,Brandon Clarke,ZAG,2019,80,22.8,400.0,500,100,100,95,100,99,88,100,13,56,82,20,66,8.86,1320.3
83934,Juwan Morgan,IND,2019,79,22.2,117.0,496,95,98,93,99,99,80,100,30,36,66,57,67,5.75,104.2
72649,Rui Hachimura,ZAG,2019,80,21.4,148.0,644,98,92,88,87,99,68,98,16,84,89,39,59,7.57,1394.9
81703,PJ Washington,Ken,2019,79,20.9,15.0,447,82,96,67,96,96,69,93,27,96,72,73,68,5.77,1826.9
92196,Ignas Brazdeikis,UM,2019,78,20.5,40.0,509,95,84,73,79,95,56,81,49,75,95,89,30,5.65,279.2
76229,Bennie Boatwright,USC,2019,82,23.0,63.0,411,92,74,49,73,90,55,75,74,98,94,98,77,4.9,0.0
81518,Mike Daum,SDS,2019,81,23.7,400.0,498,97,90,48,92,99,64,91,44,76,93,88,65,7.8,0.0
107079,Mfiondu Kabengele,FSU,2019,81,21.9,270.0,449,96,99,61,99,93,86,99,26,84,87,59,9,4.95,172.2
104845,Zion Williamson,DUK,2019,78,19.0,5.0,577,100,99,100,100,97,85,100,23,58,78,50,70,8.52,1347.0
73141,Dedric Lawson,KU,2019,79,21.7,36.0,678,91,96,95,100,100,70,100,25,75,78,73,64,6.86,0.0
90409,CJ Massinburg,BUF,2019,77,22.2,400.0,478,99,59,89,92,91,47,71,73,94,95,98,86,7.23,0.0
88842,Chuma Okeke,AU,2019,80,20.9,47.0,346,89,94,99,95,89,69,84,58,83,75,84,65,5.66,1440.7
80114,Cameron Johnson,UNC,2019,81,23.3,224.0,516,100,65,93,92,94,49,74,74,100,87,100,74,6.29,1474.2
59513,Jessie Govan,GT,2019,82,21.9,46.0,515,97,96,78,94,98,68,95,37,88,96,89,48,4.5,0.0
87241,Dylan Windler,BEL,2019,78,22.8,377.0,425,100,66,85,83,100,75,95,79,97,85,99,86,7.32,486.0
108176,Ashton Hagans,Ken,2020,75,21.0,12.0,431,21,48,99,13,78,11,19,27,17,7,34,100,3.46,4.1
132425,Jaden McDaniels,WAS,2020,81,19.8,8.0,481,22,5,2,59,2,45,59,47,47,19,72,2,2.48,1656.7
54837,Derryck Thornton,BC,2020,75,23.1,14.0,454,12,29,74,14,39,12,23,43,47,21,67,92,0.96,0.0
89383,Javin DeLaurier,DUK,2020,82,22.2,39.0,104,85,6,3,59,3,95,68,17,42,14,13,3,1.76,2.8
76742,De'Riante Jenkins,VCU,2020,77,23.6,43.0,320,70,3,1,38,1,18,21,69,45,83,67,1,3.27,0.0
85923,Brandon Childress,WF,2020,72,22.8,192.0,531,42,1,86,22,52,3,8,54,37,42,78,98,2.94,0.0
76941,Elijah Mitrou-Long,UNL,2020,73,23.5,400.0,251,55,37,79,7,31,11,8,62,57,49,55,91,2.27,0.0
117373,Nico Mannion,UA,2020,75,19.3,9.0,485,42,9,89,15,47,7,16,61,42,44,82,98,4.07,363.9
76938,Chris Clarke,TTU,2020,78,24.5,62.0,229,6,20,63,77,92,82,80,16,15,3,15,96,2.8,0.0
74067,Zavier Simpson,UM,2020,72,23.4,67.0,466,20,42,79,44,81,10,18,34,73,16,63,100,3.91,174.1
85927,Jarron Cumberland,CIN,2020,77,22.8,56.0,502,27,84,72,34,61,13,26,53,30,20,65,97,3.17,12.3
54844,Chase Jeter,UA,2020,82,22.8,15.0,141,95,62,9,52,42,92,68,2,2,80,5,22,1.71,0.0
105342,Cole Anthony,UNC,2020,75,20.1,4.0,483,32,49,76,16,81,9,18,54,54,53,72,94,2.35,1666.2
120272,Jahmi'Us Ramsey,TTU,2020,75,19.1,32.0,418,69,5,2,32,2,39,50,61,96,74,88,2,3.45,114.2
74073,Cassius Winston,MSU,2020,73,22.3,31.0,578,76,12,85,12,45,4,10,56,95,43,97,99,5.15,68.6
85602,Trent Forrest,FSU,2020,76,22.1,70.0,398,22,83,99,63,72,33,45,26,42,13,38,96,3.72,533.8
84044,Isaiah Moss,KU,2020,77,23.7,248.0,232,72,14,26,14,29,12,14,93,81,92,90,14,2.44,0.0
59505,Mustapha Heron,STJ,2020,77,22.6,22.0,282,76,51,21,17,14,31,30,71,71,88,73,61,1.76,0.0
54312,Davide Moretti,TTU,2020,74,22.3,98.0,407,76,3,85,1,25,19,27,79,91,49,96,76,3.8,0.0
117415,Cam Mack,NEB,2020,74,22.1,315.0,430,19,68,86,52,74,20,30,57,44,35,67,100,1.98,0.0
108178,Tyrese Maxey,Ken,2020,74,19.7,10.0,474,50,73,75,29,85,12,23,43,36,66,62,88,3.75,1792.8
89389,Lindy Waters III,OSC,2020,78,22.9,162.0,384,37,24,87,39,80,35,48,61,22,71,60,80,2.73,465.2
76238,EJ Montgomery,Ken,2020,82,20.8,9.0,180,65,93,26,74,73,75,68,14,33,49,13,19,2.09,0.0
71537,TJ Haws,BYU,2020,76,24.9,54.0,474,55,57,94,11,42,26,44,64,74,40,89,99,4.5,0.0
85658,Anthony Cowan,UMD,2020,72,22.7,62.0,529,75,42,75,33,69,27,46,63,23,73,74,98,5.31,0.0
104371,Devon Dotson,KU,2020,73,20.9,21.0,515,86,29,99,39,71,26,43,40,35,75,62,96,6.34,67.7
88725,Breein Tyree,UM,2020,74,22.5,179.0,630,71,28,91,20,71,15,31,52,64,80,84,82,4.16,0.0
92235,Tre Jones,DUK,2020,75,20.5,15.0,504,45,68,97,44,71,19,31,36,81,55,70,100,4.99,708.4
117420,Isaac Okoro,AU,2020,77,19.4,36.0,363,82,86,69,83,46,52,64,32,28,52,39,76,3.6,2076.9
90011,Isaiah White,POP,2020,77,22.6,400.0,361,51,87,76,25,34,38,45,57,76,69,75,68,1.73,0.0
108020,Romaro Gill,SHU,2020,86,25.7,400.0,210,99,100,15,84,81,97,92,6,6,52,1,5,3.06,0.0
81690,Markus Howard,Mar,2020,71,21.3,68.0,767,95,17,72,39,61,3,6,74,91,76,100,92,5.96,190.7
103651,Braxton Key,UV,2020,80,23.4,59.0,316,34,80,75,69,93,69,84,35,10,52,33,69,3.43,197.2
95908,Saben Lee,VAN,2020,74,21.0,105.0,617,80,64,97,34,70,37,65,35,42,49,64,98,4.17,692.1
118831,Naji Marshall,XU,2020,79,22.4,58.0,601,28,75,89,72,95,38,67,46,22,35,73,94,3.99,717.5
71574,Udoka Azubuike,KU,2020,84,20.8,33.0,365,92,100,38,97,99,81,96,7,7,29,4,31,5.56,126.0
117533,Tyrell Terry,STA,2020,74,19.8,109.0,464,75,27,93,20,84,26,41,61,92,40,94,89,4.59,29.7
87939,Matt Haarms,PUB,2020,87,23.2,352.0,257,76,99,10,85,55,79,82,25,52,69,30,34,2.81,0.0
91704,Myles Powell,SHU,2020,74,23.0,81.0,638,63,46,84,60,68,24,46,78,22,80,93,87,3.71,52.1
88857,Nick Richards,Ken,2020,84,22.6,18.0,371,99,100,6,94,95,88,99,6,6,72,5,6,5.23,214.9
132443,Patrick Williams,FSU,2020,79,18.8,26.0,294,46,93,75,74,52,81,89,30,56,39,40,43,2.65,1202.8
85385,Grant Riller,CCH,2020,73,23.4,400.0,654,89,66,96,45,91,22,41,36,56,57,77,96,6.02,27.2
76757,Jimmy Whitt,Ark,2020,75,23.5,68.0,471,57,76,94,78,84,67,90,7,20,95,8,80,4.07,0.0
59506,Payton Pritchard,ORE,2020,74,22.4,54.0,615,88,18,95,42,81,9,23,65,94,66,97,99,6.86,1134.3
53794,Omer Yurtseven,GT,2020,84,22.0,55.0,412,60,96,28,99,94,71,90,14,42,65,19,48,3.34,706.2
85596,Lamar Stevens,PSU,2020,80,23.0,98.0,621,51,96,83,70,97,38,65,29,23,78,51,79,3.76,756.8
132149,Aaron Nesmith,VAN,2020,78,20.7,64.0,260,100,70,44,20,32,22,21,82,100,96,95,37,2.97,621.3
107463,Andre Wesson,OSU,2020,78,22.8,274.0,269,73,70,16,66,52,63,65,72,91,42,78,69,3.14,0.0
131612,Mason Jones,Ark,2020,76,21.9,343.0,656,91,46,97,49,91,27,44,55,48,53,90,91,6.27,192.6
117441,Kira Lewis Jr.,ALA,2020,73,19.2,39.0,616,49,84,99,56,84,30,57,46,70,35,86,99,4.33,622.8
132164,Isaiah Joe,Ark,2020,75,21.0,170.0,446,74,54,84,35,65,17,28,97,51,94,98,63,3.5,496.1
89432,Malachi Flynn,SDS,2020,73,22.1,293.0,543,92,32,99,38,85,12,22,71,77,91,93,99,7.58,732.3
85943,Skylar Mays,LSU,2020,76,22.8,135.0,489,88,52,99,38,90,25,41,47,90,62,80,91,5.2,244.6
104825,Immanuel Quickley,Ken,2020,75,21.0,22.0,443,98,38,67,42,77,21,30,63,95,89,94,67,4.93,1522.8
109478,Sam Merrill,USU,2020,76,24.1,400.0,556,98,41,68,5,86,22,42,72,92,94,100,94,7.15,145.2
117418,Isaiah Stewart,WAS,2020,81,19.1,3.0,494,99,100,37,97,98,77,95,15,31,61,21,36,5.88,1635.2
87247,Anthony Lamb,VER,2020,78,22.4,400.0,544,52,96,82,76,96,48,69,53,19,69,74,84,5.41,211.4
87246,Kristian Doolittle,UOK,2020,79,22.7,121.0,489,46,74,87,84,99,46,68,30,59,73,76,73,3.88,0.0
75786,Filip Petrusev,ZAG,2020,83,20.2,76.0,558,96,91,49,97,98,77,97,12,29,85,15,57,5.63,0.0
95920,Lamine Diane,CSU,2020,79,22.6,166.0,533,86,97,86,74,95,62,90,24,13,87,35,87,3.38,0.0
132168,Tyrese Haliburton,ISU,2020,77,20.3,172.0,326,76,77,99,63,71,41,46,72,97,27,87,99,4.01,2219.9
117444,Anthony Edwards,UGA,2020,77,18.9,2.0,647,64,83,93,52,91,46,73,69,17,76,94,85,3.73,2390.1
85675,Jordan Ford,SMG,2020,73,22.1,154.0,669,98,15,95,42,60,34,66,59,93,98,100,81,7.16,0.0
76392,Mamadi Diakite,UV,2020,81,23.4,32.0,422,61,95,60,78,93,71,92,25,77,57,51,23,4.53,164.4
105068,Freddie Gillespie,BAY,2020,81,23.0,400.0,270,97,99,81,100,92,97,98,3,3,90,1,17,5.11,255.3
81704,Austin Wiley,AU,2020,83,21.5,35.0,325,94,98,36,99,97,97,98,8,77,50,9,20,4.1,0.0
103946,Onyeka Okongwu,USC,2020,81,19.6,25.0,371,99,100,80,96,92,86,98,11,37,55,11,43,5.43,796.6
81701,Cassius Stanley,DUK,2020,78,20.9,37.0,357,86,84,45,84,59,65,79,43,84,70,71,37,3.4,124.2
107983,Vernon Carey Jr.,DUK,2020,81,19.3,6.0,495,100,98,55,97,97,77,97,15,42,77,21,36,5.67,79.4
132518,Zeke Nnaji,UA,2020,83,19.5,40.0,482,91,92,63,99,96,87,100,14,58,58,22,33,5.75,547.4
81695,Reggie Perry,MIS,2020,80,20.3,31.0,554,79,96,68,98,99,78,99,26,49,42,49,76,5.39,199.0
107977,Precious Achiuwa,MEM,2020,80,20.8,15.0,548,68,99,81,99,100,88,100,19,49,47,33,39,4.55,1230.9
95914,Elijah Hughes,SYR,2020,78,22.3,200.0,594,84,90,87,25,90,44,64,71,60,79,90,92,4.95,249.1
85755,Yoeli Childs,BYU,2020,80,22.5,115.0,393,93,83,32,74,88,67,88,23,98,85,53,80,3.62,0.0
121152,Daniel Oturu,MIN,2020,82,20.8,50.0,600,83,100,42,99,100,77,100,20,71,55,46,42,6.06,94.1
77639,Killian Tillie,ZAG,2020,82,22.3,123.0,278,99,86,62,56,66,57,61,61,83,98,72,67,3.91,321.1
121485,Paul Reed,DEP,2020,81,21.0,271.0,441,73,100,98,98,99,76,96,23,48,60,40,62,4.63,239.8
107310,Nathan Knight,W&M,2020,80,22.8,400.0,645,94,98,65,99,100,67,97,28,36,74,54,65,6.47,273.1
85695,Tyler Bey,CU,2020,79,22.4,130.0,441,81,96,96,88,99,75,93,18,89,42,38,58,5.22,71.0
88782,Ty-Shon Alexander,CrU,2020,76,22.0,113.0,487,97,61,92,16,93,39,57,78,90,96,97,79,4.95,47.5
132313,CJ Elleby,WSU,2020,78,20.0,385.0,639,56,90,98,71,99,41,69,64,52,86,92,67,4.67,683.4
88905,Xavier Tillman,MSU,2020,80,21.5,112.0,430,90,99,89,96,100,88,99,23,40,61,35,89,5.95,892.6
81706,Robert Woodard,MIS,2020,79,20.8,63.0,369,58,94,84,96,89,82,95,33,90,47,65,46,3.38,43.8
88920,Kaleb Wesson,OSU,2020,81,20.9,75.0,462,79,94,62,94,99,62,80,41,99,39,91,73,4.86,0.0
128708,Trevelin Queen,NMS,2020,78,23.3,400.0,334,81,57,94,86,60,68,82,77,88,62,87,82,4.38,74.4
73144,Tres Tinkle,OSU,2020,79,24.1,78.0,587,81,81,98,76,97,60,92,47,48,83,82,89,5.11,0.0
107663,Desmond Bane,TCU,2020,78,22.0,343.0,511,71,80,96,79,91,46,68,71,95,67,97,95,5.4,1892.5
76982,Jordan Nwora,UL,2020,80,21.8,88.0,554,88,59,65,87,98,52,77,64,94,83,96,51,5.31,729.4
120280,Saddiq Bey,VIL,2020,80,21.2,137.0,448,97,72,65,75,77,48,70,73,100,90,99,84,5.06,2306.7
132173,Devin Vassell,FSU,2020,79,19.9,200.0,339,94,92,89,64,80,51,60,55,98,100,85,65,4.86,1496.4
107301,Isiaha Mike,SMU,2020,80,22.9,400.0,412,78,84,91,87,88,59,77,77,82,53,96,68,4.21,0.0
121580,Obi Toppin,Day,2020,81,22.3,343.0,520,100,96,79,77,99,71,99,30,90,72,72,74,6.94,956.3
92804,Jalen Smith,UMD,2020,82,20.3,263.0,441,95,100,56,97,100,84,99,36,70,82,72,32,6.17,540.0
86984,Justinian Jessup,BSU,2020,78,22.1,343.0,465,92,78,94,66,78,44,65,89,93,95,99,72,5.33,0.0
117356,Sharife Cooper,AU,2021,73,20.1,24.0,278,28,41,33,22,27,17,24,32,11,32,34,100,1.59,38.6
85930,CJ Walker,OSU,2021,73,24.3,28.0,301,28,27,75,26,70,4,7,28,15,24,31,97,2.32,0.0
128406,Devin Askew,Ken,2021,75,18.9,32.0,227,5,62,77,23,46,12,11,42,33,7,42,84,1.04,0.0
118870,McKinley Wright,CU,2021,72,22.7,229.0,488,70,10,4,60,3,12,26,33,20,63,73,4,5.96,18.9
135668,Day'Ron Sharpe,UNC,2021,81,19.6,15.0,325,54,4,1,100,1,96,99,8,26,35,9,1,2.37,390.7
132187,Mac McClung,TTU,2021,74,22.5,245.0,473,70,9,3,30,3,20,34,57,48,81,88,3,3.77,24.4
137400,Ziaire Williams,STA,2021,81,19.8,6.0,286,9,75,55,22,67,40,46,51,16,16,57,65,0.78,1346.4
120125,Nah'Shon Hyland,VCU,2021,75,20.8,81.0,464,77,11,4,4,4,22,42,77,66,54,97,4,3.83,1309.9
85624,JaQuori McLaughlin,CSB,2021,76,23.4,95.0,389,78,7,3,43,2,35,52,46,80,74,83,3,5.32,10.9
107989,Romeo Weems,DEP,2021,79,20.1,62.0,179,4,77,72,62,54,59,52,39,53,7,39,25,0.47,0.0
132462,Miles McBride,UWV,2021,74,20.8,301.0,458,65,10,4,67,4,34,55,41,82,88,83,4,4.72,372.2
132418,D.J. Carton,Mar,2021,74,20.9,34.0,408,33,78,91,47,85,16,26,54,13,15,76,91,2.18,0.0
120138,Josh Christopher,ASU,2021,77,19.6,12.0,213,62,67,71,27,51,26,27,44,40,78,42,58,1.21,1333.7
117372,Keon Johnson,UT,2021,76,19.3,19.0,364,22,68,80,65,45,60,78,23,37,23,39,69,2.18,696.2
128317,James Bouknight,CON,2021,76,20.8,66.0,308,48,45,60,68,58,58,73,42,11,60,48,64,2.4,304.5
117325,Jaden Springer,UT,2021,76,18.8,16.0,322,51,78,84,65,39,28,41,25,87,29,48,80,3.03,5.6
119506,Scottie Barnes,FSU,2021,81,19.9,7.0,274,37,72,93,84,54,59,70,24,42,12,34,96,2.5,2617.3
117333,Jalen Johnson,DUK,2021,81,19.5,13.0,157,53,82,53,55,53,75,71,21,86,19,25,75,1.11,120.4
132170,Dalano Banton,NEB,2021,81,21.6,92.0,325,16,94,80,69,95,60,76,43,11,15,46,95,1.74,695.7
107987,Scottie Lewis,UF,2021,76,21.3,7.0,189,43,92,91,49,38,63,58,40,64,23,44,57,1.4,6.6
106995,Austin Reaves,UOK,2021,77,23.1,400.0,463,74,61,73,50,91,22,43,38,25,46,88,97,3.94,1417.5
81700,Ja'vonte Smart,LSU,2021,76,22.1,35.0,437,69,37,92,18,80,5,10,71,89,40,100,94,3.4,199.8
112923,Blake Francis,RIS,2021,72,23.5,400.0,348,66,1,87,17,24,38,59,80,59,89,91,70,1.91,0.0
87939,Matt Haarms,BYU,2021,87,24.2,352.0,263,86,99,9,76,84,78,85,21,17,55,20,38,2.7,0.0
132176,Feron Hunt,SMU,2021,80,22.0,194.0,172,79,82,53,71,83,81,77,25,17,42,21,17,1.96,8.4
88884,Devontae Shuler,UM,2021,74,23.4,110.0,460,36,37,98,58,57,32,56,63,50,66,91,87,3.37,0.0
122248,Isaiah Miller,NCG,2021,72,22.6,400.0,656,29,71,100,90,98,48,86,16,10,68,29,96,4.09,0.0
120119,Aaron Henry,MSU,2021,77,21.8,140.0,495,24,98,96,82,92,37,63,27,26,46,56,91,2.79,17.0
72293,Olivier Sarr,Ken,2021,84,22.4,222.0,288,47,95,28,89,71,71,80,18,83,29,36,48,2.12,420.9
89964,Davion Mitchell,BAY,2021,74,22.8,59.0,404,74,73,100,29,59,10,16,65,99,38,98,100,5.31,2075.8
105383,Jericho Sims,TXA,2021,82,22.7,53.0,224,94,94,61,93,95,94,96,3,3,27,2,20,2.91,555.0
121574,Manny Bates,NCS,2021,83,21.3,104.0,208,90,100,37,93,82,99,99,4,4,54,3,19,2.89,0.0
139852,Jason Preston,OHI,2021,75,21.9,400.0,326,56,53,87,55,94,40,48,44,89,25,75,100,3.46,0.0
106505,Marcus Garrett,KU,2021,77,22.6,55.0,345,39,74,99,52,91,42,60,32,70,42,68,93,3.55,128.3
117467,Tre Mann,UF,2021,77,20.4,21.0,389,66,49,91,40,93,24,42,52,84,35,97,89,3.39,1367.0
104912,Balsa Koprivica,FSU,2021,85,21.2,77.0,200,96,96,13,94,77,95,94,7,51,44,7,21,2.38,0.0
88792,Derek Culver,UWV,2021,82,23.1,84.0,456,68,93,77,100,100,74,97,2,2,56,6,34,3.18,0.0
121486,Jamorko Pickett,GT,2021,80,23.5,76.0,353,34,79,78,67,98,36,48,55,64,36,80,69,2.18,176.5
104911,D.J. Jeffries,MEM,2021,79,21.5,52.0,328,21,93,82,82,88,69,84,35,42,29,50,70,2.53,0.0
117344,Jalen Suggs,ZAG,2021,76,20.1,11.0,445,70,71,100,54,98,36,58,41,51,18,83,95,4.54,1306.7
108211,Marcus Zegarowski,CrU,2021,74,22.9,110.0,439,87,39,96,21,85,7,15,82,96,64,100,97,4.37,0.0
104934,Jose Alvarado,GT,2021,72,23.2,170.0,369,87,20,100,48,66,41,66,59,72,56,84,94,4.33,833.9
124839,Cade Cunningham,OSC,2021,78,19.8,1.0,572,56,90,98,54,98,18,42,49,73,24,99,89,4.01,2088.2
77640,Yves Pons,UT,2021,78,22.2,127.0,229,47,99,39,80,75,70,79,46,34,83,54,11,2.77,71.0
126853,Brandon Boston,Ken,2021,78,19.6,5.0,332,40,56,93,84,69,55,70,52,28,93,69,58,1.71,760.2
117399,Aamir Simms,CLE,2021,80,22.4,115.0,297,42,85,69,94,83,65,82,30,81,20,62,81,3.64,0.0
132633,Cameron Thomas,LSU,2021,75,19.7,25.0,615,92,56,77,53,73,22,48,62,37,98,96,51,4.58,1176.1
120369,Neemias Queta,USU,2021,84,22.0,400.0,429,68,100,90,100,100,76,97,7,20,47,9,80,5.76,119.6
104922,Raiquan Gray,FSU,2021,80,22.0,159.0,302,72,86,89,83,93,80,94,19,34,37,27,76,3.05,0.0
106754,Denzel Mahoney,CrU,2021,77,23.4,400.0,418,49,36,96,55,87,24,43,85,48,94,98,63,2.47,0.0
88751,Dejon Jarreau,UH,2021,77,23.4,53.0,384,22,87,94,86,93,48,68,40,76,26,76,95,4.37,0.9
132627,Isaiah Jackson,Ken,2021,82,19.5,30.0,219,79,100,60,92,90,92,95,9,54,37,10,21,2.43,541.1
105363,Herb Jones,ALA,2021,78,22.7,148.0,433,34,98,100,99,96,72,95,23,50,15,46,91,3.9,2335.2
87272,Mitchell Ballock,CrU,2021,77,23.0,94.0,294,87,60,84,7,84,13,22,99,92,82,99,83,3.13,0.0
143359,JT Thor,AU,2021,81,18.8,54.0,271,70,98,71,85,80,75,84,51,12,55,51,31,2.0,261.9
127262,Jared Butler,BAY,2021,75,20.8,97.0,503,73,76,100,41,78,22,45,68,97,34,99,97,5.45,359.7
104914,Trendon Watford,LSU,2021,81,20.6,18.0,485,61,87,85,89,99,59,88,21,51,54,45,85,3.29,869.3
107970,Ayo Dosunmu,ILL,2021,77,21.5,32.0,581,62,50,87,81,98,50,84,24,91,47,75,99,5.11,2109.6
107216,Oscar Da Silva,STA,2021,81,22.8,147.0,406,95,94,68,84,93,71,95,20,45,53,37,75,4.49,0.0
134341,Joshua Primo,ALA,2021,78,18.5,62.0,247,73,72,49,68,65,56,63,84,88,49,90,31,2.12,965.1
105348,Chaundee Brown,UM,2021,77,22.6,36.0,198,89,61,6,70,56,58,59,83,98,87,92,12,2.23,103.7
120102,Kai Jones,TXA,2021,82,20.4,51.0,214,95,94,74,92,69,88,90,27,69,41,34,19,2.71,62.7
103506,Sandro Mamukelashvili,SHU,2021,83,22.1,199.0,528,46,86,86,93,98,57,89,41,59,44,87,87,3.12,407.0
119596,Santi Aldama,LMD,2021,83,20.5,400.0,351,77,96,46,74,96,68,90,43,69,55,77,72,3.11,359.8
88593,Charles Bassey,UWK,2021,82,20.7,6.0,446,97,100,30,100,100,86,100,23,41,70,49,14,5.39,167.9
134304,Dylan Disu,VAN,2021,81,20.6,132.0,245,82,89,63,85,92,68,77,47,71,60,67,50,2.37,0.0
117327,Evan Mobley,USC,2021,84,20.0,3.0,499,90,100,78,100,100,73,98,17,58,59,36,78,6.93,2331.0
103951,Jeremiah Robinson-Earl,VIL,2021,81,20.7,16.0,367,71,88,78,97,98,73,95,36,25,90,63,75,4.06,1087.2
127883,Kyler Edwards,TTU,2021,76,22.2,159.0,299,88,86,91,39,95,29,39,85,95,76,96,79,3.97,0.0
90834,Sam Hauser,UV,2021,80,23.6,83.0,324,97,69,42,56,97,38,48,82,98,97,99,66,4.55,157.6
108861,Franz Wagner,UM,2021,81,19.8,114.0,325,89,95,94,61,99,52,68,58,50,86,74,83,4.69,2429.0
120275,Aaron Wiggins,UMD,2021,78,22.5,42.0,472,63,87,94,82,98,50,78,65,66,69,95,79,3.75,1208.6
105378,Chris Duarte,ORE,2021,78,24.0,237.0,391,92,91,100,53,86,46,64,70,95,52,98,82,4.6,1540.9
107423,Isaiah Livers,UM,2021,79,22.9,133.0,264,93,87,40,67,91,50,58,80,98,91,96,71,3.64,383.2
139788,Trey Murphy III,UV,2021,80,21.0,400.0,215,100,77,69,34,60,64,73,93,100,95,98,43,3.47,863.6
106525,Jay Huff,UV,2021,85,22.8,57.0,261,90,100,41,85,95,80,93,50,85,71,77,36,4.32,20.3
135180,Justin Champagnie,PIT,2021,78,20.0,248.0,334,94,92,74,97,98,87,99,35,38,97,60,54,3.46,280.8
107986,Matthew Hurt,DUK,2021,81,21.2,12.0,341,99,83,46,80,88,52,71,66,97,98,96,54,4.25,0.0
88952,Kessler Edwards,PEW,2021,79,20.9,286.0,405,88,95,80,77,95,60,85,51,73,85,90,41,3.92,987.2
107566,Quentin Grimes,UH,2021,77,21.1,10.0,523,84,74,97,92,90,30,54,87,84,90,100,66,6.09,786.1
109278,Eugene Omoruyi,ORE,2021,78,24.4,400.0,479,87,85,97,98,80,71,97,40,76,72,89,72,4.12,17.8
88850,John Petty,ALA,2021,77,22.6,33.0,407,75,86,97,73,96,56,80,90,76,65,99,68,3.76,0.0
99452,Joel Ayayi,ZAG,2021,77,21.3,100.0,339,98,53,93,92,100,86,98,51,81,64,80,80,5.3,20.2
121418,Moses Wright,GT,2021,80,22.5,400.0,406,91,99,96,99,93,87,100,15,92,91,35,78,4.49,14.7
88765,Micah Potter,WIS,2021,82,23.2,243.0,368,92,93,61,96,95,75,94,51,79,77,90,49,4.05,30.9
84940,Macio Teague,BAY,2021,76,24.1,279.0,428,94,77,80,90,74,55,86,68,87,99,96,63,5.07,0.0
89520,Joe Wieskamp,IOW,2021,78,21.9,60.0,414,97,74,87,81,100,46,67,71,100,90,99,64,4.12,205.1
132632,Moses Moody,Ark,2021,78,19.1,46.0,521,91,92,90,98,94,66,94,59,55,92,96,54,5.24,607.1
88108,LJ Figueroa,ORE,2021,78,23.3,116.0,298,87,72,97,89,90,75,87,76,78,97,92,53,3.49,0.0
105352,Luka Garza,IOW,2021,83,22.5,118.0,637,100,100,68,100,100,74,100,27,95,99,94,66,6.88,389.0
105831,Corey Kispert,ZAG,2021,79,22.3,106.0,472,100,80,87,84,95,61,92,83,99,97,100,60,6.38,1801.1
134496,Allen Flanigan,AU,2022,78,21.2,298.0,192,10,19,32,38,42,57,46,32,12,7,22,48,0.59,0.0
132445,Kevin McCullar,TTU,2022,78,21.3,194.0,350,25,7,3,51,3,60,70,44,33,34,53,3,3.4,0.0
135606,TyTy Washington Jr.,Ken,2022,75,20.6,15.0,363,43,11,5,35,5,17,26,43,62,76,61,5,4.03,0.0
107561,James Akinjo,BAY,2022,73,21.6,90.0,515,17,14,99,25,56,4,10,44,28,30,65,100,4.19,0.0
104826,Jahvon Quinerly,ALA,2022,73,23.6,29.0,544,20,43,53,25,62,3,9,59,19,30,74,96,2.15,0.0
117526,Patrick Baldwin Jr.,WMK,2022,81,19.6,8.0,166,27,55,12,23,24,49,38,69,11,70,31,60,0.32,0.0
108569,Grant Sherfield,NEV,2022,74,22.7,164.0,581,34,4,42,12,80,8,22,40,54,46,73,100,3.35,0.0
137217,Taran Armstrong,CBU,2022,77,20.5,343.0,362,4,60,54,41,79,30,39,35,39,7,46,100,2.25,0.0
117319,Earl Timberlake,MEM,2022,78,21.7,35.0,171,19,76,35,61,48,87,74,12,8,4,10,63,1.16,0.0
117532,Mike Miles,TCU,2022,74,19.8,179.0,568,21,55,86,10,71,8,21,47,13,53,63,94,3.25,0.0
133038,Peyton Watson,UCL,2022,80,19.8,12.0,155,10,81,48,61,41,66,47,31,18,26,21,31,0.79,0.0
87290,Daejon Davis,WAS,2022,75,23.2,50.0,249,9,73,97,27,37,25,22,65,27,23,50,86,1.37,0.0
134233,Terrence Shannon Jr.,TTU,2022,78,21.9,90.0,265,67,46,57,24,30,20,22,55,75,18,59,73,2.66,0.0
134223,Tyson Etienne,WSU,2022,74,22.8,140.0,437,28,19,72,21,42,3,7,86,39,79,88,71,2.41,0.0
104411,David McCormack,KU,2022,82,23.0,36.0,420,90,3,2,99,2,87,98,8,42,52,9,2,4.71,0.0
151480,JD Davison,ALA,2022,75,19.7,13.0,340,9,65,76,65,82,35,44,41,33,2,45,97,2.17,0.0
151295,Tyrese Hunter,ISU,2022,73,18.9,37.0,513,8,63,100,39,76,31,48,46,16,11,60,99,2.95,0.0
135104,Brandon Huntley-Hatfield,UT,2022,82,18.9,26.0,161,33,70,25,74,33,91,81,18,38,27,16,9,1.08,0.0
148690,Marcus Sasser,UH,2022,74,21.8,399.0,205,83,16,64,3,13,2,2,89,93,70,77,85,2.51,0.0
117378,Micah Peavy,TCU,2022,79,21.0,45.0,267,8,79,57,82,60,78,83,20,15,13,21,39,1.51,0.0
139163,DaRon Holmes II,Day,2022,80,,48.0,402,98,3,2,81,2,91,100,11,33,84,12,2,5.78,0.0
88816,Hunter Maldonado,WYO,2022,79,23.3,400.0,656,46,37,87,63,94,29,61,24,13,27,40,100,6.1,0.0
151286,Alex Fudge,LSU,2022,80,19.2,57.0,136,19,73,57,75,29,94,74,20,63,20,19,7,1.21,0.0
175940,Tucker DeVries,DB,2022,78,,130.0,498,62,10,5,66,5,28,45,79,60,93,96,5,4.77,0.0
121154,Iverson Molinar,MIS,2022,75,22.6,208.0,604,76,68,88,39,63,28,52,30,11,65,46,92,5.0,0.0
132243,Antoine Davis,UD,2022,73,23.7,313.0,709,63,11,70,26,62,6,22,77,81,60,100,98,4.51,0.0
118966,Darryl Morsell,Mar,2022,77,23.4,74.0,451,40,76,87,38,71,28,43,49,49,36,70,80,2.34,0.0
131835,Blake Wesley,ND,2022,77,19.3,121.0,575,32,19,92,53,75,36,63,55,28,62,78,82,2.63,0.0
135254,Jordan Hall,SJH,2022,79,20.5,400.0,519,10,44,87,57,97,24,43,66,59,19,88,100,2.87,0.0
92194,Andrew Nembhard,ZAG,2022,77,22.5,23.0,395,53,35,96,29,70,20,34,60,83,41,80,100,5.09,0.0
126848,Moussa Diabate,UM,2022,83,20.4,17.0,304,61,92,24,95,81,77,86,15,38,40,16,32,2.49,0.0
121327,Brad Davison,WIS,2022,76,23.2,108.0,442,88,1,68,24,82,9,18,89,58,99,95,74,4.5,0.0
151325,Bryce Mcgowens,NEB,2022,78,19.6,29.0,553,76,64,55,47,91,37,63,48,14,77,66,55,2.35,0.0
135416,Harrison Ingram,STA,2022,80,19.6,19.0,423,16,53,74,89,94,61,79,49,30,35,59,91,2.44,0.0
135151,Max Christie,MSU,2022,78,19.4,20.0,371,34,81,47,59,62,41,50,61,52,70,82,54,1.8,0.0
104357,Rasir Bolton,ZAG,2022,75,22.8,206.0,310,97,17,48,18,47,34,42,80,100,66,93,79,4.06,0.0
135345,Kc Ndefo,SPU,2022,79,22.3,400.0,448,16,100,92,72,94,66,87,14,63,17,23,78,3.03,0.0
90019,Kellan Grady,Ken,2022,77,24.8,95.0,328,99,24,64,20,38,7,7,96,97,98,98,47,4.1,0.0
117322,Johnny Juzang,UCL,2022,79,21.3,33.0,480,53,44,56,54,80,33,55,44,65,91,76,65,3.43,0.0
122091,JD Notae,Ark,2022,74,23.7,343.0,735,32,87,100,39,91,29,63,60,15,63,86,93,4.64,0.0
120268,Isaiah Wong,UM,2022,75,21.4,79.0,569,72,65,80,56,89,26,44,52,17,95,69,76,3.69,0.0
137931,Jalen Duren,MEM,2022,82,18.6,6.0,335,81,99,61,98,93,95,99,3,3,29,4,46,3.61,0.0
135900,Malaki Branham,OSU,2022,77,19.1,38.0,403,78,63,62,50,59,31,42,36,97,68,80,75,3.8,0.0
106515,Sasha Stefanovic,PUB,2022,77,23.6,374.0,373,91,55,31,9,60,26,37,97,84,87,99,85,3.95,0.0
117531,Kennedy Chandler,UT,2022,72,19.8,9.0,498,55,54,100,55,63,36,60,44,88,41,81,99,4.82,0.0
145216,Dereon Seabron,NCS,2022,79,22.1,129.0,564,77,29,93,97,96,68,97,18,13,65,26,92,4.31,0.0
117478,Drew Timme,ZAG,2022,82,21.8,43.0,545,94,90,13,87,94,58,87,15,59,55,27,86,5.7,0.0
175934,Josh Minott,MEM,2022,81,19.6,45.0,214,95,86,66,86,51,96,94,17,12,62,15,34,2.45,0.0
155168,Alondes Williams,WF,2022,77,23.0,400.0,683,50,75,92,82,97,52,92,34,17,25,65,99,5.68,0.0
132295,Buddy Boeheim,SYR,2022,78,22.6,349.0,621,70,35,95,40,64,20,37,77,53,95,97,87,3.74,0.0
90024,Peter Kiss,BRY,2022,77,25.1,400.0,686,64,59,94,74,79,49,79,39,23,49,77,90,4.01,0.0
136846,Max Abmas,OLR,2022,73,21.2,400.0,640,92,32,71,18,66,18,42,81,87,90,100,96,5.03,0.0
138394,Jamarion Sharp,UWK,2022,89,20.8,188.0,226,97,100,59,95,97,98,97,3,3,49,1,8,4.1,0.0
151846,Kenneth Lofton Jr,LTU,2022,79,19.9,250.0,569,72,89,89,100,100,75,98,13,24,25,18,85,5.33,0.0
118702,Collin Gillespie,VIL,2022,75,23.0,200.0,548,93,2,88,31,88,12,27,87,95,81,100,92,6.74,0.0
128473,Trevor Keels,DUK,2022,76,18.8,23.0,440,67,27,91,66,68,47,64,72,33,89,83,82,3.73,0.0
117424,Kofi Cockburn,ILL,2022,84,22.8,46.0,530,98,92,59,100,99,76,97,4,4,76,6,36,5.41,0.0
132159,Trevion Williams,PUB,2022,82,21.8,154.0,460,54,89,84,98,98,57,83,13,76,39,21,89,4.68,0.0
104369,Michael Devoe,GT,2022,77,22.5,51.0,546,69,69,90,43,84,35,58,61,69,51,89,88,3.7,0.0
107690,Anthony Duruji,UF,2022,79,23.9,400.0,258,87,78,74,82,58,76,80,45,59,28,55,45,2.6,0.0
132192,Jared Rhoden,SHU,2022,78,22.8,199.0,550,36,87,86,72,96,35,53,34,65,90,71,49,3.6,0.0
131622,Quenton Jackson,TAM,2022,77,23.8,232.0,571,86,83,100,41,83,43,70,39,68,39,76,72,5.64,0.0
169177,Ryan Rollins,TOL,2022,76,20.0,400.0,626,74,63,98,58,96,36,66,39,47,81,74,93,5.97,0.0
137930,Aminu Mohammed,GT,2022,77,20.6,24.0,483,42,76,95,99,90,71,89,22,42,67,39,68,2.28,0.0
148740,Jaden Ivey,PUB,2022,76,20.4,89.0,622,84,84,81,56,93,35,58,50,57,51,84,90,5.25,0.0
137162,Kendall Brown,BAY,2022,80,19.1,14.0,302,90,68,85,87,71,83,94,24,72,25,39,70,4.07,0.0
103926,Jaime Jaquez Jr.,UCL,2022,79,21.4,87.0,451,84,65,88,90,87,57,79,28,26,93,43,79,5.12,0.0
134595,Baylor Scheierman,SDS,2022,78,21.8,400.0,496,93,41,94,34,100,20,37,63,100,63,96,98,6.64,0.0
143344,John Butler,FSU,2022,85,19.6,71.0,199,62,96,26,60,54,74,67,75,93,57,78,24,1.16,0.0
121600,Jacob Gilyard,RIS,2022,69,24.0,367.0,496,74,53,100,40,78,23,43,91,65,79,97,100,5.77,0.0
152736,Jaylin Williams,Ark,2022,82,20.0,88.0,424,77,96,97,87,100,73,92,29,12,45,41,84,5.04,0.0
121541,Jamaree Bouyea,USF,2022,74,23.0,400.0,586,82,91,99,32,92,18,39,59,72,71,97,97,5.99,0.0
132642,Dalen Terry,UA,2022,79,20.0,52.0,294,69,67,94,78,90,62,69,45,80,33,66,94,4.62,0.0
121603,Izaiah Brockington,ISU,2022,76,23.0,400.0,622,57,61,94,92,98,50,81,26,57,83,61,64,4.82,0.0
117539,Caleb Houstan,UM,2022,80,19.5,11.0,369,75,57,63,61,77,49,60,82,80,60,96,51,2.41,0.0
117422,Oscar Tshiebwe,Ken,2022,81,22.6,31.0,489,98,98,99,100,100,87,100,5,5,70,5,41,8.17,0.0
127883,Kyler Edwards,UH,2022,76,23.2,159.0,556,63,75,89,66,98,21,40,91,41,87,98,88,6.07,0.0
126857,Trayce Jackson-Davis,IND,2022,81,22.4,30.0,570,99,100,57,97,99,76,98,7,38,90,9,71,6.92,0.0
150383,Terquavion Smith,NCS,2022,75,19.5,99.0,535,63,75,91,70,71,23,41,85,66,95,96,73,2.95,0.0
132471,Isiaih Mosley,MSU,2022,77,22.2,296.0,636,84,43,90,75,97,36,64,43,96,58,94,79,5.93,0.0
88942,Jules Bernard,UCL,2022,77,22.4,55.0,424,85,50,76,70,87,46,64,70,50,98,84,66,4.84,0.0
127259,Pete Nance,NWU,2022,82,22.4,88.0,410,75,95,15,69,95,53,71,39,98,86,85,83,3.89,0.0
134284,Jaden Shackelford,ALA,2022,75,21.4,107.0,568,72,53,68,77,91,29,53,88,67,84,100,62,3.29,0.0
139379,Jeremy Sochan,BAY,2022,81,19.1,114.0,288,71,85,86,90,88,74,80,49,50,56,58,62,3.51,0.0
127260,Gabe Brown,MSU,2022,80,22.3,101.0,384,83,65,58,66,75,38,52,86,77,94,97,45,3.41,0.0
162031,Jabari Walker,CU,2022,80,19.9,172.0,473,79,86,61,90,100,78,97,37,45,55,71,48,4.41,0.0
121810,Tevin Brown,MSt,2022,77,23.8,281.0,519,93,84,94,48,96,11,18,88,88,82,100,85,6.59,0.0
107392,E.J. Liddell,OSU,2022,79,21.5,44.0,574,88,100,42,94,97,53,85,38,61,68,79,83,6.39,0.0
103943,Isaiah Mobley,USC,2022,82,21.8,20.0,459,64,94,63,94,99,58,81,49,52,75,77,91,5.03,0.0
132218,Vince Williams,VCU,2022,78,21.8,291.0,411,79,94,95,57,94,51,67,75,85,17,93,85,4.85,0.0
135764,Jalen Williams,SCB,2022,78,21.2,242.0,562,88,83,88,54,86,51,83,32,90,77,76,96,5.43,0.0
132289,Orlando Robinson,FS,2022,84,22.0,365.0,722,73,97,86,99,99,54,89,25,54,72,69,89,7.54,0.0
140069,Malachi Smith,UTC,2022,76,22.6,147.0,616,88,39,98,87,95,37,70,40,95,79,91,89,7.67,0.0
131565,Christian Koloko,UA,2022,85,22.0,187.0,380,100,100,70,99,96,94,100,8,87,58,10,57,5.98,0.0
117436,Josiah-Jordan James,UT,2022,78,21.8,22.0,337,61,95,96,73,92,46,51,87,40,92,91,66,4.06,0.0
116242,Matthew Mayer,BAY,2022,81,22.8,93.0,333,64,90,90,77,84,68,78,74,38,92,69,36,3.51,0.0
127261,Marcus Bingham Jr.,MSU,2022,84,22.0,66.0,298,84,100,75,91,93,77,89,23,82,73,39,7,3.37,0.0
132628,Walker Kessler,AU,2022,85,20.9,22.0,341,100,100,85,99,98,97,100,26,11,83,28,36,5.61,0.0
151853,Jake Laravia,WF,2022,80,20.7,250.0,456,82,95,98,93,92,70,93,29,90,19,69,95,5.99,0.0
108027,Hyunjung Lee,DAV,2022,79,21.7,157.0,480,97,61,63,52,97,44,69,81,83,86,98,70,5.18,0.0
117357,Justin Lewis,Mar,2022,79,20.2,106.0,553,71,87,81,73,99,50,77,51,73,85,90,68,3.69,0.0
108165,Wendell Moore Jr.,DUK,2022,77,21.0,29.0,503,87,60,98,83,95,57,83,44,97,46,89,97,6.27,0.0
85711,Bryson Williams,TTU,2022,80,24.2,362.0,447,96,73,38,89,73,71,93,34,98,88,86,42,5.53,0.0
132629,Mark Williams,DUK,2022,84,20.5,28.0,325,100,100,56,100,99,100,100,7,92,79,9,35,6.32,0.0
134150,Paolo Banchero,DUK,2022,82,19.6,2.0,683,77,96,90,95,100,54,91,33,68,63,77,90,6.3,0.0
145673,Jabari Smith,AU,2022,82,19.1,7.0,561,86,95,86,69,100,36,59,62,79,82,93,71,5.69,0.0
120264,Tyrese Martin,CON,2022,78,23.3,220.0,407,79,78,60,94,93,68,85,42,96,72,82,69,4.01,0.0
117369,Julian Strawther,ZAG,2022,79,20.2,72.0,327,100,50,40,76,87,67,80,82,86,97,93,37,4.45,0.0
134247,David Roddy,CSU,2022,77,21.3,400.0,539,88,94,85,92,96,60,87,32,91,64,75,87,6.43,0.0
121151,Ron Harper Jr.,RU,2022,78,22.2,175.0,491,86,86,82,75,92,44,66,62,90,90,95,71,4.49,0.0
143343,AJ Griffin,DUK,2022,78,18.8,18.0,337,99,86,52,59,84,49,63,84,99,98,95,45,4.28,0.0
135177,Julian Champagnie,STJ,2022,80,21.0,162.0,613,69,95,100,80,95,64,94,57,31,98,88,71,4.16,0.0
127888,Tari Eason,LSU,2022,80,21.1,138.0,483,98,95,99,97,91,70,94,27,74,71,56,34,6.06,0.0
134799,Chet Holmgren,ZAG,2022,84,20.2,1.0,389,94,100,65,91,100,78,96,48,85,42,76,68,6.37,0.0
143286,Christian Braun,KU,2022,78,21.2,130.0,547,83,94,85,91,99,62,91,42,88,57,87,86,6.14,0.0
136248,Keon Ellis,ALA,2022,78,22.5,169.0,364,97,82,100,90,90,50,64,88,68,58,93,68,4.28,0.0
147080,Bennedict Mathurin,UA,2022,79,20.0,129.0,607,90,64,84,88,94,60,93,67,65,87,93,81,6.32,0.0
163409,Kris Murray,IOW,2022,80,21.9,333.0,306,95,93,66,85,65,70,80,64,90,97,87,41,3.47,0.0
120261,Darius Days,LSU,2022,79,22.7,62.0,419,76,48,94,91,98,65,87,81,62,95,96,34,5.18,0.0
130970,Ochai Agbaji,KU,2022,77,22.2,132.0,680,91,88,85,66,95,48,87,67,92,78,99,58,6.36,0.0
134468,Tyler Burton,RIS,2022,79,22.4,300.0,564,94,84,92,85,100,69,95,52,58,86,89,42,5.27,0.0
121506,Fabian White,UH,2022,80,23.6,272.0,453,78,98,88,97,87,66,91,51,80,90,91,54,6.0,0.0
88817,Brady Manek,UNC,2022,81,23.8,117.0,530,96,93,63,92,98,71,98,82,96,85,100,63,5.41,0.0
163374,Keegan Murray,IOW,2022,80,21.9,334.0,646,100,100,93,99,99,67,98,43,91,100,95,62,8.87,0.0
