RealGM ID,Season,Name,Position 1,Position 2,Play Style,Height,Weight,School,Conference,Wins,Losses,SOS,Class,Birthday,Draft Day Age,RSCI,G,GS,MP,PER,TS%,eFG%,3PAr,FTr,PProd,ORB%,DRB%,TRB%,AST%,STL%,BLK%,Stock%,TOV%,Adjusted TOV%,USG%,Offensive Load,OWS,DWS,WS,WS/40,OBPM,DBPM,BPM,AST/TOV,OFF RTG,DEF RTG,Hands-On Buckets,Pure Point Rating,FG/40,FGA/40,FG%,2FGM/40,2FGA/40,2FG%,3FGM/40,3FGA/40,3FG%,3 Point Proficiency,3 Point Confidence,FT/40,FTA/40,FT%,TRB/40,AST/40,STL/40,BLK/40,TOV/40,PF/40,PTS/40,FGM/100Poss,FGA/100Poss,2FGM/100Poss,2FGA/100Poss,3FGM/100Poss,3FGA/100Poss,FT/100Poss,FTA/100Poss,TRB/100Poss,AST/100Poss,STL/100Poss,BLK/100Poss,TOV/100Poss,PF/100Poss,PTS/100Poss,# Dunks,Dunk vs Rim Shot Percentage,% Dunks Unassisted,Dunks per Minute Played,Unassisted Shots @ Rim /100Poss,% Shots @ Rim,FG% @ Rim,%Astd @ Rim,% Shots @ Mid,FG% @ Mid,%Astd @ Mid,% Shots @ 3,%Astd @ 3,% Assisted,AAU Season,AAU Team,AAU League,AAU GP,AAU GS,AAU MIN,AAU PTS,AAU FGM,AAU FGA,AAU FG%,AAU 3PM,AAU 3PA,AAU 3P%,AAU FTM,AAU FTA,AAU FT%,AAU ORB,AAU DRB,AAU TRB,AAU AST,AAU STL,AAU BLK,AAU TOV,AAU PF,Event Year,Event Name,Event GP,Event MIN,Event PTS,Event FGM,Event FGA,Event FG%,Event 3PM,Event 3PA,Event 3P%,Event FTM,Event FTA,Event FT%,Event TRB,Event AST,Event STL,Event BLK,Event TOV,Event PF,Event Placement,Finishing Score,Shooting Score,Shot Creation Score,Passing Score,Rebounding Score,Athleticism Score,Defense Score,College Productivity Score,Percentile Score,Box Score Creation,Rim Shot Creation,Helio Score,Draft Score,Image Link,Draft Pick,NBA MPG,NBA Draft Pick,Result
108203,2022-23,Markquis Nowell,PG,,Floor General,67.0,160.0,Kansas State,Big 12,26.0,10.0,9.48,4.0,"Dec 25, 1999",23.52,400.0,36.0,36.0,1328.0,21.9,0.56,0.481,0.532,0.446,717.0,1.2,9.7,5.6,43.0,3.9,0.2,0.3804878048780488,18.9,0.121,26.2,46.278,3.8,2.4,6.3,0.189,6.0,3.5,9.6,2.25,113.5,97.9,0.496,4.82,5.4,14.0,0.386,2.8,6.6,0.422,2.7,7.5,0.355,0.272,0.4258399098083427,5.6,6.3,0.889,3.8,8.9,2.8,0.1,4.0,2.2,19.1,7.7,19.9,3.9,9.3,3.8,10.6,7.9,8.9,5.4,12.7,3.9,0.1,5.6,3.1,27.1,0.0,0.0,0.0,0.0,4.244470999999999,27.7,47.3,23.0,19.1,34.8,29.0,53.2,56.8,42.1276,,,,7.27027027027027,6.094594594594595,16.91216216216216,13.97972972972973,5.058378378378379,10.45608108108108,0.47950000000000004,0.9963513513513514,2.893648648648649,0.31239189189189187,2.8225675675675674,4.147297297297298,0.6342837837837838,0.8081081081081081,4.521486486486487,5.329054054054054,2.1422972972972976,0.9306756756756756,0.784054054054054,1.7677027027027028,2.1541891891891893,2013.6501901140684,,,,,,,,,,,,,,,,,,,,,0.1115384615384615,0.5346153846153846,0.7115384615384616,0.9047619047619048,0.2730061349693251,0.1615384615384615,0.4758620689655172,0.8206896551724138,49.9,10.261,46.088,0.0,0.0673024370634908,/images/nba/4.2/profiles/photos/2006/Nowell_Markquis_tor23.jpg,,3.5,100.0,5.0
136030,2022-23,Jalen Hood-Schifino,PG,,Shooter,77.0,216.6,Indiana,Big Ten,22.0,10.0,8.88,1.0,"Jun 19, 2003",20.03,400.0,32.0,32.0,1058.0,13.0,0.492,0.463,0.275,0.189,433.0,1.6,12.0,7.2,20.2,1.4,0.8,1.018181818181818,16.9,0.132,25.7,37.221,0.6,1.3,1.9,0.071,0.4,0.3,0.7,1.31,95.8,104.3,0.311,-1.04,6.4,15.2,0.417,5.0,11.0,0.449,1.4,4.2,0.333,0.212,0.3012335526315789,2.2,2.9,0.776,5.0,4.4,1.0,0.3,3.4,2.9,16.3,9.3,22.3,7.2,16.2,2.0,6.1,3.3,4.2,7.3,6.5,1.4,0.4,4.9,4.3,23.9,4.0,5.0,0.852715,0.0037807183364839,3.8031089,19.9,52.5,14.3,52.6,42.0,20.2,27.5,54.1,28.3484,2018-19,Team Charlotte (NC),UAA 17U,2.0,0.0,4.5,0.0,0.0,0.0,0.0,0.0,0.0,0.0,0.0,0.0,0.0,0.0,0.5,0.5,0.5,0.0,0.0,0.0,0.0,2013.6501901140684,,,,,,,,,,,,,,,,,,,,,0.0615384615384615,0.4692307692307692,0.1615384615384615,0.1071428571428571,0.7055214723926381,0.4153846153846154,0.3241379310344827,0.096551724137931,29.3,4.612,52.164,3.018762038188057,0.1504781214962767,,,7.1,17.0,6.997
148690,2022-23,Marcus Sasser,PG,SG,Scorer,74.0,195.6,Houston,AAC,33.0,3.0,4.79,4.0,"Sep 21, 2000",22.77,400.0,36.0,36.0,1108.0,24.9,0.597,0.548,0.576,0.348,552.0,1.4,8.9,5.2,19.6,3.2,0.7,1.1487179487179486,10.1,0.079,26.1,40.634,4.6,2.6,7.2,0.261,7.7,4.3,12.0,1.95,126.6,91.9,0.304,1.52,6.9,15.7,0.438,3.4,6.6,0.511,3.5,9.0,0.384,0.303,0.4608,4.6,5.5,0.848,3.7,4.0,2.1,0.2,2.1,2.0,21.8,10.6,24.2,5.2,10.2,5.3,13.9,7.1,8.4,5.7,6.2,3.2,0.3,3.2,3.1,33.6,6.0,7.04,1.103872,0.0054151624548736,3.79456,19.6,64.7,20.0,22.8,39.4,17.9,57.6,68.8,47.63,,,,7.27027027027027,6.094594594594595,16.91216216216216,13.97972972972973,5.058378378378379,10.45608108108108,0.47950000000000004,0.9963513513513514,2.893648648648649,0.31239189189189187,2.8225675675675674,4.147297297297298,0.6342837837837838,0.8081081081081081,4.521486486486487,5.329054054054054,2.1422972972972976,0.9306756756756756,0.784054054054054,1.7677027027027028,2.1541891891891893,2013.6501901140684,,,,,,,,,,,,,,,,,,,,,0.3185840707964602,0.8672566371681416,0.4424778761061947,0.5755395683453237,0.1021897810218978,0.6283185840707964,0.7886178861788617,0.8536585365853658,57.2,6.836,61.367,1.756501552462763,0.1630585335313316,,,15.4,25.0,5.0
135782,2022-23,Jalen Pickett,SG,PG,Connector,74.0,197.8,Penn State,Big Ten,23.0,14.0,9.02,4.0,"Oct 22, 1999",23.69,400.0,37.0,37.0,1353.0,26.6,0.577,0.552,0.23,0.23,755.0,4.0,19.6,12.2,39.2,1.6,1.6,1.6,12.9,0.088,27.3,44.457,5.5,1.8,7.3,0.215,8.0,2.9,10.9,2.89,120.3,103.1,0.514,6.15,7.7,15.1,0.508,6.4,11.6,0.546,1.3,3.5,0.381,0.233,0.2868412438625204,2.7,3.5,0.763,8.1,7.2,1.0,0.6,2.5,2.3,19.4,11.9,23.5,9.9,18.1,2.1,5.4,4.1,5.4,12.6,11.2,1.6,0.9,3.9,3.5,30.1,0.0,0.0,0.0,0.0,5.566069,27.1,68.3,12.6,49.8,47.1,7.5,23.0,48.9,18.3966,,,,7.27027027027027,6.094594594594595,16.91216216216216,13.97972972972973,5.058378378378379,10.45608108108108,0.47950000000000004,0.9963513513513514,2.893648648648649,0.31239189189189187,2.8225675675675674,4.147297297297298,0.6342837837837838,0.8081081081081081,4.521486486486487,5.329054054054054,2.1422972972972976,0.9306756756756756,0.784054054054054,1.7677027027027028,2.1541891891891893,2013.6501901140684,,,,,,,,,,,,,,,,,,,,,0.7787610619469026,0.6814159292035398,0.991150442477876,1.0,0.9744525547445256,0.3761061946902654,0.5609756097560976,0.9959349593495936,79.5,8.784,69.166,2.033428384896841,0.1676072314036143,,,6.1,32.0,8.0
175953,2022-23,Brandin Podziemski,SG,PG,Scorer,76.0,203.8,Santa Clara,WCC,22.0,10.0,5.05,2.0,"Feb 25, 2003",20.34,400.0,32.0,32.0,1152.0,26.4,0.602,0.571,0.402,0.313,620.0,5.6,21.6,13.7,20.5,2.8,1.4,1.8666666666666667,12.1,0.096,25.6,37.664,4.2,2.0,6.2,0.215,7.9,2.7,10.6,1.6,121.9,99.0,0.383,0.42,7.7,16.0,0.483,4.9,9.5,0.513,2.8,6.4,0.438,0.307,0.4192285714285715,3.9,5.0,0.771,9.7,4.1,2.0,0.5,2.5,2.1,22.1,10.8,22.4,6.9,13.4,3.9,9.0,5.4,7.0,13.7,5.7,2.8,0.7,3.6,3.0,31.0,7.0,5.33,1.07700645,0.0060763888888888,4.526256,28.5,60.3,29.1,31.3,43.1,19.4,40.2,55.6,36.7169,,,,7.27027027027027,6.094594594594595,16.91216216216216,13.97972972972973,5.058378378378379,10.45608108108108,0.47950000000000004,0.9963513513513514,2.893648648648649,0.31239189189189187,2.8225675675675674,4.147297297297298,0.6342837837837838,0.8081081081081081,4.521486486486487,5.329054054054054,2.1422972972972976,0.9306756756756756,0.784054054054054,1.7677027027027028,2.1541891891891893,2013.6501901140684,,,,,,,,,,,,,,,,,,,,,0.4778761061946903,0.8849557522123894,0.5575221238938053,0.4460431654676259,1.0,0.6017699115044248,0.8292682926829268,0.7804878048780488,69.69999999999999,6.026,56.051,3.0587944852920854,0.1682815070888798,,,24.5,19.0,13.0
148184,2022-23,Craig Porter Jr,PG,SG,Athletic,73.0,180.0,Wichita State,AAC,17.0,14.0,3.25,4.0,"Feb 26, 2000",23.34,400.0,31.0,30.0,1042.0,22.1,0.555,0.533,0.304,0.275,457.0,4.7,16.1,10.7,30.4,2.7,5.0,3.506493506493506,17.3,0.123,22.8,36.592,2.3,2.0,4.3,0.164,4.6,3.6,8.2,1.94,110.8,97.2,0.385,2.21,6.1,12.9,0.478,4.7,8.9,0.528,1.4,3.9,0.363,0.236,0.3308905547226387,2.4,3.5,0.685,7.4,5.9,1.8,1.8,3.0,2.3,16.1,9.1,19.0,7.0,13.2,2.1,5.8,3.6,5.2,10.9,8.7,2.7,2.6,4.5,3.4,23.8,8.0,6.71,1.89372975,0.0076775431861804,5.362275,35.5,61.3,20.5,34.0,43.9,10.0,30.4,29.7,19.7063,,,,7.27027027027027,6.094594594594595,16.91216216216216,13.97972972972973,5.058378378378379,10.45608108108108,0.47950000000000004,0.9963513513513514,2.893648648648649,0.31239189189189187,2.8225675675675674,4.147297297297298,0.6342837837837838,0.8081081081081081,4.521486486486487,5.329054054054054,2.1422972972972976,0.9306756756756756,0.784054054054054,1.7677027027027028,2.1541891891891893,2013.6501901140684,,,,,,,,,,,,,,,,,,,,,0.7389380530973452,0.5486725663716814,0.7345132743362832,0.8129496402877698,0.9233576642335768,0.8053097345132744,0.951219512195122,0.3739837398373983,73.6,5.985,60.215,1.1035464417178995,0.1603001498558929,/images/nba/4.2/profiles/photos/2006/Porter_Craig_cle23.jpg,,15.9,100.0,6.007
92187,2022-23,Marcus Carr,PG,SG,Floor General,74.0,175.0,Texas,Big 12,29.0,9.0,10.43,4.0,"Jun 6, 1999",24.07,400.0,38.0,38.0,1287.0,19.3,0.548,0.512,0.459,0.28,590.0,1.0,9.3,5.2,22.4,2.7,0.2,0.3724137931034483,9.7,0.072,23.8,35.938,3.4,2.2,5.6,0.174,4.6,3.3,7.9,2.66,115.2,99.0,0.337,3.46,6.5,15.1,0.428,3.9,8.2,0.479,2.5,6.9,0.368,0.268,0.4084933494558646,3.3,4.2,0.772,3.5,4.9,1.9,0.1,1.8,2.4,18.7,9.2,21.5,5.6,11.7,3.6,9.9,4.7,6.0,5.0,7.0,2.7,0.1,2.6,3.5,26.7,0.0,0.0,0.0,0.0,2.38134,14.2,59.4,22.0,40.1,44.1,15.1,45.7,77.8,44.7337,,,,7.27027027027027,6.094594594594595,16.91216216216216,13.97972972972973,5.058378378378379,10.45608108108108,0.47950000000000004,0.9963513513513514,2.893648648648649,0.31239189189189187,2.8225675675675674,4.147297297297298,0.6342837837837838,0.8081081081081081,4.521486486486487,5.329054054054054,2.1422972972972976,0.9306756756756756,0.784054054054054,1.7677027027027028,2.1541891891891893,2016.0,U17 World Cup,4.0,14:27,6.3,2.5,8.0,0.312,0.0,2.2,0.0,1.2,1.8,0.714,2.8,0.5,0.8,0.5,1.2,1.2,5th,0.1150442477876106,0.7787610619469026,0.3185840707964602,0.8489208633093526,0.1021897810218978,0.0884955752212389,0.3170731707317073,0.8048780487804879,42.2,5.521,54.35,1.1894491194020935,0.1541536375551207,/images/nba/4.2/profiles/photos/2006/Carr_Marcus_22w.jpg,,0.0,100.0,5.0
108183,2022-23,Kendric Davis,PG,SG,Scorer,71.0,180.0,Memphis,AAC,26.0,8.0,6.9,4.0,"May 14, 1999",24.13,400.0,34.0,34.0,1187.0,24.2,0.551,0.473,0.341,0.474,750.0,1.8,9.7,6.0,30.1,3.1,0.6,1.0054054054054054,13.5,0.101,31.9,48.346,4.0,1.8,5.8,0.196,5.9,1.8,7.7,1.76,114.2,101.3,0.421,1.46,7.7,18.6,0.414,5.5,12.2,0.449,2.2,6.3,0.346,0.232,0.3434818049490539,7.5,8.8,0.854,4.2,6.2,2.3,0.2,3.5,2.2,25.1,10.6,25.7,7.6,16.9,3.0,8.8,10.4,12.2,5.9,8.6,3.1,0.3,4.9,3.0,34.7,0.0,0.0,0.0,0.0,5.570475,25.0,56.8,13.3,40.7,36.7,17.7,34.3,62.5,31.9664,,,,7.27027027027027,6.094594594594595,16.91216216216216,13.97972972972973,5.058378378378379,10.45608108108108,0.47950000000000004,0.9963513513513514,2.893648648648649,0.31239189189189187,2.8225675675675674,4.147297297297298,0.6342837837837838,0.8081081081081081,4.521486486486487,5.329054054054054,2.1422972972972976,0.9306756756756756,0.784054054054054,1.7677027027027028,2.1541891891891893,2013.6501901140684,,,,,,,,,,,,,,,,,,,,,0.1946902654867256,0.3893805309734513,0.7920353982300885,0.7266187050359713,0.2737226277372263,0.6194690265486725,0.4227642276422764,0.5853658536585366,50.1,8.291,58.406,0.9130946237397146,0.1554222631822247,/images/nba/4.2/profiles/photos/2006/Davis_Kendric_gsw23.jpg,,0.0,100.0,5.0
170045,2022-23,Cason Wallace,SG,PG,Connector,75.0,195.2,Kentucky,SEC,20.0,12.0,8.08,1.0,"Nov 7, 2003",19.64,5.0,32.0,32.0,1030.0,18.5,0.543,0.516,0.407,0.224,389.0,3.3,10.2,6.7,24.3,3.7,1.6,2.233962264150944,16.3,0.117,19.9,33.351,2.2,1.6,3.9,0.15,3.6,4.2,7.7,2.03,113.8,100.5,0.314,2.36,5.4,12.1,0.446,3.7,7.2,0.514,1.7,4.9,0.346,0.243,0.3740292164674634,2.1,2.7,0.757,4.6,5.3,2.4,0.6,2.6,3.0,14.6,8.1,18.1,5.5,10.8,2.6,7.4,3.1,4.1,6.9,7.9,3.7,0.9,3.9,4.5,21.8,11.0,14.71,3.1844208000000003,0.0106796116504854,3.918288,24.0,68.0,9.8,35.3,40.0,9.1,40.7,81.8,38.8569,,,,7.27027027027027,6.094594594594595,16.91216216216216,13.97972972972973,5.058378378378379,10.45608108108108,0.47950000000000004,0.9963513513513514,2.893648648648649,0.31239189189189187,2.8225675675675674,4.147297297297298,0.6342837837837838,0.8081081081081081,4.521486486486487,5.329054054054054,2.1422972972972976,0.9306756756756756,0.784054054054054,1.7677027027027028,2.1541891891891893,2013.6501901140684,,,,,,,,,,,,,,,,,,,,,0.6238938053097345,0.5088495575221239,0.2831858407079646,0.7697841726618705,0.3941605839416058,0.8539823008849557,0.8455284552845529,0.4878048780487805,59.6,5.066,68.043,2.7344833745111763,0.6296824871484656,,,21.1,10.0,22.057
139875,2022-23,Jordan Miller,SG,PG,Slasher,77.0,191.6,Miami,ACC,29.0,8.0,6.84,4.0,"Jan 23, 2000",23.44,400.0,37.0,37.0,1294.0,23.0,0.616,0.585,0.228,0.313,563.0,7.2,14.0,10.7,14.1,2.0,1.3,1.575757575757576,9.6,0.078,19.9,28.219,4.7,1.3,6.0,0.186,6.0,1.5,7.6,2.02,130.0,106.5,0.3,1.31,6.7,12.4,0.545,5.7,9.6,0.602,1.0,2.8,0.352,0.21,0.2767448275862069,3.0,3.9,0.784,7.1,3.1,1.4,0.5,1.5,1.9,17.5,9.8,17.9,8.3,13.9,1.4,4.1,4.4,5.6,10.3,4.4,2.0,0.7,2.2,2.8,25.4,18.0,8.23,2.60598835,0.0139103554868624,5.667945499999999,54.5,67.9,41.9,22.8,41.8,36.8,22.8,90.6,51.8827,,,,7.27027027027027,6.094594594594595,16.91216216216216,13.97972972972973,5.058378378378379,10.45608108108108,0.47950000000000004,0.9963513513513514,2.893648648648649,0.31239189189189187,2.8225675675675674,4.147297297297298,0.6342837837837838,0.8081081081081081,4.521486486486487,5.329054054054054,2.1422972972972976,0.9306756756756756,0.784054054054054,1.7677027027027028,2.1541891891891893,2013.6501901140684,,,,,,,,,,,,,,,,,,,,,1.0,0.4424778761061947,0.0442477876106194,0.4928057553956834,0.9233576642335768,0.5309734513274337,0.3089430894308943,0.5284552845528455,53.400000000000006,3.294,61.107,1.0964732907373298,0.1498783442156773,/images/nba/4.2/profiles/photos/2006/Miller_Jordan_lac23.jpg,,4.0,48.0,6.627
151485,2022-23,Kobe Bufkin,SG,PG,Slasher,77.0,186.8,Michigan,Big Ten,18.0,15.0,8.69,2.0,"Sep 21, 2003",19.77,45.0,33.0,33.0,1121.0,19.2,0.578,0.542,0.337,0.24,454.0,2.6,12.0,7.5,17.4,2.3,2.1,2.1954545454545453,13.8,0.11,21.8,31.0,2.5,1.7,4.1,0.148,3.5,3.3,6.7,1.5,112.8,101.6,0.307,0.0,6.2,12.8,0.482,4.6,8.5,0.546,1.5,4.3,0.355,0.237,0.3457658959537572,2.6,3.1,0.849,5.3,3.4,1.5,0.8,2.3,2.9,16.5,9.2,19.0,6.9,12.6,2.3,6.4,3.9,4.6,7.9,5.1,2.3,1.2,3.4,4.2,24.4,12.0,9.42,2.5783011,0.0107047279214986,5.200394999999999,35.5,68.0,22.9,30.5,39.0,24.4,34.0,67.5,38.5215,,,,7.27027027027027,6.094594594594595,16.91216216216216,13.97972972972973,5.058378378378379,10.45608108108108,0.47950000000000004,0.9963513513513514,2.893648648648649,0.31239189189189187,2.8225675675675674,4.147297297297298,0.6342837837837838,0.8081081081081081,4.521486486486487,5.329054054054054,2.1422972972972976,0.9306756756756756,0.784054054054054,1.7677027027027028,2.1541891891891893,2013.6501901140684,,,,,,,,,,,,,,,,,,,,,0.9026548672566372,0.5398230088495575,0.1858407079646017,0.3525179856115107,0.5547445255474452,0.6814159292035398,0.7804878048780488,0.4512195121951219,55.60000000000001,3.848,65.117,2.594544246337854,0.5588164715424647,,,2.2,15.0,21.715
176057,2022-23,Anthony Black,SG,PG,Slasher,79.0,210.0,Arkansas,SEC,22.0,14.0,9.87,1.0,"Jan 20, 2004",19.44,15.0,36.0,36.0,1255.0,17.2,0.549,0.495,0.283,0.578,492.0,4.3,12.6,8.5,20.6,3.4,1.8,2.353846153846153,20.6,0.157,20.9,31.147,1.8,2.4,4.2,0.133,2.8,3.9,6.7,1.29,104.9,96.9,0.302,-1.18,4.7,10.5,0.453,3.9,7.5,0.513,0.9,3.0,0.301,0.189,0.291722602739726,4.3,6.1,0.705,5.8,4.5,2.4,0.7,3.5,3.0,14.7,6.8,14.9,5.5,10.7,1.3,4.2,6.1,8.6,8.3,6.4,3.4,1.0,4.9,4.2,20.9,24.0,15.27,4.69804455,0.0191235059760956,4.5842085,47.7,59.2,35.5,24.0,35.4,3.6,28.3,71.4,38.0037,,,,7.27027027027027,6.094594594594595,16.91216216216216,13.97972972972973,5.058378378378379,10.45608108108108,0.47950000000000004,0.9963513513513514,2.893648648648649,0.31239189189189187,2.8225675675675674,4.147297297297298,0.6342837837837838,0.8081081081081081,4.521486486486487,5.329054054054054,2.1422972972972976,0.9306756756756756,0.784054054054054,1.7677027027027028,2.1541891891891893,2022.0,U18 Americas Championship,6.0,19:56,4.7,1.8,5.7,0.324,0.2,1.0,0.167,0.8,1.7,0.5,7.8,4.2,1.8,2.0,1.8,1.3,-,0.7389380530973452,0.1061946902654867,0.4247787610619469,0.3417266187050359,0.708029197080292,0.9557522123893806,0.943089430894309,0.4796747967479675,58.7,3.864,53.831,3.363112102978014,0.5869433240114796,,,19.2,6.0,20.59
151235,2022-23,Keyonte George,SG,PG,Shooter,76.0,185.0,Baylor,Big 12,22.0,11.0,10.54,1.0,"Nov 8, 2003",19.64,9.0,33.0,33.0,944.0,17.8,0.524,0.47,0.553,0.364,492.0,4.2,13.6,8.8,20.1,2.3,0.7,1.0733333333333333,16.4,0.133,30.8,44.509,1.8,1.1,2.9,0.125,4.5,1.1,5.6,0.96,105.1,104.9,0.287,-3.64,6.6,17.5,0.376,3.3,7.8,0.424,3.3,9.7,0.338,0.262,0.4195600448933783,5.0,6.4,0.793,5.8,3.9,1.6,0.3,4.0,3.0,21.4,9.7,25.8,4.9,11.5,4.8,14.3,7.4,9.4,8.6,5.7,2.3,0.4,5.9,4.4,31.6,3.0,4.98,0.48496236,0.0031779661016949,2.5124556,14.6,60.0,33.3,30.1,33.9,33.3,55.3,62.3,49.33699999999999,,,,7.27027027027027,6.094594594594595,16.91216216216216,13.97972972972973,5.058378378378379,10.45608108108108,0.47950000000000004,0.9963513513513514,2.893648648648649,0.31239189189189187,2.8225675675675674,4.147297297297298,0.6342837837837838,0.8081081081081081,4.521486486486487,5.329054054054054,2.1422972972972976,0.9306756756756756,0.784054054054054,1.7677027027027028,2.1541891891891893,2022.0,GLOBL JAM,5.0,29:59,22.8,7.2,18.2,0.396,3.2,8.8,0.364,5.2,6.4,0.812,2.6,3.0,1.4,0.0,3.6,2.2,Silver,0.1238938053097345,0.3539823008849557,0.4513274336283185,0.079136690647482,0.7335766423357665,0.2566371681415929,0.2113821138211382,0.4227642276422764,32.9,6.151,51.822,3.9814264392528953,0.5492928167627087,,,24.5,16.0,15.001
142391,2022-23,Amari Bailey,SG,PG,Slasher,75.0,190.8,UCLA,Pac-12,25.0,5.0,8.66,1.0,"Feb 17, 2004",19.36,10.0,30.0,28.0,808.0,16.4,0.553,0.533,0.198,0.231,316.0,3.6,13.2,8.3,15.2,2.5,1.4,1.7948717948717947,19.4,0.159,23.7,33.975,0.9,1.9,2.7,0.136,1.7,3.3,5.0,0.89,101.0,92.8,0.232,-3.73,6.7,13.5,0.495,5.6,10.8,0.521,1.0,2.7,0.389,0.226,0.2624258943781942,2.2,3.1,0.698,5.6,3.2,1.7,0.4,3.6,2.5,16.6,9.9,20.1,8.4,16.1,1.5,4.0,3.2,4.6,8.4,4.8,2.5,0.7,5.4,3.8,24.7,16.0,13.46,2.89320008,0.0198019801980198,4.3204548,43.6,63.0,50.7,36.6,39.0,41.0,19.8,76.2,52.1988,,,,7.27027027027027,6.094594594594595,16.91216216216216,13.97972972972973,5.058378378378379,10.45608108108108,0.47950000000000004,0.9963513513513514,2.893648648648649,0.31239189189189187,2.8225675675675674,4.147297297297298,0.6342837837837838,0.8081081081081081,4.521486486486487,5.329054054054054,2.1422972972972976,0.9306756756756756,0.784054054054054,1.7677027027027028,2.1541891891891893,2019.0,U16 Americas Championship,6.0,21:14,13.2,4.7,12.2,0.384,0.8,2.7,0.312,3.0,3.3,0.9,4.2,3.0,1.2,0.3,3.2,1.7,Gold,0.8761061946902655,0.2654867256637168,0.0619469026548672,0.0287769784172661,0.6824817518248175,0.3584070796460177,0.8861788617886179,0.2601626016260163,42.7,3.987,53.695,2.264383706476897,0.5121669763870247,,,5.3,41.0,10.045
150383,2022-23,Terquavion Smith,SG,PG,Shooter,76.0,163.2,NC State,ACC,23.0,11.0,5.58,2.0,"Dec 31, 2002",20.5,79.0,34.0,34.0,1142.0,19.1,0.494,0.463,0.495,0.269,608.0,2.2,10.1,6.0,22.8,2.5,1.2,1.6216216216216215,11.0,0.086,30.0,44.261,2.4,1.4,3.8,0.132,3.8,0.7,4.5,1.84,106.2,104.3,0.354,1.48,7.3,19.2,0.38,4.1,9.7,0.424,3.2,9.5,0.336,0.251,0.4002888086642599,3.6,5.1,0.701,4.2,4.9,1.7,0.5,2.7,2.8,21.4,10.4,27.4,5.9,13.8,4.6,13.6,5.2,7.4,6.1,7.0,2.5,0.7,3.8,4.1,30.6,7.0,5.97,1.0437828599999996,0.0061295971978984,4.7905612,21.4,51.3,18.3,29.1,35.8,10.5,49.5,52.7,33.0582,,,,7.27027027027027,6.094594594594595,16.91216216216216,13.97972972972973,5.058378378378379,10.45608108108108,0.47950000000000004,0.9963513513513514,2.893648648648649,0.31239189189189187,2.8225675675675674,4.147297297297298,0.6342837837837838,0.8081081081081081,4.521486486486487,5.329054054054054,2.1422972972972976,0.9306756756756756,0.784054054054054,1.7677027027027028,2.1541891891891893,2013.6501901140684,,,,,,,,,,,,,,,,,,,,,0.079646017699115,0.2743362831858407,0.8053097345132744,0.6187050359712231,0.2737226277372263,0.6460176991150443,0.4471544715447154,0.1138211382113821,40.7,6.371,51.272,3.2094924737251587,0.5984020324936923,,,3.8,100.0,10.845
151487,2022-23,Nick Smith Jr,SG,PG,Connector,74.0,185.0,Arkansas,SEC,10.0,7.0,9.87,1.0,"Apr 18, 2004",19.2,1.0,17.0,14.0,438.0,13.0,0.472,0.436,0.351,0.248,194.0,1.1,6.3,3.8,13.5,1.8,0.5,0.782608695652174,10.7,0.092,28.7,38.069,0.3,0.6,0.9,0.082,1.0,-0.3,0.7,1.07,97.3,103.4,0.235,-1.7,6.9,18.4,0.376,4.7,12.0,0.397,2.2,6.5,0.338,0.228,0.344377358490566,3.4,4.6,0.74,2.6,2.6,1.3,0.2,2.5,2.4,19.5,9.9,26.3,6.8,17.0,3.1,9.2,4.8,6.5,3.6,3.8,1.8,0.3,3.5,3.4,27.7,4.0,11.48,1.48953,0.0091324200913242,3.4124250000000003,17.3,57.1,25.0,47.5,33.3,21.9,35.1,91.7,46.9142,,,,7.27027027027027,6.094594594594595,16.91216216216216,13.97972972972973,5.058378378378379,10.45608108108108,0.47950000000000004,0.9963513513513514,2.893648648648649,0.31239189189189187,2.8225675675675674,4.147297297297298,0.6342837837837838,0.8081081081081081,4.521486486486487,5.329054054054054,2.1422972972972976,0.9306756756756756,0.784054054054054,1.7677027027027028,2.1541891891891893,2013.6501901140684,,,,,,,,,,,,,,,,,,,,,0.0884955752212389,0.1592920353982301,0.0884955752212389,0.0863309352517985,0.0291970802919708,0.1592920353982301,0.2032520325203252,0.2276422764227642,13.0,3.579,52.884,1.8719036603535093,0.0,,,15.1,27.0,11.001
151351,2022-23,Jordan Hawkins,SG,,Shooter,77.0,186.0,Connecticut,Big East,29.0,8.0,8.51,2.0,"Apr 29, 2002",21.17,55.0,37.0,37.0,1086.0,20.2,0.584,0.531,0.631,0.317,511.0,3.9,10.8,7.4,8.2,1.4,1.8,1.5750000000000002,8.9,0.078,25.4,34.441,3.8,1.9,5.7,0.211,6.4,1.9,8.3,0.94,124.1,98.5,0.224,-1.72,6.7,16.4,0.409,2.7,6.0,0.445,4.0,10.3,0.388,0.316,0.4805260058881256,4.6,5.2,0.887,5.2,1.7,1.0,0.7,1.8,3.0,22.0,9.8,24.0,3.9,8.8,5.9,15.1,6.7,7.6,7.5,2.5,1.4,1.0,2.7,4.4,32.2,9.0,9.67,1.2287862399999998,0.0082872928176795,3.049728,20.9,54.8,39.2,16.0,31.0,31.8,63.1,87.2,68.304,,,,7.27027027027027,6.094594594594595,16.91216216216216,13.97972972972973,5.058378378378379,10.45608108108108,0.47950000000000004,0.9963513513513514,2.893648648648649,0.31239189189189187,2.8225675675675674,4.147297297297298,0.6342837837837838,0.8081081081081081,4.521486486486487,5.329054054054054,2.1422972972972976,0.9306756756756756,0.784054054054054,1.7677027027027028,2.1541891891891893,2013.6501901140684,,,,,,,,,,,,,,,,,,,,,0.0790960451977401,0.5988700564971752,0.1807909604519774,0.1919642857142857,0.3619909502262443,0.4632768361581921,0.6606217616580311,0.8290155440414507,42.1,3.527,47.213,1.9325402228121715,0.4811840712205422,,,21.8,14.0,10.287
140202,2022-23,Adam Flagler,SG,,Shooter,75.0,191.8,Baylor,Big 12,21.0,11.0,10.54,4.0,"Dec 1, 1999",23.58,400.0,32.0,32.0,1081.0,19.6,0.562,0.528,0.508,0.266,501.0,1.1,7.7,4.3,27.8,2.1,0.2,0.3652173913043478,10.8,0.077,23.2,37.719,3.6,1.0,4.6,0.17,6.3,1.5,7.8,2.72,122.5,107.9,0.378,4.12,6.2,14.6,0.426,3.3,7.2,0.454,3.0,7.4,0.4,0.302,0.4475770925110132,3.1,3.9,0.79,2.8,5.4,1.4,0.1,2.0,2.4,18.5,9.2,21.5,4.8,10.6,4.4,10.9,4.5,5.7,4.2,8.0,2.1,0.1,2.9,3.5,27.2,0.0,0.0,0.0,0.0,2.545686,13.2,55.8,10.3,36.0,41.5,15.3,50.8,53.8,34.19799999999999,,,,7.27027027027027,6.094594594594595,16.91216216216216,13.97972972972973,5.058378378378379,10.45608108108108,0.47950000000000004,0.9963513513513514,2.893648648648649,0.31239189189189187,2.8225675675675674,4.147297297297298,0.6342837837837838,0.8081081081081081,4.521486486486487,5.329054054054054,2.1422972972972976,0.9306756756756756,0.784054054054054,1.7677027027027028,2.1541891891891893,2013.6501901140684,,,,,,,,,,,,,,,,,,,,,0.0451977401129943,0.8418079096045198,0.9124293785310734,0.9821428571428572,0.0135746606334841,0.1638418079096045,0.0259067357512953,0.7409326424870466,46.6,6.729,54.935,1.9058671341455848,0.1604737652853882,,,0.0,100.0,5.0
151234,2022-23,Brandon Miller,SF,SG,Scorer,79.0,200.0,Alabama,SEC,31.0,6.0,9.65,1.0,"Nov 22, 2002",20.6,400.0,37.0,37.0,1208.0,23.4,0.583,0.533,0.535,0.329,645.0,6.7,17.7,12.6,12.9,1.5,2.4,1.8461538461538465,12.0,0.102,26.2,36.351,4.1,2.9,7.0,0.23,7.8,4.3,12.0,0.95,119.7,91.9,0.291,-2.36,7.4,17.1,0.43,3.8,7.9,0.483,3.5,9.1,0.384,0.295,0.4470946681175191,4.8,5.6,0.859,10.1,2.5,1.1,1.1,2.7,2.9,23.0,10.1,23.5,5.3,10.9,4.8,12.6,6.7,7.8,13.9,3.5,1.5,1.5,3.7,4.0,31.7,23.0,14.65,3.3891896,0.0190397350993377,5.436583999999999,30.4,58.6,23.9,16.1,28.9,4.2,53.5,81.1,51.3303,,,,7.27027027027027,6.094594594594595,16.91216216216216,13.97972972972973,5.058378378378379,10.45608108108108,0.47950000000000004,0.9963513513513514,2.893648648648649,0.31239189189189187,2.8225675675675674,4.147297297297298,0.6342837837837838,0.8081081081081081,4.521486486486487,5.329054054054054,2.1422972972972976,0.9306756756756756,0.784054054054054,1.7677027027027028,2.1541891891891893,2013.6501901140684,,,,,,,,,,,,,,,,,,,,,0.3206106870229007,0.5114503816793893,0.8473282442748091,0.3466666666666667,0.8356164383561644,0.8702290076335878,0.7925925925925926,0.974074074074074,68.7,4.328,57.113,3.1999030458715265,0.1643173065897154,,,30.7,2.0,15.0
132635,2022-23,Jaylen Clark,SG,SF,Slasher,76.0,204.2,UCLA,Pac-12,26.0,4.0,8.66,3.0,"Oct 13, 2001",21.71,83.0,30.0,29.0,915.0,23.4,0.55,0.523,0.256,0.312,375.0,7.4,16.1,11.7,11.4,5.1,1.1,1.8096774193548384,9.5,0.08,21.7,29.88,2.4,2.7,5.1,0.223,5.2,6.7,11.9,1.51,117.3,85.9,0.242,0.04,6.5,13.5,0.481,5.3,10.0,0.533,1.1,3.5,0.329,0.205,0.2879452991452991,2.9,4.2,0.698,7.9,2.4,3.4,0.3,1.6,2.8,17.0,9.6,20.0,7.9,14.9,1.7,5.1,4.4,6.2,11.8,3.6,5.1,0.5,2.4,4.2,25.3,17.0,12.45,3.3237516,0.0185792349726775,5.33936,44.2,66.9,39.6,30.2,33.3,32.3,25.6,88.5,49.91380000000001,2018-19,Compton Magic (CA),Gold Gauntlet 17U,4.0,1.0,15.8,6.5,3.0,7.25,0.414,0.25,1.75,0.143,0.25,0.5,0.5,1.0,0.5,1.5,0.75,1.25,0.25,0.5,2.0,2013.6501901140684,,,,,,,,,,,,,,,,,,,,,0.8854961832061069,0.1526717557251908,0.2061068702290076,0.7,0.7534246575342466,0.5572519083969466,0.8222222222222222,0.9481481481481482,62.8,2.87,60.217,1.297760066538205,0.4519454065687143,,,0.0,53.0,18.083
120267,2022-23,Seth Lundy,SF,SG,Shooter,76.0,214.4,Penn State,Big Ten,22.0,14.0,9.02,4.0,"Apr 2, 2000",23.24,207.0,36.0,36.0,1141.0,21.1,0.609,0.575,0.627,0.297,456.0,3.7,19.3,11.9,5.4,1.5,2.0,1.7142857142857144,6.9,0.063,22.3,27.128,3.3,1.5,4.8,0.168,6.4,1.3,7.7,1.0,120.0,103.1,0.206,-0.97,5.8,12.9,0.45,2.6,4.8,0.533,3.2,8.1,0.4,0.325,0.488412852969815,3.1,3.8,0.807,7.9,1.1,0.9,0.7,1.1,2.8,17.9,9.0,20.0,4.0,7.5,5.0,12.5,4.8,5.9,12.3,1.7,1.5,1.1,1.7,4.3,27.8,9.0,10.97,1.2989906100000002,0.0078878177037686,2.36826,22.3,59.8,46.9,15.0,43.6,25.0,62.7,80.4,64.6195,2018-19,Team Final (PA),Nike 17U,10.0,8.0,11.6,15.2,4.7,11.3,0.416,1.5,5.4,0.278,4.3,5.4,0.796,0.0,5.2,5.2,1.6,0.9,0.3,2.5,1.5,2013.6501901140684,,,,,,,,,,,,,,,,,,,,,0.2175572519083969,0.916030534351145,0.2900763358778626,0.2866666666666667,0.7808219178082192,0.2633587786259542,0.3037037037037037,0.7185185185185186,47.2,2.178,48.203,0.726872595538911,0.3370683390265455,,,5.8,46.0,7.0
151289,2022-23,Gradey Dick,SG,SF,Shooter,78.0,204.0,Kansas,Big 12,28.0,8.0,11.84,1.0,"Nov 20, 2003",19.61,21.0,36.0,36.0,1177.0,18.4,0.581,0.547,0.523,0.226,456.0,4.0,13.5,8.9,9.4,2.5,0.8,1.2121212121212122,9.4,0.081,20.5,27.239,2.8,2.1,4.9,0.165,4.9,2.9,7.7,1.33,117.2,98.5,0.234,-0.41,5.9,13.4,0.442,3.1,6.4,0.484,2.8,7.0,0.403,0.307,0.4552246220302375,2.6,3.0,0.854,6.3,2.0,1.8,0.3,1.5,2.6,17.2,8.4,19.1,4.4,9.1,4.0,10.0,3.7,4.3,9.0,2.9,2.5,0.4,2.2,3.7,24.6,15.0,15.59,1.5596236,0.0127442650807136,1.910764,24.4,63.5,59.0,23.4,32.6,40.0,52.3,78.3,64.70689999999999,,,,7.27027027027027,6.094594594594595,16.91216216216216,13.97972972972973,5.058378378378379,10.45608108108108,0.47950000000000004,0.9963513513513514,2.893648648648649,0.31239189189189187,2.8225675675675674,4.147297297297298,0.6342837837837838,0.8081081081081081,4.521486486486487,5.329054054054054,2.1422972972972976,0.9306756756756756,0.784054054054054,1.7677027027027028,2.1541891891891893,2013.6501901140684,,,,,,,,,,,,,,,,,,,,,0.3435114503816794,0.6717557251908397,0.2251908396946564,0.54,0.4041095890410959,0.1145038167938931,0.3407407407407407,0.8185185185185185,43.2,2.619,47.51,2.147946613662042,0.4217783724722067,,,12.6,13.0,19.791
148719,2022-23,Colby Jones,SG,SF,Slasher,78.0,199.2,Xavier,Big East,26.0,10.0,9.16,3.0,"May 28, 2002",21.09,129.0,36.0,36.0,1223.0,19.8,0.58,0.564,0.292,0.305,547.0,4.4,14.4,9.7,22.4,2.1,1.6,1.816216216216216,15.3,0.112,21.9,33.877,3.0,1.6,4.6,0.15,4.8,2.5,7.3,1.88,114.7,103.5,0.338,1.65,6.8,13.3,0.509,5.3,9.4,0.563,1.5,3.9,0.378,0.242,0.3294805970149253,2.6,4.1,0.653,6.7,5.2,1.5,0.7,2.7,2.5,17.7,9.4,18.5,7.4,13.1,2.0,5.4,3.7,5.6,9.4,7.2,2.1,0.9,3.8,3.5,24.5,9.0,5.42,1.1167368,0.0073589533932951,3.81174,40.8,60.8,49.5,30.0,50.0,26.2,29.2,82.2,52.0584,,,,7.27027027027027,6.094594594594595,16.91216216216216,13.97972972972973,5.058378378378379,10.45608108108108,0.47950000000000004,0.9963513513513514,2.893648648648649,0.31239189189189187,2.8225675675675674,4.147297297297298,0.6342837837837838,0.8081081081081081,4.521486486486487,5.329054054054054,2.1422972972972976,0.9306756756756756,0.784054054054054,1.7677027027027028,2.1541891891891893,2013.6501901140684,,,,,,,,,,,,,,,,,,,,,0.6717557251908397,0.7022900763358778,0.6259541984732825,0.94,0.5513698630136986,0.2748091603053435,0.3333333333333333,0.5925925925925926,58.7,5.192,51.259,3.224096103819598,0.641326744224397,,,7.4,34.0,12.989
117369,2022-23,Julian Strawther,SG,SF,Shooter,78.0,208.8,Gonzaga,WCC,31.0,6.0,8.04,3.0,"Apr 18, 2002",21.2,400.0,37.0,37.0,1154.0,19.7,0.602,0.568,0.484,0.331,500.0,3.0,19.7,11.7,6.7,1.5,1.5,1.5,10.7,0.094,22.2,28.8,3.2,1.6,4.8,0.165,4.9,0.9,5.8,0.88,119.7,102.9,0.201,-1.93,6.6,14.0,0.469,3.8,7.2,0.526,2.8,6.8,0.408,0.303,0.442762331838565,3.6,4.6,0.776,8.0,1.7,1.1,0.6,1.9,2.7,19.5,9.2,19.5,5.3,10.1,3.9,9.5,5.0,6.5,11.1,2.4,1.5,0.8,2.7,3.8,27.2,7.0,6.44,0.92334788,0.0060658578856152,2.7958515,26.9,57.7,46.7,24.5,45.3,32.6,48.6,81.8,60.3041,2018-19,Las Vegas Prospects (NV),Nike 17U,10.0,10.0,2.9,14.2,5.0,13.3,0.376,1.7,6.2,0.274,2.5,4.1,0.61,0.0,5.5,5.5,1.2,1.4,0.8,2.2,2.8,2019.0,U19 World Cup,7.0,28:44,22.0,8.3,18.3,0.453,1.6,6.6,0.239,3.9,6.0,0.643,6.1,1.4,1.1,0.4,1.9,2.3,6th,0.2366412213740458,0.8931297709923665,0.2137404580152671,0.22,0.7534246575342466,0.2519083969465648,0.2444444444444444,0.4222222222222222,40.400000000000006,2.713,47.509,1.6070401100412075,0.1442431052016347,,,13.9,29.0,6.019
162086,2022-23,Julian Phillips,SF,SG,Slasher,80.0,196.6,Tennessee,SEC,23.0,9.0,7.98,1.0,"Nov 5, 2003",19.65,400.0,32.0,25.0,770.0,16.6,0.536,0.44,0.24,0.615,272.0,8.4,13.9,11.1,11.4,1.6,2.9,2.062222222222222,14.2,0.12,19.1,26.67,1.6,1.9,3.5,0.183,2.0,3.8,5.7,1.12,114.4,91.1,0.155,-1.39,4.1,10.0,0.411,3.5,7.6,0.466,0.6,2.4,0.239,0.142,0.2394989561586639,5.0,6.1,0.822,7.8,2.4,1.0,0.9,2.1,2.9,13.8,6.2,15.1,5.4,11.5,0.9,3.6,7.6,9.3,11.8,3.6,1.6,1.3,3.2,4.4,21.0,13.0,14.28,3.4447643999999995,0.0168831168831168,3.642572999999999,47.3,55.7,49.0,28.5,30.2,50.0,24.2,100.0,61.627,,,,7.27027027027027,6.094594594594595,16.91216216216216,13.97972972972973,5.058378378378379,10.45608108108108,0.47950000000000004,0.9963513513513514,2.893648648648649,0.31239189189189187,2.8225675675675674,4.147297297297298,0.6342837837837838,0.8081081081081081,4.521486486486487,5.329054054054054,2.1422972972972976,0.9306756756756756,0.784054054054054,1.7677027027027028,2.1541891891891893,2013.6501901140684,,,,,,,,,,,,,,,,,,,,,0.5725190839694656,0.1145038167938931,0.0305343511450381,0.47,0.6712328767123288,0.648854961832061,0.837037037037037,0.5259259259259259,48.4,2.207,47.32,1.928147293758392,0.1395317213858171,,,4.5,35.0,6.999
135128,2022-23,Jett Howard,SG,SF,Shooter,78.0,215.0,Michigan,Big Ten,15.0,14.0,8.69,1.0,"Sep 14, 2003",19.79,400.0,29.0,29.0,922.0,16.7,0.562,0.532,0.64,0.227,376.0,1.0,8.7,5.0,12.9,0.8,2.1,1.1586206896551725,9.2,0.077,23.0,31.194,2.1,1.0,3.0,0.132,4.2,1.0,5.2,1.59,113.1,106.2,0.256,0.26,5.9,14.4,0.414,2.6,5.2,0.496,3.4,9.2,0.368,0.302,0.4673015873015873,2.6,3.3,0.8,3.6,2.6,0.5,0.8,1.6,2.8,17.9,8.8,21.3,3.8,7.7,5.0,13.6,3.9,4.8,5.3,3.8,0.8,1.2,2.4,4.1,26.5,6.0,12.47,1.2729376,0.0065075921908893,2.1743040000000007,14.5,58.7,29.6,20.5,44.6,13.8,65.0,74.0,55.221,2018-19,Florida Lightning (FL),UAA 16U,6.0,2.0,16.0,8.83,3.33,9.17,0.364,1.67,5.5,0.303,0.5,0.67,0.75,1.33,0.5,1.83,1.0,1.0,0.5,1.17,1.83,2013.6501901140684,,,,,,,,,,,,,,,,,,,,,0.0458015267175572,0.900763358778626,0.6183206106870229,0.7866666666666666,0.0273972602739726,0.2213740458015267,0.0888888888888888,0.3259259259259259,37.7,3.541,51.276,2.6194175297218827,0.1516284073418203,,,3.8,11.0,13.976
138420,2022-23,Ricky Council IV,SG,SF,Connector,78.0,208.0,Arkansas,SEC,22.0,14.0,9.87,3.0,"Aug 3, 2001",21.91,400.0,36.0,29.0,1229.0,17.6,0.542,0.472,0.292,0.505,554.0,3.2,9.1,6.2,12.9,1.9,0.9,1.2214285714285715,12.3,0.106,24.7,33.096,2.6,1.8,4.4,0.143,3.4,1.6,5.0,1.08,110.5,102.1,0.279,-1.66,6.1,14.1,0.433,5.0,10.0,0.5,1.1,4.1,0.27,0.174,0.2805693950177936,5.6,7.1,0.794,4.2,2.6,1.3,0.4,2.4,2.1,18.9,8.7,20.0,7.1,14.2,1.6,5.8,8.0,10.1,6.0,3.8,1.9,0.5,3.5,3.0,26.9,36.0,24.59,5.1946375,0.0292921074043938,4.225,33.8,65.8,37.5,37.0,35.6,15.8,29.2,79.4,41.7058,,,,7.27027027027027,6.094594594594595,16.91216216216216,13.97972972972973,5.058378378378379,10.45608108108108,0.47950000000000004,0.9963513513513514,2.893648648648649,0.31239189189189187,2.8225675675675674,4.147297297297298,0.6342837837837838,0.8081081081081081,4.521486486486487,5.329054054054054,2.1422972972972976,0.9306756756756756,0.784054054054054,1.7677027027027028,2.1541891891891893,2013.6501901140684,,,,,,,,,,,,,,,,,,,,,0.7557251908396947,0.2099236641221374,0.6335877862595419,0.4533333333333333,0.0787671232876712,0.816793893129771,0.2,0.3888888888888889,44.2,3.219,58.005,1.771315500652569,0.1504162797442373,/images/nba/4.2/profiles/photos/2006/Council_Ricky_phi23.jpg,,4.2,100.0,9.0
143334,2022-23,Dariq Whitehead,SF,SG,Shooter,78.0,217.2,Duke,ACC,22.0,6.0,7.44,1.0,"Aug 1, 2004",18.91,3.0,28.0,7.0,577.0,14.1,0.548,0.528,0.497,0.147,200.0,2.7,10.6,6.8,9.3,2.2,1.1,1.4666666666666668,15.6,0.134,22.4,30.518,0.7,1.0,1.7,0.117,1.6,2.3,4.0,0.69,104.1,99.7,0.152,-3.85,5.8,13.7,0.421,2.8,6.9,0.414,2.9,6.8,0.429,0.321,0.4605032397408207,1.6,2.0,0.793,4.7,1.9,1.5,0.4,2.7,2.9,16.0,8.8,20.8,4.3,10.5,4.4,10.4,2.4,3.1,7.2,2.9,2.2,0.6,4.1,4.4,24.4,2.0,4.23,0.4852656,0.0034662045060658,2.386176,23.9,53.2,52.0,25.9,31.4,25.0,50.3,85.7,62.0101,,,,7.27027027027027,6.094594594594595,16.91216216216216,13.97972972972973,5.058378378378379,10.45608108108108,0.47950000000000004,0.9963513513513514,2.893648648648649,0.31239189189189187,2.8225675675675674,4.147297297297298,0.6342837837837838,0.8081081081081081,4.521486486486487,5.329054054054054,2.1422972972972976,0.9306756756756756,0.784054054054054,1.7677027027027028,2.1541891891891893,2013.6501901140684,,,,,,,,,,,,,,,,,,,,,0.0687022900763358,0.5954198473282443,0.2442748091603053,0.1133333333333333,0.1130136986301369,0.0305343511450381,0.362962962962963,0.1185185185185185,20.6,2.907,42.586,2.320007947455295,0.277618077856931,,,12.0,22.0,12.0
151867,2022-23,Ben Sheppard,SG,SF,Scorer,78.0,194.6,Belmont,MVC,21.0,11.0,-1.93,4.0,"Jul 16, 2001",21.96,400.0,32.0,32.0,1100.0,21.8,0.582,0.563,0.424,0.292,558.0,2.2,15.4,9.0,16.9,2.3,0.5,0.8214285714285714,11.9,0.096,27.7,38.359,3.0,1.4,4.3,0.158,4.0,-0.4,3.6,1.33,112.8,104.2,0.344,-0.72,7.9,16.5,0.475,4.9,9.5,0.519,2.9,7.0,0.415,0.295,0.4194517282479141,3.3,4.8,0.684,6.1,3.4,1.6,0.2,2.5,2.4,21.9,11.4,24.0,7.2,13.8,4.2,10.2,4.8,7.0,8.8,4.9,2.3,0.3,3.7,3.5,31.8,6.0,3.81,0.8395144500000002,0.0054545454545454,5.288280000000001,34.7,60.8,36.5,22.9,38.5,10.0,42.4,78.8,48.3667,,,,7.27027027027027,6.094594594594595,16.91216216216216,13.97972972972973,5.058378378378379,10.45608108108108,0.47950000000000004,0.9963513513513514,2.893648648648649,0.31239189189189187,2.8225675675675674,4.147297297297298,0.6342837837837838,0.8081081081081081,4.521486486486487,5.329054054054054,2.1422972972972976,0.9306756756756756,0.784054054054054,1.7677027027027028,2.1541891891891893,2013.6501901140684,,,,,,,,,,,,,,,,,,,,,0.6183206106870229,0.6641221374045801,0.9083969465648856,0.7133333333333334,0.4280821917808219,0.1679389312977099,0.074074074074074,0.0814814814814814,45.7,5.46,55.996,2.078643556767428,0.1571227524979288,,,9.5,26.0,6.0
139158,2022-23,Maxwell Lewis,SF,SG,Scorer,79.0,207.2,Pepperdine,WCC,9.0,22.0,4.71,2.0,"Jul 27, 2002",20.93,400.0,31.0,31.0,974.0,18.7,0.567,0.525,0.328,0.338,511.0,4.4,15.4,10.1,17.2,1.4,2.5,1.7948717948717947,17.9,0.148,28.2,38.393,1.7,0.8,2.4,0.1,1.8,-0.1,1.8,0.85,104.3,108.8,0.306,-4.21,7.7,16.5,0.468,5.8,11.1,0.526,1.9,5.4,0.348,0.231,0.3377041420118343,4.4,5.6,0.787,7.2,3.6,1.1,1.0,4.2,3.5,21.7,10.4,22.3,7.9,15.0,2.6,7.3,5.9,7.6,9.8,4.8,1.4,1.4,5.7,4.7,29.4,21.0,14.81,3.20994902,0.0215605749486652,4.8333466,35.3,62.9,38.6,32.1,40.8,18.4,32.6,59.5,38.9292,,,,7.27027027027027,6.094594594594595,16.91216216216216,13.97972972972973,5.058378378378379,10.45608108108108,0.47950000000000004,0.9963513513513514,2.893648648648649,0.31239189189189187,2.8225675675675674,4.147297297297298,0.6342837837837838,0.8081081081081081,4.521486486486487,5.329054054054054,2.1422972972972976,0.9306756756756756,0.784054054054054,1.7677027027027028,2.1541891891891893,2013.6501901140684,,,,,,,,,,,,,,,,,,,,,0.6793893129770993,0.5267175572519084,0.8931297709923665,0.3333333333333333,0.6061643835616438,0.6106870229007634,0.2074074074074074,0.0518518518518518,48.9,4.824,56.501,2.9623597549150857,0.1612525643804256,,,4.1,40.0,8.0
117537,2022-23,Emoni Bates,SF,SG,Scorer,80.0,179.2,Eastern Michigan,MAC,7.0,23.0,-1.88,2.0,"Jan 28, 2004",19.42,400.0,30.0,29.0,1014.0,18.6,0.528,0.484,0.482,0.308,527.0,2.3,18.1,10.0,9.2,1.2,1.8,1.44,12.2,0.11,31.1,39.007,1.6,0.2,1.8,0.07,2.3,-3.1,-0.7,0.55,102.2,115.1,0.304,-4.66,7.6,18.8,0.405,4.6,9.7,0.474,3.0,9.1,0.33,0.245,0.3917733990147782,4.5,5.8,0.782,6.8,1.7,0.9,0.6,3.0,2.7,22.8,10.8,26.8,6.6,13.9,4.3,12.9,6.5,8.2,9.7,2.4,1.2,0.9,4.3,3.8,32.4,10.0,9.45,1.5377606999999998,0.009861932938856,4.3610568,22.2,56.6,26.7,29.6,40.4,7.0,48.2,51.3,32.726,,,,7.27027027027027,6.094594594594595,16.91216216216216,13.97972972972973,5.058378378378379,10.45608108108108,0.47950000000000004,0.9963513513513514,2.893648648648649,0.31239189189189187,2.8225675675675674,4.147297297297298,0.6342837837837838,0.8081081081081081,4.521486486486487,5.329054054054054,2.1422972972972976,0.9306756756756756,0.784054054054054,1.7677027027027028,2.1541891891891893,2013.6501901140684,,,,,,,,,,,,,,,,,,,,,0.0916030534351145,0.6030534351145038,0.965648854961832,0.02,0.589041095890411,0.5038167938931297,0.0962962962962963,0.0074074074074074,36.0,3.495,53.321,2.310914544614207,0.1472156468965974,,,7.6,49.0,7.997
103926,2022-23,Jaime Jaquez Jr,SF,PF,Slasher,78.0,226.4,UCLA,Pac-12,31.0,6.0,8.66,4.0,"Feb 18, 2001",22.36,400.0,37.0,37.0,1229.0,25.7,0.543,0.511,0.192,0.249,635.0,9.0,20.3,14.6,14.6,2.8,2.2,2.464,9.9,0.083,27.9,38.48,3.8,3.3,7.1,0.23,6.7,4.0,10.7,1.3,115.2,88.9,0.337,-0.75,8.5,17.7,0.481,7.4,14.3,0.519,1.1,3.4,0.317,0.187,0.2391512770137524,3.4,4.4,0.77,9.9,2.8,1.9,0.7,2.2,2.2,21.4,12.6,26.3,11.0,21.3,1.6,5.0,5.0,6.5,14.7,4.2,2.8,1.1,3.2,3.3,31.9,17.0,7.37,1.62806248,0.0138323840520748,5.809775200000001,42.4,62.6,47.9,38.5,40.2,32.1,19.2,84.8,48.9497,2018-19,The Truth (CA),Nike 17U,9.0,8.0,10.2,18.11,6.11,12.44,0.491,0.56,2.78,0.2,5.33,7.89,0.676,0.0,7.89,7.89,1.67,1.0,0.78,2.11,4.11,2013.6501901140684,,,,,,,,,,,,,,,,,,,,,0.4764705882352941,0.4764705882352941,0.9176470588235294,0.8073394495412844,0.6952380952380952,0.3095238095238095,0.8333333333333334,0.96875,68.60000000000001,4.154,56.638,2.0335153008772315,0.1606468499860791,,,30.2,18.0,7.163
108567,2022-23,Kobe Brown,SF,PF,Slasher,79.0,252.2,Missouri,SEC,25.0,9.0,6.89,4.0,"Jan 1, 2000",23.5,400.0,34.0,34.0,1005.0,27.0,0.655,0.625,0.319,0.356,517.0,7.3,18.3,12.8,16.9,2.8,1.9,2.2638297872340427,12.0,0.095,23.6,33.703,4.1,1.2,5.3,0.213,8.0,1.0,8.9,1.54,128.5,104.4,0.29,0.13,7.7,14.0,0.553,5.7,9.5,0.598,2.0,4.5,0.455,0.299,0.3750516795865633,3.9,5.0,0.792,8.6,3.4,2.0,0.6,2.2,3.3,21.4,11.0,20.0,8.1,13.6,2.9,6.4,5.6,7.1,12.3,4.9,2.8,0.9,3.2,4.8,30.6,35.0,20.31,4.9361424,0.0348258706467661,4.8608,49.0,66.9,50.4,19.1,41.8,25.0,31.9,82.4,55.756600000000006,2018-19,Game Elite Gold (GA),Gold Gauntlet 17U,3.0,3.0,26.3,10.33,3.67,8.67,0.423,1.67,5.0,0.333,1.33,1.67,0.8,0.67,4.33,5.0,2.0,0.67,0.0,0.67,0.33,2017.0,adidas Nations,9.0,19:27,5.1,1.7,4.1,0.405,0.7,1.9,0.353,1.1,2.2,0.5,1.9,0.3,0.7,0.3,0.8,0.9,4th,0.7176470588235294,0.9176470588235294,0.7823529411764706,0.944954128440367,0.3571428571428571,0.6369047619047619,0.2916666666666667,0.7604166666666666,67.60000000000001,5.18,57.608,2.0405934385741133,0.16221301081002,/images/nba/4.2/profiles/photos/2006/Brown_Kobe_lac23.jpg,,9.6,30.0,8.0
163409,2022-23,Kris Murray,PF,SF,Stretch,80.0,212.8,Shooter,Big Ten,17.0,12.0,8.69,3.0,"Aug 19, 2000",22.86,400.0,29.0,29.0,1011.0,25.9,0.572,0.548,0.432,0.259,535.0,8.5,17.8,12.9,11.7,1.7,3.3,2.244,7.9,0.068,27.0,36.669,3.6,1.1,4.7,0.187,8.4,0.5,8.9,1.32,120.7,105.7,0.334,-0.52,8.6,18.0,0.476,6.0,10.2,0.583,2.6,7.8,0.335,0.24,0.3773663624511082,3.4,4.7,0.729,9.1,2.3,1.2,1.3,1.7,2.4,23.2,12.3,25.9,8.6,14.7,3.8,11.2,4.9,6.7,13.1,3.3,1.7,1.9,2.5,3.5,33.3,17.0,8.92,2.11915116,0.0168150346191889,6.153140699999999,41.9,66.5,43.3,14.9,35.3,33.3,43.2,86.4,60.4292,,,,7.27027027027027,6.094594594594595,16.91216216216216,13.97972972972973,5.058378378378379,10.45608108108108,0.47950000000000004,0.9963513513513514,2.893648648648649,0.31239189189189187,2.8225675675675674,4.147297297297298,0.6342837837837838,0.8081081081081081,4.521486486486487,5.329054054054054,2.1422972972972976,0.9306756756756756,0.784054054054054,1.7677027027027028,2.1541891891891893,2013.6501901140684,,,,,,,,,,,,,,,,,,,,,0.5941176470588235,0.4235294117647059,0.7823529411764706,0.7889908256880734,0.4,0.369047619047619,0.2552083333333333,0.8125,55.3,3.98,60.678,2.07579161721229,0.1572521715891791,,,12.4,23.0,6.787
135362,2022-23,Jarace Walker,PF,SF,Playmaker,79.0,248.6,Houston,AAC,32.0,4.0,4.79,1.0,"Sep 4, 2003",19.82,400.0,36.0,35.0,992.0,22.1,0.534,0.516,0.297,0.235,401.0,9.6,18.2,14.0,12.5,2.2,6.3,3.261176470588236,12.3,0.103,22.4,31.932,2.4,2.8,5.2,0.211,4.5,4.4,8.8,1.23,114.5,87.1,0.226,-1.03,6.4,13.7,0.465,5.0,9.6,0.515,1.4,4.1,0.347,0.224,0.3200590062111801,2.1,3.2,0.663,9.9,2.6,1.4,1.9,2.1,3.0,16.3,9.8,21.1,7.6,14.9,2.2,6.3,3.3,5.0,15.2,4.0,2.2,2.9,3.3,4.6,25.1,31.0,31.03,4.08702336,0.03125,2.7791231999999995,29.4,67.0,55.2,40.9,40.3,46.4,29.7,97.1,64.0451,2018-19,Team Thrill (DC),UAA 16U,4.0,0.0,8.8,0.0,0.0,2.0,0.0,0.0,1.0,0.0,0.0,0.0,0.0,0.25,0.75,1.0,0.75,0.5,0.25,0.5,1.25,2013.6501901140684,,,,,,,,,,,,,,,,,,,,,0.3647058823529411,0.5882352941176471,0.1058823529411764,0.7798165137614679,0.6238095238095238,0.4523809523809524,0.9791666666666666,0.6666666666666666,56.99999999999999,3.262,52.575,2.3523496472818493,0.1546618949350777,,,11.0,8.0,9.0
182894,2022-23,Brice Sensabaugh,PF,SF,Stretch,77.0,235.0,Ohio State,Big Ten,15.0,18.0,9.45,1.0,"Oct 30, 2003",19.67,400.0,33.0,21.0,809.0,26.4,0.587,0.554,0.361,0.244,478.0,6.2,18.9,12.8,11.0,1.3,1.7,1.4733333333333332,12.8,0.112,34.0,44.755,2.8,1.0,3.8,0.187,7.8,0.8,8.6,0.57,113.8,103.9,0.261,-5.32,9.7,20.3,0.48,6.8,13.0,0.523,3.0,7.3,0.405,0.276,0.3817362924281984,4.1,4.9,0.83,8.8,1.9,0.9,0.6,3.3,4.1,26.6,14.8,30.7,10.3,19.6,4.5,11.1,6.2,7.5,13.3,2.8,1.3,1.0,5.0,6.1,40.3,9.0,10.34,1.315248,0.0111248454882571,3.90504,21.2,57.5,40.0,42.7,49.7,17.2,36.1,85.0,46.5094,,,,7.27027027027027,6.094594594594595,16.91216216216216,13.97972972972973,5.058378378378379,10.45608108108108,0.47950000000000004,0.9963513513513514,2.893648648648649,0.31239189189189187,2.8225675675675674,4.147297297297298,0.6342837837837838,0.8081081081081081,4.521486486486487,5.329054054054054,2.1422972972972976,0.9306756756756756,0.784054054054054,1.7677027027027028,2.1541891891891893,2013.6501901140684,,,,,,,,,,,,,,,,,,,,,0.0470588235294117,0.9529411764705882,0.9294117647058824,0.2247706422018348,0.3571428571428571,0.1071428571428571,0.0625,0.8541666666666666,44.2,5.111,50.549,3.561270738239124,0.1616594834174886,,,2.9,28.0,10.003
162215,2022-23,Noah Clowney,PF,SF,Connector,81.0,210.0,Alabama,SEC,30.0,6.0,9.65,1.0,"Jul 14, 2004",18.96,400.0,36.0,36.0,915.0,18.6,0.576,0.553,0.474,0.439,336.0,8.7,21.4,15.5,5.8,1.3,3.4,1.8808510638297875,13.1,0.12,18.0,23.267,1.9,2.4,4.3,0.189,3.7,4.5,8.3,0.63,116.7,89.8,0.154,-2.68,5.4,11.1,0.486,3.9,5.8,0.669,1.5,5.2,0.283,0.208,0.3544042272126816,3.1,4.9,0.649,12.5,1.3,0.9,1.5,2.0,3.9,15.4,7.4,15.2,5.4,8.0,2.0,7.2,4.3,6.7,17.2,1.7,1.3,2.0,2.8,5.4,21.2,27.0,24.67,4.28500631,0.0295081967213114,2.6401336,43.1,70.6,59.7,9.5,50.0,33.3,47.4,94.1,73.49759999999999,,,,7.27027027027027,6.094594594594595,16.91216216216216,13.97972972972973,5.058378378378379,10.45608108108108,0.47950000000000004,0.9963513513513514,2.893648648648649,0.31239189189189187,2.8225675675675674,4.147297297297298,0.6342837837837838,0.8081081081081081,4.521486486486487,5.329054054054054,2.1422972972972976,0.9306756756756756,0.784054054054054,1.7677027027027028,2.1541891891891893,2013.6501901140684,,,,,,,,,,,,,,,,,,,,,0.8352941176470589,0.7176470588235294,0.0823529411764705,0.2752293577981651,0.7476190476190476,0.3809523809523809,0.625,0.828125,56.2,1.46,53.971,1.5630855616404644,0.11852341419976,,,13.3,21.0,8.0
132189,2022-23,Hunter Tyson,PF,SF,Stretch,80.0,215.0,Clemson,ACC,23.0,11.0,3.71,4.0,"Jun 13, 2000",23.05,400.0,34.0,34.0,1180.0,22.2,0.631,0.595,0.571,0.309,476.0,4.7,26.2,16.2,8.3,1.6,0.4,0.64,7.8,0.066,20.1,25.673,3.8,2.3,6.0,0.205,6.1,2.0,8.1,1.43,126.7,96.9,0.247,-0.14,5.8,12.2,0.479,3.0,5.2,0.578,2.8,6.9,0.405,0.318,0.4738831967213114,3.2,3.8,0.838,11.0,1.7,1.1,0.1,1.2,2.0,17.6,8.6,17.9,4.4,7.7,4.1,10.2,4.6,5.5,16.2,2.5,1.6,0.2,1.7,3.0,25.9,18.0,21.65,2.7506325,0.0152542372881355,2.274195,23.1,72.3,45.0,19.8,40.8,20.7,57.1,89.2,65.4268,,,,7.27027027027027,6.094594594594595,16.91216216216216,13.97972972972973,5.058378378378379,10.45608108108108,0.47950000000000004,0.9963513513513514,2.893648648648649,0.31239189189189187,2.8225675675675674,4.147297297297298,0.6342837837837838,0.8081081081081081,4.521486486486487,5.329054054054054,2.1422972972972976,0.9306756756756756,0.784054054054054,1.7677027027027028,2.1541891891891893,2019.0,Universiade,6.0,17:27,8.3,2.5,6.0,0.417,2.0,4.7,0.429,1.3,1.8,0.727,3.8,0.5,1.2,0.3,0.5,1.5,Gold,0.5176470588235295,0.9411764705882352,0.3176470588235294,0.7522935779816514,0.8142857142857143,0.1845238095238095,0.21875,0.46875,52.7,2.486,57.696,1.0791715432203457,0.1417347583791151,,,3.0,37.0,6.183
149561,2022-23,Taylor Hendricks,PF,SF,Stretch,81.0,213.6,Central Florida,AAC,19.0,15.0,5.09,1.0,"Nov 22, 2003",19.6,400.0,34.0,34.0,1179.0,22.5,0.589,0.557,0.403,0.286,474.0,8.1,16.2,12.1,8.6,1.6,6.2,2.543589743589744,9.9,0.088,21.2,28.371,3.5,2.2,5.7,0.195,5.4,2.5,7.9,0.96,122.5,97.2,0.271,-1.52,6.2,13.1,0.478,4.2,7.8,0.535,2.1,5.3,0.394,0.276,0.3984491844416561,2.9,3.7,0.782,8.0,1.6,1.1,2.0,1.6,2.3,17.5,9.4,19.8,6.3,11.8,3.1,8.0,4.4,5.6,12.2,2.4,1.6,3.0,2.5,3.5,26.4,36.0,26.79,4.93182468,0.0305343511450381,3.6450215999999993,34.8,65.9,47.1,25.3,37.2,54.3,39.9,84.7,63.92399999999999,,,,7.27027027027027,6.094594594594595,16.91216216216216,13.97972972972973,5.058378378378379,10.45608108108108,0.47950000000000004,0.9963513513513514,2.893648648648649,0.31239189189189187,2.8225675675675674,4.147297297297298,0.6342837837837838,0.8081081081081081,4.521486486486487,5.329054054054054,2.1422972972972976,0.9306756756756756,0.784054054054054,1.7677027027027028,2.1541891891891893,2013.6501901140684,,,,,,,,,,,,,,,,,,,,,0.4235294117647059,0.7411764705882353,0.2705882352941176,0.5412844036697247,0.2904761904761905,0.6785714285714286,0.6875,0.4583333333333333,51.1,2.528,55.032,2.207903830521529,0.1460425380455268,,,14.0,9.0,16.0
133189,2022-23,Andre Jackson,SF,PF,Slasher,78.0,198.4,Connecticut,Big East,28.0,8.0,8.51,3.0,"Nov 13, 2001",21.63,400.0,36.0,31.0,1048.0,15.0,0.509,0.491,0.418,0.225,328.0,7.6,16.7,12.3,26.6,2.2,1.8,1.98,23.1,0.15,14.4,26.747,1.8,2.3,4.0,0.154,2.8,5.1,7.9,2.38,112.8,94.3,0.263,4.0,3.5,8.1,0.432,2.6,4.7,0.54,1.0,3.4,0.281,0.197,0.3360743919885551,1.2,1.8,0.646,8.5,6.5,1.5,0.7,2.7,3.9,9.2,5.1,11.9,3.7,6.9,1.4,5.0,1.7,2.7,12.5,9.4,2.2,1.0,4.0,5.6,13.4,29.0,35.96,4.7280208,0.0276717557251908,1.564612,38.0,64.2,65.4,20.2,34.9,46.7,41.8,84.0,69.3974,2018-19,,Nike 17U,9.0,2.0,5.9,2.89,1.11,1.89,0.588,0.11,0.22,0.5,0.56,1.56,0.357,0.0,2.22,2.22,0.56,0.33,0.11,0.67,0.56,2018.0,Albert Schweitzer Tournament,7.0,27:13,7.9,2.3,6.9,0.333,0.1,0.4,0.333,3.1,5.4,0.579,7.9,3.3,2.0,0.6,2.0,1.7,7th,0.4470588235294118,0.188235294117647,0.2823529411764706,1.0,0.3047619047619048,0.0892857142857142,0.59375,0.5520833333333334,43.2,3.649,46.035,2.036936052114742,0.1532975391844672,,,11.4,36.0,12.0
140024,2022-23,Jalen Slawson,PF,SF,Playmaker,79.0,221.6,Furman,Southern,28.0,8.0,-2.9,4.0,"Oct 22, 1999",23.69,400.0,36.0,36.0,1104.0,26.8,0.654,0.615,0.3,0.499,560.0,6.9,20.2,13.6,19.9,2.9,5.3,3.7487804878048783,17.8,0.138,24.0,35.519,3.9,2.2,6.1,0.22,4.8,2.8,7.6,1.24,122.1,96.6,0.303,-1.47,7.0,12.6,0.556,5.5,8.8,0.626,1.5,3.8,0.394,0.254,0.3406340057636888,4.9,6.3,0.775,9.2,4.2,2.0,2.0,3.4,3.7,20.3,10.1,18.1,7.9,12.7,2.1,5.4,7.0,9.0,13.3,6.0,2.9,2.9,4.9,5.3,29.3,43.0,25.18,5.8355153600000005,0.0389492753623188,4.194711200000001,49.1,71.9,52.8,20.7,40.3,10.3,30.2,90.2,55.29730000000001,,,,7.27027027027027,6.094594594594595,16.91216216216216,13.97972972972973,5.058378378378379,10.45608108108108,0.47950000000000004,0.9963513513513514,2.893648648648649,0.31239189189189187,2.8225675675675674,4.147297297297298,0.6342837837837838,0.8081081081081081,4.521486486486487,5.329054054054054,2.1422972972972976,0.9306756756756756,0.784054054054054,1.7677027027027028,2.1541891891891893,2013.6501901140684,,,,,,,,,,,,,,,,,,,,,0.9294117647058824,0.8,0.8352941176470589,0.8440366972477065,0.5571428571428572,0.9166666666666666,0.8020833333333334,0.4166666666666667,76.3,5.677,59.453,1.550808091417584,0.1582108522909328,/images/nba/4.2/profiles/photos/2006/Slawson_Jalen_sac23.jpg,,3.7,54.0,8.0
117480,2022-23,Jalen Wilson,SF,PF,Scorer,78.0,230.2,Kansas,Big 12,28.0,8.0,11.84,3.0,"Nov 4, 2000",22.65,400.0,36.0,36.0,1274.0,21.0,0.54,0.49,0.362,0.346,667.0,5.2,20.8,13.3,12.5,1.5,1.4,1.4482758620689655,11.1,0.097,29.7,38.989,2.9,2.4,5.3,0.168,5.4,1.9,7.3,0.94,108.7,97.4,0.325,-2.39,7.8,18.1,0.43,5.6,11.5,0.482,2.2,6.5,0.337,0.229,0.3490529327610873,5.0,6.2,0.799,9.3,2.5,1.1,0.5,2.6,2.4,22.7,11.1,25.7,7.9,16.4,3.1,9.3,7.1,8.9,13.3,3.5,1.5,0.8,3.8,3.4,32.4,0.0,0.0,0.0,0.0,5.4941203,31.3,56.1,31.7,32.5,40.6,27.6,36.2,78.6,47.3453,2018-19,Team YGC36 (TX),Gold Gauntlet 17U,4.0,4.0,28.8,22.75,7.75,18.25,0.425,2.25,7.75,0.29,5.0,5.5,0.909,3.0,4.0,7.0,2.75,0.5,0.0,2.25,1.5,2017.0,adidas Nations,5.0,16:48,5.8,1.4,4.0,0.35,0.2,1.4,0.143,2.8,4.2,0.667,3.8,0.4,0.4,0.2,0.6,1.2,7th,0.1294117647058823,0.7647058823529411,0.976470588235294,0.6146788990825688,0.4904761904761904,0.25,0.2395833333333333,0.7291666666666666,52.400000000000006,4.122,53.457,2.0613519753433978,0.157966220675492,,,9.5,51.0,5.0
108765,2022-23,Toumani Camara,SF,PF,Slasher,79.0,220.4,Dayton,A-10,22.0,12.0,1.09,4.0,"May 8, 2000",23.15,400.0,34.0,34.0,1019.0,25.0,0.609,0.59,0.245,0.408,446.0,10.2,23.2,17.3,13.4,2.6,3.2,2.86896551724138,15.4,0.131,24.8,33.523,2.8,2.7,5.5,0.216,4.0,3.1,7.1,0.83,115.3,89.5,0.285,-3.36,7.0,12.8,0.546,5.8,9.7,0.606,1.1,3.1,0.363,0.223,0.2925493421052631,3.5,5.2,0.669,11.5,2.3,1.6,1.1,2.8,3.5,18.6,11.0,20.1,9.2,15.2,1.8,4.9,5.5,8.2,18.2,3.6,2.6,1.7,4.4,5.5,29.3,38.0,23.45,5.02315415,0.0372914622178606,4.3055607,49.7,71.6,56.9,25.8,39.3,39.4,24.5,96.6,62.11149999999999,2018-19,Team Knight (FL),Gold Gauntlet 17U,4.0,3.0,19.5,6.5,2.75,6.5,0.423,0.0,1.0,0.0,1.0,1.75,0.571,1.0,0.5,1.5,0.75,0.0,0.5,0.75,2.0,2016.0,U16 Euro Championship B,8.0,11:19,2.4,0.9,3.1,0.28,0.0,0.2,0.0,0.6,1.2,0.5,2.9,0.5,0.6,0.3,1.4,1.6,7th,0.9411764705882352,0.5117647058823529,0.3058823529411765,0.4495412844036697,0.8952380952380953,0.75,0.90625,0.3958333333333333,64.4,3.797,58.987,1.368274105811306,0.1543872064912526,,,24.3,52.0,7.0
176080,2022-23,Cam Whitmore,PF,SF,Stretch,79.0,235.0,Villanova,Big East,15.0,11.0,8.69,1.0,"Jul 8, 2004",18.98,400.0,26.0,20.0,709.0,20.5,0.571,0.551,0.424,0.251,288.0,3.7,20.3,12.1,6.4,3.2,1.6,2.1333333333333333,12.8,0.116,25.6,31.048,1.1,1.2,2.3,0.13,3.7,2.5,6.2,0.45,105.4,100.0,0.227,-4.34,6.9,14.4,0.478,4.8,8.3,0.578,2.1,6.1,0.343,0.244,0.3792229465449804,2.5,3.6,0.703,7.8,1.1,2.1,0.5,2.4,2.5,18.4,10.6,22.1,7.4,12.8,3.2,9.4,3.9,5.6,12.0,1.6,3.2,0.8,3.6,3.8,28.3,28.0,23.85,7.076295000000001,0.0394922425952045,6.55707,46.0,66.1,35.5,12.0,26.7,50.0,42.0,54.3,45.136,,,,7.27027027027027,6.094594594594595,16.91216216216216,13.97972972972973,5.058378378378379,10.45608108108108,0.47950000000000004,0.9963513513513514,2.893648648648649,0.31239189189189187,2.8225675675675674,4.147297297297298,0.6342837837837838,0.8081081081081081,4.521486486486487,5.329054054054054,2.1422972972972976,0.9306756756756756,0.784054054054054,1.7677027027027028,2.1541891891891893,2022.0,U18 Americas Championship,6.0,17:25,18.7,7.7,12.2,0.63,1.7,3.7,0.455,1.7,2.7,0.625,6.3,1.7,0.8,0.5,1.7,0.7,-,0.6470588235294118,0.2176470588235294,0.3411764705882353,0.073394495412844,0.2904761904761905,0.5773809523809523,0.34375,0.3541666666666667,35.6,2.355,62.336,2.102740729723311,0.1380556462343511,,,15.5,20.0,11.0
151494,2022-23,Jordan Walsh,PF,SF,Connector,78.0,204.0,Arkansas,SEC,22.0,14.0,9.87,1.0,"Mar 3, 2004",19.32,400.0,36.0,22.0,878.0,12.8,0.513,0.479,0.332,0.304,253.0,5.8,12.9,9.4,6.7,2.6,2.0,2.260869565217392,13.0,0.116,16.2,20.7,1.0,1.6,2.5,0.115,0.5,3.3,3.8,0.89,105.7,98.2,0.132,-1.66,4.3,9.9,0.433,3.4,6.6,0.51,0.9,3.3,0.278,0.183,0.3026098360655738,2.1,3.0,0.712,6.4,1.5,1.8,0.8,1.7,4.8,11.6,6.1,14.1,4.8,9.4,1.3,4.7,3.0,4.3,9.1,2.1,2.6,1.1,2.4,6.8,16.5,17.0,18.45,4.5528696,0.0193621867881549,3.4794287999999995,42.4,59.8,41.8,24.4,35.8,42.1,33.2,90.0,57.8756,,,,7.27027027027027,6.094594594594595,16.91216216216216,13.97972972972973,5.058378378378379,10.45608108108108,0.47950000000000004,0.9963513513513514,2.893648648648649,0.31239189189189187,2.8225675675675674,4.147297297297298,0.6342837837837838,0.8081081081081081,4.521486486486487,5.329054054054054,2.1422972972972976,0.9306756756756756,0.784054054054054,1.7677027027027028,2.1541891891891893,2013.6501901140684,,,,,,,,,,,,,,,,,,,,,0.3294117647058823,0.2352941176470588,0.0705882352941176,0.4862385321100917,0.0619047619047619,0.4642857142857143,0.53125,0.3177083333333333,31.2,1.026,51.235,0.8309240315546489,0.0847039281195671,,,3.1,38.0,8.0
182761,2022-23,GG Jackson,PF,SF,Stretch,81.0,214.4,South Carolina,SEC,11.0,21.0,6.0,1.0,"Dec 17, 2004",18.53,400.0,32.0,29.0,1021.0,14.9,0.474,0.444,0.369,0.269,444.0,5.4,17.0,10.9,6.6,1.4,2.8,1.8666666666666667,14.2,0.132,30.8,39.317,0.3,0.7,1.0,0.04,1.2,-1.3,-0.1,0.31,93.3,109.8,0.274,-7.02,6.9,18.1,0.384,4.8,11.4,0.419,2.2,6.7,0.324,0.222,0.345038961038961,3.3,4.9,0.677,7.4,1.1,0.9,1.0,3.4,1.9,19.3,10.6,27.7,7.3,17.5,3.3,10.2,5.1,7.5,11.4,1.6,1.4,1.6,5.2,2.9,29.6,30.686006825938566,15.009430740037951,2.9829716233870966,0.02069915056853778,4.661217499999999,26.5,60.7,36.5,36.7,28.4,14.6,36.9,67.3,39.8644,,,,7.27027027027027,6.094594594594595,16.91216216216216,13.97972972972973,5.058378378378379,10.45608108108108,0.47950000000000004,0.9963513513513514,2.893648648648649,0.31239189189189187,2.8225675675675674,4.147297297297298,0.6342837837837838,0.8081081081081081,4.521486486486487,5.329054054054054,2.1422972972972976,0.9306756756756756,0.784054054054054,1.7677027027027028,2.1541891891891893,2022.0,U18 Americas Championship,2.0,17:17,14.0,5.5,8.5,0.647,0.0,1.0,0.0,3.0,3.5,0.857,8.0,2.5,1.5,1.5,0.0,1.0,-,0.1176470588235294,0.1411764705882353,0.9647058823529412,0.0091743119266055,0.1809523809523809,0.5047438330170778,0.0833333333333333,0.0625,50.656831119544584,2.681,54.93,2.733343780200269,0.4222586159734392,,,13.5,45.0,10.0
120959,2022-23,Azuolas Tubelis,PF,,Scorer,82.0,234.8,Arizona,Pac-12,28.0,7.0,8.34,3.0,"Mar 22, 2002",21.27,400.0,35.0,34.0,1054.0,28.1,0.614,0.58,0.067,0.37,636.0,10.7,21.8,16.7,14.1,2.1,2.3,2.1954545454545453,12.9,0.112,29.8,39.36,3.9,2.2,6.2,0.235,6.8,2.9,9.7,0.83,119.0,94.8,0.336,-3.33,10.4,18.3,0.57,10.0,17.0,0.588,0.4,1.2,0.313,0.119,0.1103736842105263,5.2,6.8,0.764,12.1,2.7,1.5,0.9,3.2,3.7,26.3,14.3,25.1,13.8,23.4,0.5,1.7,7.1,9.3,16.7,3.7,2.1,1.3,4.4,5.1,36.2,22.0,7.84,1.3734268799999998,0.0208728652751423,4.3970682,58.2,68.9,69.9,35.1,42.0,57.7,6.7,100.0,67.6345,,,,7.27027027027027,6.094594594594595,16.91216216216216,13.97972972972973,5.058378378378379,10.45608108108108,0.47950000000000004,0.9963513513513514,2.893648648648649,0.31239189189189187,2.8225675675675674,4.147297297297298,0.6342837837837838,0.8081081081081081,4.521486486486487,5.329054054054054,2.1422972972972976,0.9306756756756756,0.784054054054054,1.7677027027027028,2.1541891891891893,2022.0,U20 Euro Championship A,28.0,23:14,12.6,5.1,11.4,0.45,0.4,2.1,0.203,2.0,4.0,0.5,9.0,2.0,1.2,1.8,2.3,2.1,Silver,0.7620481927710844,0.6114457831325302,0.5331325301204819,0.6519607843137255,0.665,0.1204819277108433,0.489010989010989,0.8626373626373627,58.7,4.186,57.843,3.3699641822176107,0.1619039531359378,,,0.0,100.0,6.975
126857,2022-23,Trayce Jackson-Davis,PF,C,Playmaker,81.0,240.4,Indiana,Big Ten,20.0,12.0,8.88,4.0,"Feb 22, 2000",23.35,400.0,32.0,32.0,1105.0,34.2,0.608,0.581,0.0,0.466,679.0,10.1,24.8,18.0,24.8,1.4,9.0,2.423076923076924,12.8,0.105,29.4,40.984,4.8,2.4,7.2,0.261,10.5,5.5,16.0,1.59,121.9,94.1,0.436,0.37,9.5,16.3,0.581,9.5,16.3,0.581,0.0,0.0,0.336886345053148,0.0,0.304918606883362,5.3,7.6,0.695,12.5,4.7,1.0,3.3,2.9,2.0,24.3,13.9,23.9,13.9,23.9,0.0,0.0,7.7,11.1,18.3,6.8,1.4,4.9,4.3,2.9,35.5,74.0,21.82,8.06735586,0.0669683257918552,8.836379699999998,75.3,65.5,50.9,24.7,36.0,42.5,0.0,0.0,48.8252,2018-19,Spiece Indy Heat (IN),Nike 17U,10.0,10.0,15.8,19.1,7.8,13.2,0.591,0.7,0.9,0.778,2.8,4.4,0.636,0.0,7.1,7.1,1.8,0.7,2.2,1.1,1.9,2018.0,U18 Americas Championship,6.0,11:32,6.8,3.2,3.7,0.864,0.0,0.0,0.0,0.5,1.0,0.5,3.5,0.8,0.3,1.2,0.5,0.7,Gold,0.7209302325581395,0.1627906976744186,1.0,1.0,0.6868686868686869,0.8488372093023255,0.4943820224719101,0.9438202247191012,73.2,3.916,64.649,1.971958742380423,0.1586113955437799,,,14.5,57.0,17.0
117422,2022-23,Oscar Tshiebwe,C,PF,Rebounder,80.0,253.6,Kentucky,SEC,20.0,12.0,8.08,4.0,"Nov 27, 1999",23.59,400.0,32.0,30.0,1075.0,30.9,0.603,0.56,0.006,0.54,538.0,19.5,27.9,23.6,9.4,2.9,3.3,3.0870967741935487,12.9,0.114,23.2,31.521,4.4,2.3,6.6,0.246,8.2,2.3,10.5,0.77,126.8,94.9,0.283,-3.03,7.3,12.9,0.56,7.3,12.9,0.564,0.0,0.1,0.0,0.0,0.0,5.1,7.0,0.729,16.3,1.9,1.9,1.2,2.4,3.5,19.6,10.9,19.4,10.9,19.3,0.0,0.1,7.6,10.5,24.3,2.8,2.9,1.8,3.6,5.2,29.4,43.0,19.97,5.65502472,0.04,5.4936144,62.1,69.0,54.4,37.4,35.4,67.4,0.6,0.0,58.99000000000001,2018-19,,Gold Gauntlet 17U,2.0,2.0,26.0,16.5,6.0,11.0,0.545,0.0,0.0,0.0,4.5,8.0,0.563,5.0,2.5,7.5,1.0,0.5,0.0,1.5,1.5,2017.0,adidas Nations,5.0,21:48,9.8,3.6,6.0,0.6,0.0,0.0,0.0,2.6,3.2,0.812,6.8,0.6,0.6,0.2,0.6,1.6,4th,0.6395348837209303,0.1860465116279069,0.6162790697674418,0.6565656565656566,1.0,0.9302325581395348,0.6741573033707865,0.8089887640449438,68.89999999999999,2.52,60.059,1.0852436673676733,0.1439182099020385,/images/nba/4.2/profiles/photos/2006/Tshiebwe_Oscar_ind23.jpg,,5.7,100.0,7.0
117478,2022-23,Drew Timme,PF,C,Scorer,82.0,243.2,Gonzaga,WCC,31.0,6.0,8.04,4.0,"Sep 9, 2000",22.81,400.0,37.0,37.0,1167.0,30.6,0.628,0.62,0.047,0.486,771.0,9.9,17.6,13.9,19.2,1.1,3.3,1.65,13.3,0.111,30.2,41.462,5.5,1.5,7.0,0.24,8.1,1.5,9.6,1.24,124.0,103.4,0.364,-1.36,10.7,17.4,0.616,10.6,16.6,0.638,0.1,0.8,0.167,0.046,0.0733551401869158,5.3,8.5,0.632,9.6,4.1,0.8,1.2,3.3,2.8,26.9,14.9,24.2,14.7,23.1,0.2,1.1,7.4,11.8,13.3,5.7,1.1,1.7,4.6,4.0,37.5,21.0,6.79,2.45625534,0.0179948586118251,8.754253199999999,60.9,73.1,40.6,34.2,46.1,46.8,4.9,75.0,44.406,2018-19,Drive Nation (TX),Nike 17U,9.0,7.0,4.1,15.22,6.67,10.78,0.619,0.0,0.44,0.0,1.89,3.22,0.586,0.0,7.22,7.22,1.56,1.22,1.22,1.0,2.89,2013.6501901140684,,,,,,,,,,,,,,,,,,,,,0.8255813953488372,0.6627906976744186,0.8837209302325582,0.9545454545454546,0.1666666666666666,0.4651162790697674,0.0786516853932584,0.7640449438202247,60.0,4.469,70.504,2.6724329910579434,0.161356331852479,/images/nba/4.2/profiles/photos/2006/Timme_Drew_mil23.jpg,,0.0,100.0,6.333
160946,2022-23,Mouhamed Gueye,PF,C,Energy,82.0,212.6,Washington State,Pac-12,17.0,16.0,7.91,2.0,"Nov 9, 2002",20.64,400.0,33.0,33.0,1058.0,21.5,0.532,0.503,0.105,0.346,483.0,12.2,19.3,15.7,14.0,1.6,2.8,2.036363636363636,14.8,0.128,26.0,35.025,2.3,1.7,4.0,0.152,3.6,1.6,5.1,0.81,108.8,100.1,0.316,-3.51,7.0,14.4,0.488,6.6,12.9,0.513,0.4,1.5,0.275,0.127,0.1519736842105263,3.4,5.0,0.674,10.4,2.3,1.0,1.1,2.9,3.5,17.8,10.9,22.2,10.2,19.9,0.6,2.3,5.2,7.7,16.1,3.6,1.6,1.6,4.5,5.4,27.5,40.0,21.17,5.848678240000002,0.0378071833648393,6.1332384,49.6,64.6,44.3,39.9,34.9,20.8,10.5,81.8,38.861,,,,7.27027027027027,6.094594594594595,16.91216216216216,13.97972972972973,5.058378378378379,10.45608108108108,0.47950000000000004,0.9963513513513514,2.893648648648649,0.31239189189189187,2.8225675675675674,4.147297297297298,0.6342837837837838,0.8081081081081081,4.521486486486487,5.329054054054054,2.1422972972972976,0.9306756756756756,0.784054054054054,1.7677027027027028,2.1541891891891893,2013.6501901140684,,,,,,,,,,,,,,,,,,,,,0.2558139534883721,0.3023255813953488,0.9186046511627908,0.6717171717171717,0.3535353535353535,0.5465116279069767,0.2134831460674157,0.1629213483146067,42.8,3.129,59.092,2.7461139618426307,0.1509931681372579,,,2.2,39.0,9.0
133797,2022-23,Olivier Maxence Prosper,PF,C,Connector,79.0,212.4,Marquette,Big East,29.0,7.0,8.01,3.0,"Jul 3, 2002",20.99,400.0,36.0,36.0,1049.0,17.9,0.617,0.578,0.392,0.515,412.0,7.0,12.3,9.7,3.9,1.8,0.5,0.782608695652174,12.1,0.113,20.3,24.721,2.7,1.3,4.0,0.152,2.9,0.3,3.2,0.48,119.2,104.2,0.165,-3.21,5.7,11.2,0.512,4.2,6.8,0.624,1.5,4.4,0.339,0.235,0.363578659370725,4.2,5.8,0.735,6.4,0.9,1.3,0.2,1.9,3.2,17.2,8.3,16.1,6.1,9.8,2.1,6.3,6.1,8.3,9.2,1.3,1.8,0.3,2.8,4.6,24.8,38.0,26.14,4.580512200000001,0.0362249761677788,2.821203000000001,49.5,68.3,64.6,11.3,36.4,33.3,39.2,100.0,74.9399,,,,7.27027027027027,6.094594594594595,16.91216216216216,13.97972972972973,5.058378378378379,10.45608108108108,0.47950000000000004,0.9963513513513514,2.893648648648649,0.31239189189189187,2.8225675675675674,4.147297297297298,0.6342837837837838,0.8081081081081081,4.521486486486487,5.329054054054054,2.1422972972972976,0.9306756756756756,0.784054054054054,1.7677027027027028,2.1541891891891893,2021.0,U19 World Cup,7.0,20:51,6.4,2.3,6.1,0.372,0.6,2.1,0.267,1.3,1.9,0.692,4.1,1.7,0.3,0.1,0.4,1.4,Bronze,0.4069767441860465,0.6337209302325582,0.2151162790697674,0.3232323232323232,0.0101010101010101,0.2383720930232558,0.0112359550561797,0.1348314606741573,24.7,1.669,52.37,1.114136591710713,0.1139151109253971,,,9.1,24.0,8.0
137251,2022-23,Adama Sanogo,C,,Stretch,81.0,257.8,Connecticut,Big East,31.0,8.0,8.51,3.0,"Feb 12, 2002",21.38,400.0,39.0,39.0,1035.0,30.0,0.648,0.627,0.114,0.28,571.0,11.7,21.4,16.6,11.1,1.5,3.2,2.042553191489362,12.7,0.11,28.1,38.301,4.3,2.4,6.7,0.259,7.8,3.2,11.0,0.65,125.1,93.0,0.303,-3.95,10.7,17.7,0.606,10.0,15.7,0.637,0.7,2.0,0.365,0.184,0.1737369519832985,3.8,4.9,0.766,11.6,1.9,1.0,1.2,2.9,4.0,25.9,15.7,25.8,14.6,22.9,1.1,2.9,5.5,7.2,16.9,2.8,1.5,1.8,4.2,5.9,37.9,28.0,10.54,2.3535819999999994,0.0270531400966183,5.76114,58.0,75.5,61.5,30.6,41.4,39.7,11.4,100.0,59.2182,,,,7.27027027027027,6.094594594594595,16.91216216216216,13.97972972972973,5.058378378378379,10.45608108108108,0.47950000000000004,0.9963513513513514,2.893648648648649,0.31239189189189187,2.8225675675675674,4.147297297297298,0.6342837837837838,0.8081081081081081,4.521486486486487,5.329054054054054,2.1422972972972976,0.9306756756756756,0.784054054054054,1.7677027027027028,2.1541891891891893,2018.0,U17 World Cup,4.0,18:01,6.0,2.5,6.8,0.37,0.2,0.8,0.333,0.8,0.8,1.0,7.0,0.8,0.3,1.0,1.8,2.8,12th,0.668918918918919,0.9324324324324323,0.8648648648648649,0.7647058823529411,0.4166666666666667,0.1232876712328767,0.6216216216216216,0.9054054054054054,66.2,4.241,65.07,3.1436041902484853,0.162909727807504,/images/nba/4.2/profiles/photos/2006/Sanogo_Adama_chi23.jpg,,3.5,100.0,12.998
150098,2022-23,Dereck Lively II,C,,Play Finisher,85.0,230.0,Duke,ACC,26.0,8.0,7.44,1.0,"Feb 12, 2004",19.38,2.0,34.0,27.0,700.0,22.6,0.662,0.667,0.111,0.299,191.0,12.4,17.8,15.2,9.8,1.5,12.7,2.683098591549296,14.7,0.119,11.6,16.769,1.8,1.7,3.5,0.201,2.5,6.8,9.3,1.61,133.9,91.1,0.129,0.25,4.4,6.7,0.658,4.3,5.9,0.721,0.1,0.7,0.154,0.047,0.1290113207547169,1.2,2.0,0.6,10.5,2.1,1.0,4.7,1.3,5.3,10.1,6.7,10.2,6.5,9.1,0.2,1.1,1.8,3.1,16.0,3.2,1.5,7.2,2.0,8.0,15.4,54.0,56.58,12.803601359999998,0.0771428571428571,2.3081784,81.4,75.0,72.2,7.6,33.3,100.0,11.0,100.0,77.3708,,,,7.27027027027027,6.094594594594595,16.91216216216216,13.97972972972973,5.058378378378379,10.45608108108108,0.47950000000000004,0.9963513513513514,2.893648648648649,0.31239189189189187,2.8225675675675674,4.147297297297298,0.6342837837837838,0.8081081081081081,4.521486486486487,5.329054054054054,2.1422972972972976,0.9306756756756756,0.784054054054054,1.7677027027027028,2.1541891891891893,2013.6501901140684,,,,,,,,,,,,,,,,,,,,,0.8918918918918919,0.527027027027027,0.0135135135135135,0.976470588235294,0.2559523809523809,0.3013698630136986,0.7702702702702703,0.5135135135135135,53.1,1.126,54.65,1.389086650625479,0.172225036359396,,,25.3,12.0,19.593
119490,2022-23,Charles Bediako,C,PF,Rebounder,84.0,225.0,Alabama,SEC,31.0,6.0,9.65,2.0,"Mar 10, 2002",21.31,400.0,37.0,37.0,766.0,20.7,0.615,0.659,0.037,0.378,247.0,14.1,14.7,14.4,5.8,1.7,7.9,2.7979166666666666,13.4,0.122,13.6,17.962,1.8,2.0,3.8,0.196,2.7,6.2,8.9,0.8,124.7,89.6,0.129,-1.71,5.6,8.6,0.659,5.6,8.3,0.684,0.0,0.3,0.0,0.0,0.0,1.1,3.2,0.355,11.6,1.3,1.2,3.5,1.6,5.8,12.4,7.8,11.8,7.8,11.4,0.0,0.4,1.6,4.5,16.0,1.7,1.7,4.8,2.2,8.1,17.1,45.0,30.29,6.639143939999999,0.0587467362924282,2.5863948,90.2,72.3,75.7,6.1,10.0,100.0,3.7,0.0,74.3814,,,,7.27027027027027,6.094594594594595,16.91216216216216,13.97972972972973,5.058378378378379,10.45608108108108,0.47950000000000004,0.9963513513513514,2.893648648648649,0.31239189189189187,2.8225675675675674,4.147297297297298,0.6342837837837838,0.8081081081081081,4.521486486486487,5.329054054054054,2.1422972972972976,0.9306756756756756,0.784054054054054,1.7677027027027028,2.1541891891891893,2021.0,U19 World Cup,32.0,13:33,4.4,1.5,2.5,0.588,0.1,0.1,0.666,1.4,2.4,0.597,3.2,0.4,0.3,0.7,0.8,2.1,Bronze,1.0,1.0,1.0,1.0,1.0,1.0,1.0,1.0,100.0,0.989,54.292,2.0496860881818213,0.4222586159734392,/images/nba/4.2/profiles/photos/2006/Bediako_Charles_sas23.jpg,,0.0,100.0,9.0
